window_id,dataset,subject_id,trial_id,activity,true_fall,pred_fall,fall_prob,true_direction,pred_direction,direction_confidence,split,experiment_id
w25_00000595,bits,user17,user17_adl1,walking_slowly,non_fall,non_fall,0.005980214569717646,none,backward,0.6924736499786377,test,E1_BITS_TO_BITS
w25_00000596,bits,user17,user17_adl1,walking_slowly,non_fall,non_fall,0.03633410111069679,none,backward,0.8106556534767151,test,E1_BITS_TO_BITS
w25_00000597,bits,user17,user17_adl1,walking_slowly,non_fall,non_fall,0.07505681365728378,none,backward,0.8628920912742615,test,E1_BITS_TO_BITS
w25_00000598,bits,user17,user17_adl1,walking_slowly,non_fall,non_fall,0.09703727066516876,none,backward,0.867664098739624,test,E1_BITS_TO_BITS
w25_00000599,bits,user17,user17_adl1,walking_slowly,non_fall,non_fall,0.019382135942578316,none,backward,0.8298153281211853,test,E1_BITS_TO_BITS
w25_00000600,bits,user17,user17_adl10,rapidly_sitting_on_chair,non_fall,non_fall,0.0005171772791072726,none,backward,0.7729583978652954,test,E1_BITS_TO_BITS
w25_00000601,bits,user17,user17_adl10,rapidly_sitting_on_chair,non_fall,non_fall,0.002659326419234276,none,backward,0.7922458648681641,test,E1_BITS_TO_BITS
w25_00000602,bits,user17,user17_adl10,rapidly_sitting_on_chair,non_fall,non_fall,1.1806399925262667e-05,none,lateral,0.4650067389011383,test,E1_BITS_TO_BITS
w25_00000603,bits,user17,user17_adl10,rapidly_sitting_on_chair,non_fall,non_fall,2.950383714050986e-05,none,lateral,0.5374903082847595,test,E1_BITS_TO_BITS
w25_00000604,bits,user17,user17_adl10,rapidly_sitting_on_chair,non_fall,non_fall,2.853840123862028e-05,none,lateral,0.4788828492164612,test,E1_BITS_TO_BITS
w25_00000605,bits,user17,user17_adl11,nearly_sitting_and_getting_up,non_fall,non_fall,0.0007029414409771562,none,backward,0.7660731077194214,test,E1_BITS_TO_BITS
w25_00000606,bits,user17,user17_adl11,nearly_sitting_and_getting_up,non_fall,non_fall,0.0005777596379630268,none,backward,0.7718189358711243,test,E1_BITS_TO_BITS
w25_00000607,bits,user17,user17_adl11,nearly_sitting_and_getting_up,non_fall,non_fall,0.00048555652028881013,none,backward,0.7792187929153442,test,E1_BITS_TO_BITS
w25_00000608,bits,user17,user17_adl11,nearly_sitting_and_getting_up,non_fall,non_fall,0.00040608676499687135,none,backward,0.7844953536987305,test,E1_BITS_TO_BITS
w25_00000609,bits,user17,user17_adl11,nearly_sitting_and_getting_up,non_fall,non_fall,0.0003841787111014128,none,backward,0.7880158424377441,test,E1_BITS_TO_BITS
w25_00000610,bits,user17,user17_adl12,swinging_hands,non_fall,non_fall,0.006509413477033377,none,backward,0.9064831733703613,test,E1_BITS_TO_BITS
w25_00000611,bits,user17,user17_adl12,swinging_hands,non_fall,non_fall,0.04853195697069168,none,backward,0.8584805727005005,test,E1_BITS_TO_BITS
w25_00000612,bits,user17,user17_adl12,swinging_hands,non_fall,non_fall,0.22291606664657593,none,backward,0.7377984523773193,test,E1_BITS_TO_BITS
w25_00000613,bits,user17,user17_adl12,swinging_hands,non_fall,non_fall,0.31453168392181396,none,backward,0.8739856481552124,test,E1_BITS_TO_BITS
w25_00000614,bits,user17,user17_adl12,swinging_hands,non_fall,non_fall,0.228155717253685,none,backward,0.9086565375328064,test,E1_BITS_TO_BITS
w25_00000615,bits,user17,user17_adl13,lying_on_bed,non_fall,non_fall,0.00030330580193549395,none,backward,0.8598831295967102,test,E1_BITS_TO_BITS
w25_00000616,bits,user17,user17_adl13,lying_on_bed,non_fall,non_fall,0.00028689042665064335,none,backward,0.8670939803123474,test,E1_BITS_TO_BITS
w25_00000617,bits,user17,user17_adl13,lying_on_bed,non_fall,non_fall,0.0003017482813447714,none,backward,0.8724092841148376,test,E1_BITS_TO_BITS
w25_00000618,bits,user17,user17_adl13,lying_on_bed,non_fall,non_fall,0.0002737302565947175,none,backward,0.8635350465774536,test,E1_BITS_TO_BITS
w25_00000619,bits,user17,user17_adl13,lying_on_bed,non_fall,non_fall,0.00026905807317234576,none,backward,0.8649042844772339,test,E1_BITS_TO_BITS
w25_00000620,bits,user17,user17_adl14,lying_on_back_getting_up_slowly,non_fall,non_fall,0.0003468258073553443,none,backward,0.8597651124000549,test,E1_BITS_TO_BITS
w25_00000621,bits,user17,user17_adl14,lying_on_back_getting_up_slowly,non_fall,non_fall,0.00034784170566126704,none,backward,0.8669503331184387,test,E1_BITS_TO_BITS
w25_00000622,bits,user17,user17_adl14,lying_on_back_getting_up_slowly,non_fall,non_fall,0.0005371455335989594,none,backward,0.8643555045127869,test,E1_BITS_TO_BITS
w25_00000623,bits,user17,user17_adl14,lying_on_back_getting_up_slowly,non_fall,non_fall,0.000712959561496973,none,backward,0.8664974570274353,test,E1_BITS_TO_BITS
w25_00000624,bits,user17,user17_adl14,lying_on_back_getting_up_slowly,non_fall,non_fall,0.002186518395319581,none,backward,0.8804197907447815,test,E1_BITS_TO_BITS
w25_00000625,bits,user17,user17_adl15,lying_on_back_getting_up_normally,non_fall,non_fall,0.004413380287587643,none,backward,0.7451569437980652,test,E1_BITS_TO_BITS
w25_00000626,bits,user17,user17_adl15,lying_on_back_getting_up_normally,non_fall,non_fall,0.019297750666737556,none,backward,0.6962587237358093,test,E1_BITS_TO_BITS
w25_00000627,bits,user17,user17_adl15,lying_on_back_getting_up_normally,non_fall,non_fall,0.006293649319559336,none,backward,0.5908964276313782,test,E1_BITS_TO_BITS
w25_00000628,bits,user17,user17_adl15,lying_on_back_getting_up_normally,non_fall,non_fall,0.028357136994600296,none,backward,0.639031708240509,test,E1_BITS_TO_BITS
w25_00000629,bits,user17,user17_adl15,lying_on_back_getting_up_normally,non_fall,non_fall,0.015808098018169403,none,backward,0.6748734712600708,test,E1_BITS_TO_BITS
w25_00000630,bits,user17,user17_adl16,lying_sideways_to_back,non_fall,non_fall,0.00022461244952864945,none,backward,0.764655351638794,test,E1_BITS_TO_BITS
w25_00000631,bits,user17,user17_adl16,lying_sideways_to_back,non_fall,non_fall,0.0002205768832936883,none,backward,0.7682384848594666,test,E1_BITS_TO_BITS
w25_00000632,bits,user17,user17_adl16,lying_sideways_to_back,non_fall,non_fall,0.00021234746964182705,none,backward,0.7648727893829346,test,E1_BITS_TO_BITS
w25_00000633,bits,user17,user17_adl16,lying_sideways_to_back,non_fall,non_fall,0.00020486580615397543,none,backward,0.7709441781044006,test,E1_BITS_TO_BITS
w25_00000634,bits,user17,user17_adl16,lying_sideways_to_back,non_fall,non_fall,0.00020535121439024806,none,backward,0.7703801393508911,test,E1_BITS_TO_BITS
w25_00000635,bits,user17,user17_adl2,walking_quickly,non_fall,non_fall,0.002718898933380842,none,backward,0.6086984872817993,test,E1_BITS_TO_BITS
w25_00000636,bits,user17,user17_adl2,walking_quickly,non_fall,non_fall,0.0003930832608602941,none,backward,0.7651242613792419,test,E1_BITS_TO_BITS
w25_00000637,bits,user17,user17_adl2,walking_quickly,non_fall,non_fall,0.0009379207622259855,none,backward,0.8552631139755249,test,E1_BITS_TO_BITS
w25_00000638,bits,user17,user17_adl2,walking_quickly,non_fall,non_fall,0.0012181218480691314,none,backward,0.7906812429428101,test,E1_BITS_TO_BITS
w25_00000639,bits,user17,user17_adl2,walking_quickly,non_fall,non_fall,0.0008263579220511019,none,backward,0.44515106081962585,test,E1_BITS_TO_BITS
w25_00000640,bits,user17,user17_adl3,jogging,non_fall,non_fall,3.313528941362165e-05,none,backward,0.8008455634117126,test,E1_BITS_TO_BITS
w25_00000641,bits,user17,user17_adl3,jogging,non_fall,non_fall,4.211447594570927e-05,none,backward,0.7773524522781372,test,E1_BITS_TO_BITS
w25_00000642,bits,user17,user17_adl3,jogging,non_fall,non_fall,1.3743366253038403e-05,none,lateral,0.5848878026008606,test,E1_BITS_TO_BITS
w25_00000643,bits,user17,user17_adl3,jogging,non_fall,non_fall,9.370235602546018e-06,none,lateral,0.6617022156715393,test,E1_BITS_TO_BITS
w25_00000644,bits,user17,user17_adl3,jogging,non_fall,non_fall,4.008070391137153e-06,none,lateral,0.5821547508239746,test,E1_BITS_TO_BITS
w25_00000645,bits,user17,user17_adl4,jumping,non_fall,non_fall,2.240616777271498e-05,none,lateral,0.6917937994003296,test,E1_BITS_TO_BITS
w25_00000646,bits,user17,user17_adl4,jumping,non_fall,non_fall,3.090070458711125e-05,none,lateral,0.8006333112716675,test,E1_BITS_TO_BITS
w25_00000647,bits,user17,user17_adl4,jumping,non_fall,non_fall,8.083187276497483e-05,none,lateral,0.8573539853096008,test,E1_BITS_TO_BITS
w25_00000648,bits,user17,user17_adl4,jumping,non_fall,non_fall,0.0017273013945668936,none,lateral,0.8850840330123901,test,E1_BITS_TO_BITS
w25_00000649,bits,user17,user17_adl4,jumping,non_fall,non_fall,0.0002497982350178063,none,lateral,0.8650318384170532,test,E1_BITS_TO_BITS
w25_00000650,bits,user17,user17_adl5,climbing_up_slowly,non_fall,non_fall,0.0006675260374322534,none,backward,0.7281363010406494,test,E1_BITS_TO_BITS
w25_00000651,bits,user17,user17_adl5,climbing_up_slowly,non_fall,non_fall,0.0014132573269307613,none,backward,0.743720531463623,test,E1_BITS_TO_BITS
w25_00000652,bits,user17,user17_adl5,climbing_up_slowly,non_fall,non_fall,0.0028229940216988325,none,backward,0.7359104156494141,test,E1_BITS_TO_BITS
w25_00000653,bits,user17,user17_adl5,climbing_up_slowly,non_fall,non_fall,0.006349196191877127,none,backward,0.7447214126586914,test,E1_BITS_TO_BITS
w25_00000654,bits,user17,user17_adl5,climbing_up_slowly,non_fall,non_fall,0.01790010929107666,none,backward,0.7800008654594421,test,E1_BITS_TO_BITS
w25_00000655,bits,user17,user17_adl6,climbing_down_slowly,non_fall,non_fall,4.783522308571264e-05,none,backward,0.8303541541099548,test,E1_BITS_TO_BITS
w25_00000656,bits,user17,user17_adl6,climbing_down_slowly,non_fall,non_fall,4.859297041548416e-05,none,backward,0.835827648639679,test,E1_BITS_TO_BITS
w25_00000657,bits,user17,user17_adl6,climbing_down_slowly,non_fall,non_fall,6.524730997625738e-05,none,backward,0.8387942910194397,test,E1_BITS_TO_BITS
w25_00000658,bits,user17,user17_adl6,climbing_down_slowly,non_fall,non_fall,0.00021675163588952273,none,backward,0.796574056148529,test,E1_BITS_TO_BITS
w25_00000659,bits,user17,user17_adl6,climbing_down_slowly,non_fall,non_fall,0.005625686142593622,none,backward,0.8697393536567688,test,E1_BITS_TO_BITS
w25_00000660,bits,user17,user17_adl7,climbing_up_normally,non_fall,fall,0.6526745557785034,none,backward,0.6637018918991089,test,E1_BITS_TO_BITS
w25_00000661,bits,user17,user17_adl7,climbing_up_normally,non_fall,fall,0.5680919289588928,none,backward,0.8929680585861206,test,E1_BITS_TO_BITS
w25_00000662,bits,user17,user17_adl7,climbing_up_normally,non_fall,non_fall,4.5588073760427505e-08,none,backward,0.7639445662498474,test,E1_BITS_TO_BITS
w25_00000663,bits,user17,user17_adl7,climbing_up_normally,non_fall,non_fall,7.650374755030498e-06,none,backward,0.8227608799934387,test,E1_BITS_TO_BITS
w25_00000664,bits,user17,user17_adl7,climbing_up_normally,non_fall,non_fall,2.2824779080110602e-05,none,backward,0.5608683824539185,test,E1_BITS_TO_BITS
w25_00000665,bits,user17,user17_adl8,climbing_down_normally,non_fall,non_fall,0.0015631081769242883,none,backward,0.7592368125915527,test,E1_BITS_TO_BITS
w25_00000666,bits,user17,user17_adl8,climbing_down_normally,non_fall,non_fall,0.0014573561493307352,none,backward,0.6841404438018799,test,E1_BITS_TO_BITS
w25_00000667,bits,user17,user17_adl8,climbing_down_normally,non_fall,non_fall,0.0009047217317856848,none,backward,0.6806836128234863,test,E1_BITS_TO_BITS
w25_00000668,bits,user17,user17_adl8,climbing_down_normally,non_fall,non_fall,0.022415414452552795,none,backward,0.7302792072296143,test,E1_BITS_TO_BITS
w25_00000669,bits,user17,user17_adl8,climbing_down_normally,non_fall,non_fall,0.004789888393133879,none,backward,0.7243751883506775,test,E1_BITS_TO_BITS
w25_00000670,bits,user17,user17_adl9,slowly_sitting_on_chair,non_fall,non_fall,0.04038674756884575,none,backward,0.6980944871902466,test,E1_BITS_TO_BITS
w25_00000671,bits,user17,user17_adl9,slowly_sitting_on_chair,non_fall,non_fall,0.013383225537836552,none,backward,0.4787609875202179,test,E1_BITS_TO_BITS
w25_00000672,bits,user17,user17_adl9,slowly_sitting_on_chair,non_fall,non_fall,0.005733795929700136,none,backward,0.5265535116195679,test,E1_BITS_TO_BITS
w25_00000673,bits,user17,user17_adl9,slowly_sitting_on_chair,non_fall,non_fall,0.00806525256484747,none,backward,0.5018435716629028,test,E1_BITS_TO_BITS
w25_00000674,bits,user17,user17_adl9,slowly_sitting_on_chair,non_fall,non_fall,0.0023726883810013533,none,backward,0.5243337750434875,test,E1_BITS_TO_BITS
w25_00001475,bits,user27,user27_adl1,walking_slowly,non_fall,non_fall,4.7578272642567754e-05,none,forward,0.41768088936805725,test,E1_BITS_TO_BITS
w25_00001476,bits,user27,user27_adl1,walking_slowly,non_fall,non_fall,4.223706491757184e-05,none,forward,0.4154758155345917,test,E1_BITS_TO_BITS
w25_00001477,bits,user27,user27_adl1,walking_slowly,non_fall,non_fall,5.072475323686376e-05,none,backward,0.4305328130722046,test,E1_BITS_TO_BITS
w25_00001478,bits,user27,user27_adl1,walking_slowly,non_fall,non_fall,8.688645175425336e-05,none,backward,0.449564665555954,test,E1_BITS_TO_BITS
w25_00001479,bits,user27,user27_adl1,walking_slowly,non_fall,non_fall,0.00012864290329162031,none,backward,0.4413255453109741,test,E1_BITS_TO_BITS
w25_00001480,bits,user27,user27_adl10,rapidly_sitting_on_chair,non_fall,non_fall,0.00043876186828128994,none,forward,0.4074525237083435,test,E1_BITS_TO_BITS
w25_00001481,bits,user27,user27_adl10,rapidly_sitting_on_chair,non_fall,non_fall,0.00040420240839011967,none,forward,0.40147045254707336,test,E1_BITS_TO_BITS
w25_00001482,bits,user27,user27_adl10,rapidly_sitting_on_chair,non_fall,non_fall,0.00038352952105924487,none,forward,0.4054170250892639,test,E1_BITS_TO_BITS
w25_00001483,bits,user27,user27_adl10,rapidly_sitting_on_chair,non_fall,non_fall,0.00040309593896381557,none,forward,0.4148254692554474,test,E1_BITS_TO_BITS
w25_00001484,bits,user27,user27_adl10,rapidly_sitting_on_chair,non_fall,non_fall,0.0005317364120855927,none,forward,0.42940065264701843,test,E1_BITS_TO_BITS
w25_00001485,bits,user27,user27_adl11,nearly_sitting_and_getting_up,non_fall,non_fall,0.0001813458075048402,none,forward,0.4055083692073822,test,E1_BITS_TO_BITS
w25_00001486,bits,user27,user27_adl11,nearly_sitting_and_getting_up,non_fall,non_fall,0.00019475184672046453,none,forward,0.44720232486724854,test,E1_BITS_TO_BITS
w25_00001487,bits,user27,user27_adl11,nearly_sitting_and_getting_up,non_fall,non_fall,0.001383148948661983,none,forward,0.41412603855133057,test,E1_BITS_TO_BITS
w25_00001488,bits,user27,user27_adl11,nearly_sitting_and_getting_up,non_fall,non_fall,0.002094047609716654,none,forward,0.37056854367256165,test,E1_BITS_TO_BITS
w25_00001489,bits,user27,user27_adl11,nearly_sitting_and_getting_up,non_fall,non_fall,0.0011396754998713732,none,backward,0.4199095070362091,test,E1_BITS_TO_BITS
w25_00001490,bits,user27,user27_adl12,swinging_hands,non_fall,non_fall,0.0004358839360065758,none,forward,0.4603315591812134,test,E1_BITS_TO_BITS
w25_00001491,bits,user27,user27_adl12,swinging_hands,non_fall,non_fall,0.0009154009749181569,none,forward,0.4844476282596588,test,E1_BITS_TO_BITS
w25_00001492,bits,user27,user27_adl12,swinging_hands,non_fall,non_fall,0.009873304516077042,none,forward,0.46209797263145447,test,E1_BITS_TO_BITS
w25_00001493,bits,user27,user27_adl12,swinging_hands,non_fall,non_fall,0.07953057438135147,none,lateral,0.478511780500412,test,E1_BITS_TO_BITS
w25_00001494,bits,user27,user27_adl12,swinging_hands,non_fall,non_fall,0.01220958773046732,none,lateral,0.5084075331687927,test,E1_BITS_TO_BITS
w25_00001495,bits,user27,user27_adl13,lying_on_bed,non_fall,non_fall,0.0001098583234124817,none,backward,0.8770498037338257,test,E1_BITS_TO_BITS
w25_00001496,bits,user27,user27_adl13,lying_on_bed,non_fall,non_fall,0.00010175618081120774,none,backward,0.8811598420143127,test,E1_BITS_TO_BITS
w25_00001497,bits,user27,user27_adl13,lying_on_bed,non_fall,non_fall,9.639335621614009e-05,none,backward,0.8856942057609558,test,E1_BITS_TO_BITS
w25_00001498,bits,user27,user27_adl13,lying_on_bed,non_fall,non_fall,9.204742673318833e-05,none,backward,0.8920103311538696,test,E1_BITS_TO_BITS
w25_00001499,bits,user27,user27_adl13,lying_on_bed,non_fall,non_fall,8.995161624625325e-05,none,backward,0.8963429927825928,test,E1_BITS_TO_BITS
w25_00001500,bits,user27,user27_adl14,lying_on_back_getting_up_slowly,non_fall,non_fall,4.7562709369231015e-05,none,backward,0.8843694925308228,test,E1_BITS_TO_BITS
w25_00001501,bits,user27,user27_adl14,lying_on_back_getting_up_slowly,non_fall,non_fall,5.057318776380271e-05,none,backward,0.8903907537460327,test,E1_BITS_TO_BITS
w25_00001502,bits,user27,user27_adl14,lying_on_back_getting_up_slowly,non_fall,non_fall,5.015007991460152e-05,none,backward,0.8945222496986389,test,E1_BITS_TO_BITS
w25_00001503,bits,user27,user27_adl14,lying_on_back_getting_up_slowly,non_fall,non_fall,5.0161368562839925e-05,none,backward,0.8985349535942078,test,E1_BITS_TO_BITS
w25_00001504,bits,user27,user27_adl14,lying_on_back_getting_up_slowly,non_fall,non_fall,4.9654452595859766e-05,none,backward,0.9021444320678711,test,E1_BITS_TO_BITS
w25_00001505,bits,user27,user27_adl15,lying_on_back_getting_up_normally,non_fall,non_fall,0.00034601730294525623,none,backward,0.8706221580505371,test,E1_BITS_TO_BITS
w25_00001506,bits,user27,user27_adl15,lying_on_back_getting_up_normally,non_fall,non_fall,0.0003143552748952061,none,backward,0.8740546107292175,test,E1_BITS_TO_BITS
w25_00001507,bits,user27,user27_adl15,lying_on_back_getting_up_normally,non_fall,non_fall,0.00032380802440457046,none,backward,0.8715671300888062,test,E1_BITS_TO_BITS
w25_00001508,bits,user27,user27_adl15,lying_on_back_getting_up_normally,non_fall,non_fall,0.00032905390253290534,none,backward,0.868990421295166,test,E1_BITS_TO_BITS
w25_00001509,bits,user27,user27_adl15,lying_on_back_getting_up_normally,non_fall,non_fall,0.00033165281638503075,none,backward,0.8684716820716858,test,E1_BITS_TO_BITS
w25_00001510,bits,user27,user27_adl16,lying_sideways_to_back,non_fall,non_fall,0.0004884780501015484,none,backward,0.8444281220436096,test,E1_BITS_TO_BITS
w25_00001511,bits,user27,user27_adl16,lying_sideways_to_back,non_fall,non_fall,0.00045383372344076633,none,backward,0.8484688401222229,test,E1_BITS_TO_BITS
w25_00001512,bits,user27,user27_adl16,lying_sideways_to_back,non_fall,non_fall,0.0004539057845249772,none,backward,0.846786379814148,test,E1_BITS_TO_BITS
w25_00001513,bits,user27,user27_adl16,lying_sideways_to_back,non_fall,non_fall,0.0004566884017549455,none,backward,0.8455110788345337,test,E1_BITS_TO_BITS
w25_00001514,bits,user27,user27_adl16,lying_sideways_to_back,non_fall,non_fall,0.00046419203863479197,none,backward,0.8455767035484314,test,E1_BITS_TO_BITS
w25_00001515,bits,user27,user27_adl2,walking_quickly,non_fall,non_fall,0.0003962271730415523,none,backward,0.4028351902961731,test,E1_BITS_TO_BITS
w25_00001516,bits,user27,user27_adl2,walking_quickly,non_fall,non_fall,0.0002988890919368714,none,backward,0.4374164342880249,test,E1_BITS_TO_BITS
w25_00001517,bits,user27,user27_adl2,walking_quickly,non_fall,non_fall,0.0003124549693893641,none,backward,0.4255729615688324,test,E1_BITS_TO_BITS
w25_00001518,bits,user27,user27_adl2,walking_quickly,non_fall,non_fall,0.0003335279761813581,none,backward,0.41868698596954346,test,E1_BITS_TO_BITS
w25_00001519,bits,user27,user27_adl2,walking_quickly,non_fall,non_fall,0.00031614204635843635,none,backward,0.4048522114753723,test,E1_BITS_TO_BITS
w25_00001520,bits,user27,user27_adl3,jogging,non_fall,non_fall,0.002745425095781684,none,backward,0.7539703845977783,test,E1_BITS_TO_BITS
w25_00001521,bits,user27,user27_adl3,jogging,non_fall,non_fall,0.00054655980784446,none,backward,0.6096116304397583,test,E1_BITS_TO_BITS
w25_00001522,bits,user27,user27_adl3,jogging,non_fall,non_fall,0.00012707538553513587,none,lateral,0.4583725929260254,test,E1_BITS_TO_BITS
w25_00001523,bits,user27,user27_adl3,jogging,non_fall,non_fall,5.777003025286831e-05,none,lateral,0.4455133378505707,test,E1_BITS_TO_BITS
w25_00001524,bits,user27,user27_adl3,jogging,non_fall,non_fall,5.2030303777428344e-05,none,lateral,0.3931782841682434,test,E1_BITS_TO_BITS
w25_00001525,bits,user27,user27_adl4,jumping,non_fall,non_fall,0.0015843870351091027,none,forward,0.454073041677475,test,E1_BITS_TO_BITS
w25_00001526,bits,user27,user27_adl4,jumping,non_fall,non_fall,0.002161301439628005,none,forward,0.4973391890525818,test,E1_BITS_TO_BITS
w25_00001527,bits,user27,user27_adl4,jumping,non_fall,non_fall,0.0002218074951088056,none,forward,0.4837540090084076,test,E1_BITS_TO_BITS
w25_00001528,bits,user27,user27_adl4,jumping,non_fall,non_fall,8.89366419869475e-05,none,forward,0.46466219425201416,test,E1_BITS_TO_BITS
w25_00001529,bits,user27,user27_adl4,jumping,non_fall,non_fall,8.504858851665631e-05,none,forward,0.45853766798973083,test,E1_BITS_TO_BITS
w25_00001530,bits,user27,user27_adl5,climbing_up_slowly,non_fall,non_fall,0.00016200070967897773,none,forward,0.5033829212188721,test,E1_BITS_TO_BITS
w25_00001531,bits,user27,user27_adl5,climbing_up_slowly,non_fall,non_fall,0.00014412291056942195,none,forward,0.498122900724411,test,E1_BITS_TO_BITS
w25_00001532,bits,user27,user27_adl5,climbing_up_slowly,non_fall,non_fall,0.00014776278112549335,none,forward,0.5000042915344238,test,E1_BITS_TO_BITS
w25_00001533,bits,user27,user27_adl5,climbing_up_slowly,non_fall,non_fall,0.00018803322745952755,none,forward,0.5106835961341858,test,E1_BITS_TO_BITS
w25_00001534,bits,user27,user27_adl5,climbing_up_slowly,non_fall,non_fall,0.00032896827906370163,none,forward,0.543302059173584,test,E1_BITS_TO_BITS
w25_00001535,bits,user27,user27_adl6,climbing_down_slowly,non_fall,non_fall,0.0003320916439406574,none,backward,0.7990216612815857,test,E1_BITS_TO_BITS
w25_00001536,bits,user27,user27_adl6,climbing_down_slowly,non_fall,non_fall,0.004127302672713995,none,backward,0.7985483407974243,test,E1_BITS_TO_BITS
w25_00001537,bits,user27,user27_adl6,climbing_down_slowly,non_fall,non_fall,0.0008842346724122763,none,backward,0.6297177672386169,test,E1_BITS_TO_BITS
w25_00001538,bits,user27,user27_adl6,climbing_down_slowly,non_fall,non_fall,0.0011779655469581485,none,backward,0.6219812035560608,test,E1_BITS_TO_BITS
w25_00001539,bits,user27,user27_adl6,climbing_down_slowly,non_fall,non_fall,0.0011013722978532314,none,backward,0.7302862405776978,test,E1_BITS_TO_BITS
w25_00001540,bits,user27,user27_adl7,climbing_up_normally,non_fall,non_fall,0.00014750543050467968,none,lateral,0.6527851819992065,test,E1_BITS_TO_BITS
w25_00001541,bits,user27,user27_adl7,climbing_up_normally,non_fall,non_fall,0.00022546341642737389,none,lateral,0.5484354496002197,test,E1_BITS_TO_BITS
w25_00001542,bits,user27,user27_adl7,climbing_up_normally,non_fall,non_fall,0.00020441781089175493,none,backward,0.7116141319274902,test,E1_BITS_TO_BITS
w25_00001543,bits,user27,user27_adl7,climbing_up_normally,non_fall,non_fall,0.0023345195222646,none,backward,0.8851324319839478,test,E1_BITS_TO_BITS
w25_00001544,bits,user27,user27_adl7,climbing_up_normally,non_fall,non_fall,0.0008011932950466871,none,backward,0.9508166909217834,test,E1_BITS_TO_BITS
w25_00001545,bits,user27,user27_adl8,climbing_down_normally,non_fall,non_fall,0.00437305448576808,none,lateral,0.3795544505119324,test,E1_BITS_TO_BITS
w25_00001546,bits,user27,user27_adl8,climbing_down_normally,non_fall,non_fall,0.00012087281356798485,none,lateral,0.4119596481323242,test,E1_BITS_TO_BITS
w25_00001547,bits,user27,user27_adl8,climbing_down_normally,non_fall,non_fall,0.00010824714263435453,none,forward,0.6080171465873718,test,E1_BITS_TO_BITS
w25_00001548,bits,user27,user27_adl8,climbing_down_normally,non_fall,non_fall,0.00011135228851344436,none,forward,0.5935060381889343,test,E1_BITS_TO_BITS
w25_00001549,bits,user27,user27_adl8,climbing_down_normally,non_fall,non_fall,8.960002014646307e-05,none,forward,0.5970055460929871,test,E1_BITS_TO_BITS
w25_00001550,bits,user27,user27_adl9,slowly_sitting_on_chair,non_fall,non_fall,3.175539677613415e-05,none,lateral,0.5155528783798218,test,E1_BITS_TO_BITS
w25_00001551,bits,user27,user27_adl9,slowly_sitting_on_chair,non_fall,non_fall,8.192320819944143e-06,none,lateral,0.7201055884361267,test,E1_BITS_TO_BITS
w25_00001552,bits,user27,user27_adl9,slowly_sitting_on_chair,non_fall,non_fall,1.3248395589471329e-05,none,lateral,0.7348864078521729,test,E1_BITS_TO_BITS
w25_00001553,bits,user27,user27_adl9,slowly_sitting_on_chair,non_fall,non_fall,1.6252239220193587e-05,none,lateral,0.6054602861404419,test,E1_BITS_TO_BITS
w25_00001554,bits,user27,user27_adl9,slowly_sitting_on_chair,non_fall,non_fall,4.6686505811521783e-05,none,forward,0.4528564214706421,test,E1_BITS_TO_BITS
w25_00001635,bits,user29,user29_adl1,walking_slowly,non_fall,non_fall,0.0002934553485829383,none,forward,0.5568099617958069,test,E1_BITS_TO_BITS
w25_00001636,bits,user29,user29_adl1,walking_slowly,non_fall,non_fall,0.00015442298899870366,none,forward,0.5016840696334839,test,E1_BITS_TO_BITS
w25_00001637,bits,user29,user29_adl1,walking_slowly,non_fall,non_fall,0.00026192996301688254,none,backward,0.399766206741333,test,E1_BITS_TO_BITS
w25_00001638,bits,user29,user29_adl1,walking_slowly,non_fall,non_fall,0.0012904544128105044,none,forward,0.4461192488670349,test,E1_BITS_TO_BITS
w25_00001639,bits,user29,user29_adl1,walking_slowly,non_fall,non_fall,0.01951427385210991,none,forward,0.41804057359695435,test,E1_BITS_TO_BITS
w25_00001640,bits,user29,user29_adl10,rapidly_sitting_on_chair,non_fall,non_fall,0.00012173571303719655,none,forward,0.49901720881462097,test,E1_BITS_TO_BITS
w25_00001641,bits,user29,user29_adl10,rapidly_sitting_on_chair,non_fall,non_fall,0.00011703847849275917,none,forward,0.4927089214324951,test,E1_BITS_TO_BITS
w25_00001642,bits,user29,user29_adl10,rapidly_sitting_on_chair,non_fall,non_fall,0.0001335597480647266,none,forward,0.5101361274719238,test,E1_BITS_TO_BITS
w25_00001643,bits,user29,user29_adl10,rapidly_sitting_on_chair,non_fall,non_fall,0.00015413657820317894,none,forward,0.519216775894165,test,E1_BITS_TO_BITS
w25_00001644,bits,user29,user29_adl10,rapidly_sitting_on_chair,non_fall,non_fall,0.00014401879161596298,none,forward,0.5130339860916138,test,E1_BITS_TO_BITS
w25_00001645,bits,user29,user29_adl11,nearly_sitting_and_getting_up,non_fall,non_fall,0.05944615975022316,none,backward,0.6623454689979553,test,E1_BITS_TO_BITS
w25_00001646,bits,user29,user29_adl11,nearly_sitting_and_getting_up,non_fall,non_fall,0.04480309411883354,none,backward,0.8081416487693787,test,E1_BITS_TO_BITS
w25_00001647,bits,user29,user29_adl11,nearly_sitting_and_getting_up,non_fall,non_fall,0.018486881628632545,none,backward,0.8557747602462769,test,E1_BITS_TO_BITS
w25_00001648,bits,user29,user29_adl11,nearly_sitting_and_getting_up,non_fall,non_fall,0.0033679164480417967,none,backward,0.8828470706939697,test,E1_BITS_TO_BITS
w25_00001649,bits,user29,user29_adl11,nearly_sitting_and_getting_up,non_fall,non_fall,0.0003168997645843774,none,backward,0.8273543119430542,test,E1_BITS_TO_BITS
w25_00001650,bits,user29,user29_adl12,swinging_hands,non_fall,non_fall,5.4952695791143924e-05,none,forward,0.38404637575149536,test,E1_BITS_TO_BITS
w25_00001651,bits,user29,user29_adl12,swinging_hands,non_fall,non_fall,1.766757486620918e-05,none,lateral,0.35571005940437317,test,E1_BITS_TO_BITS
w25_00001652,bits,user29,user29_adl12,swinging_hands,non_fall,non_fall,5.336585786608339e-07,none,lateral,0.8815276026725769,test,E1_BITS_TO_BITS
w25_00001653,bits,user29,user29_adl12,swinging_hands,non_fall,non_fall,2.85766532215348e-07,none,lateral,0.9393299221992493,test,E1_BITS_TO_BITS
w25_00001654,bits,user29,user29_adl12,swinging_hands,non_fall,non_fall,1.2806430049749906e-07,none,lateral,0.9866511821746826,test,E1_BITS_TO_BITS
w25_00001655,bits,user29,user29_adl13,lying_on_bed,non_fall,non_fall,9.725998097565025e-05,none,backward,0.6040593981742859,test,E1_BITS_TO_BITS
w25_00001656,bits,user29,user29_adl13,lying_on_bed,non_fall,non_fall,9.401500574313104e-05,none,backward,0.6126118302345276,test,E1_BITS_TO_BITS
w25_00001657,bits,user29,user29_adl13,lying_on_bed,non_fall,non_fall,9.361450065625831e-05,none,backward,0.6134692430496216,test,E1_BITS_TO_BITS
w25_00001658,bits,user29,user29_adl13,lying_on_bed,non_fall,non_fall,9.554146527079865e-05,none,backward,0.6128731369972229,test,E1_BITS_TO_BITS
w25_00001659,bits,user29,user29_adl13,lying_on_bed,non_fall,non_fall,9.325943392468616e-05,none,backward,0.6114399433135986,test,E1_BITS_TO_BITS
w25_00001660,bits,user29,user29_adl14,lying_on_back_getting_up_slowly,non_fall,non_fall,0.0001636841770960018,none,backward,0.6639929413795471,test,E1_BITS_TO_BITS
w25_00001661,bits,user29,user29_adl14,lying_on_back_getting_up_slowly,non_fall,non_fall,0.00015742096002213657,none,backward,0.6631284356117249,test,E1_BITS_TO_BITS
w25_00001662,bits,user29,user29_adl14,lying_on_back_getting_up_slowly,non_fall,non_fall,0.00015656005416531116,none,backward,0.6640943884849548,test,E1_BITS_TO_BITS
w25_00001663,bits,user29,user29_adl14,lying_on_back_getting_up_slowly,non_fall,non_fall,0.00015939176955725998,none,backward,0.6644997596740723,test,E1_BITS_TO_BITS
w25_00001664,bits,user29,user29_adl14,lying_on_back_getting_up_slowly,non_fall,non_fall,0.00015855093079153448,none,backward,0.6640129089355469,test,E1_BITS_TO_BITS
w25_00001665,bits,user29,user29_adl15,lying_on_back_getting_up_normally,non_fall,non_fall,0.00020941373077221215,none,backward,0.6729738116264343,test,E1_BITS_TO_BITS
w25_00001666,bits,user29,user29_adl15,lying_on_back_getting_up_normally,non_fall,non_fall,0.00020042734104208648,none,backward,0.6724091172218323,test,E1_BITS_TO_BITS
w25_00001667,bits,user29,user29_adl15,lying_on_back_getting_up_normally,non_fall,non_fall,0.00019854716083500534,none,backward,0.6728861927986145,test,E1_BITS_TO_BITS
w25_00001668,bits,user29,user29_adl15,lying_on_back_getting_up_normally,non_fall,non_fall,0.00020099536050111055,none,backward,0.6731579899787903,test,E1_BITS_TO_BITS
w25_00001669,bits,user29,user29_adl15,lying_on_back_getting_up_normally,non_fall,non_fall,0.00019946819520555437,none,backward,0.6730615496635437,test,E1_BITS_TO_BITS
w25_00001670,bits,user29,user29_adl16,lying_sideways_to_back,non_fall,non_fall,0.00010696882964111865,none,backward,0.925947368144989,test,E1_BITS_TO_BITS
w25_00001671,bits,user29,user29_adl16,lying_sideways_to_back,non_fall,non_fall,0.00011383751552784815,none,backward,0.9249791502952576,test,E1_BITS_TO_BITS
w25_00001672,bits,user29,user29_adl16,lying_sideways_to_back,non_fall,non_fall,0.00011508032912388444,none,backward,0.9255794286727905,test,E1_BITS_TO_BITS
w25_00001673,bits,user29,user29_adl16,lying_sideways_to_back,non_fall,non_fall,0.00011491858458612114,none,backward,0.9251590967178345,test,E1_BITS_TO_BITS
w25_00001674,bits,user29,user29_adl16,lying_sideways_to_back,non_fall,non_fall,0.00011459543748060241,none,backward,0.925868570804596,test,E1_BITS_TO_BITS
w25_00001675,bits,user29,user29_adl2,walking_quickly,non_fall,non_fall,0.00023345884983427823,none,forward,0.4069484770298004,test,E1_BITS_TO_BITS
w25_00001676,bits,user29,user29_adl2,walking_quickly,non_fall,non_fall,0.0015307232970371842,none,forward,0.38780924677848816,test,E1_BITS_TO_BITS
w25_00001677,bits,user29,user29_adl2,walking_quickly,non_fall,non_fall,0.001312734093517065,none,forward,0.38721156120300293,test,E1_BITS_TO_BITS
w25_00001678,bits,user29,user29_adl2,walking_quickly,non_fall,non_fall,0.00153620564378798,none,forward,0.4067317843437195,test,E1_BITS_TO_BITS
w25_00001679,bits,user29,user29_adl2,walking_quickly,non_fall,non_fall,0.0026406606193631887,none,lateral,0.45473846793174744,test,E1_BITS_TO_BITS
w25_00001680,bits,user29,user29_adl3,jogging,non_fall,non_fall,0.00011715024447767064,none,backward,0.7062939405441284,test,E1_BITS_TO_BITS
w25_00001681,bits,user29,user29_adl3,jogging,non_fall,non_fall,6.709291824336105e-07,none,lateral,0.8790873885154724,test,E1_BITS_TO_BITS
w25_00001682,bits,user29,user29_adl3,jogging,non_fall,non_fall,6.835334147581307e-07,none,lateral,0.9662984609603882,test,E1_BITS_TO_BITS
w25_00001683,bits,user29,user29_adl3,jogging,non_fall,non_fall,6.961905114621914e-07,none,lateral,0.9809426069259644,test,E1_BITS_TO_BITS
w25_00001684,bits,user29,user29_adl3,jogging,non_fall,non_fall,3.870729585742083e-07,none,lateral,0.9705843329429626,test,E1_BITS_TO_BITS
w25_00001685,bits,user29,user29_adl4,jumping,non_fall,non_fall,4.006568815384526e-06,none,forward,0.4453997015953064,test,E1_BITS_TO_BITS
w25_00001686,bits,user29,user29_adl4,jumping,non_fall,non_fall,0.004305781330913305,none,lateral,0.6664229035377502,test,E1_BITS_TO_BITS
w25_00001687,bits,user29,user29_adl4,jumping,non_fall,non_fall,0.029486242681741714,none,lateral,0.7586843967437744,test,E1_BITS_TO_BITS
w25_00001688,bits,user29,user29_adl4,jumping,non_fall,non_fall,0.004553916398435831,none,lateral,0.8267413377761841,test,E1_BITS_TO_BITS
w25_00001689,bits,user29,user29_adl4,jumping,non_fall,non_fall,0.004380073398351669,none,forward,0.5348010063171387,test,E1_BITS_TO_BITS
w25_00001690,bits,user29,user29_adl5,climbing_up_slowly,non_fall,non_fall,0.0005188392824493349,none,forward,0.46954524517059326,test,E1_BITS_TO_BITS
w25_00001691,bits,user29,user29_adl5,climbing_up_slowly,non_fall,non_fall,0.0012018627021461725,none,lateral,0.3815944790840149,test,E1_BITS_TO_BITS
w25_00001692,bits,user29,user29_adl5,climbing_up_slowly,non_fall,non_fall,0.00388744636438787,none,backward,0.539497435092926,test,E1_BITS_TO_BITS
w25_00001693,bits,user29,user29_adl5,climbing_up_slowly,non_fall,non_fall,0.0007163764676079154,none,backward,0.5849438309669495,test,E1_BITS_TO_BITS
w25_00001694,bits,user29,user29_adl5,climbing_up_slowly,non_fall,non_fall,0.00042021472472697496,none,backward,0.6971992254257202,test,E1_BITS_TO_BITS
w25_00001695,bits,user29,user29_adl6,climbing_down_slowly,non_fall,non_fall,0.003542122896760702,none,forward,0.5347838997840881,test,E1_BITS_TO_BITS
w25_00001696,bits,user29,user29_adl6,climbing_down_slowly,non_fall,non_fall,0.004246878903359175,none,forward,0.4474846422672272,test,E1_BITS_TO_BITS
w25_00001697,bits,user29,user29_adl6,climbing_down_slowly,non_fall,non_fall,0.08864894509315491,none,forward,0.44836312532424927,test,E1_BITS_TO_BITS
w25_00001698,bits,user29,user29_adl6,climbing_down_slowly,non_fall,non_fall,0.058217957615852356,none,forward,0.4520977735519409,test,E1_BITS_TO_BITS
w25_00001699,bits,user29,user29_adl6,climbing_down_slowly,non_fall,non_fall,0.017685716971755028,none,forward,0.475920170545578,test,E1_BITS_TO_BITS
w25_00001700,bits,user29,user29_adl7,climbing_up_normally,non_fall,non_fall,6.56495540169999e-05,none,backward,0.46004098653793335,test,E1_BITS_TO_BITS
w25_00001701,bits,user29,user29_adl7,climbing_up_normally,non_fall,non_fall,7.823031046427786e-05,none,backward,0.4701268970966339,test,E1_BITS_TO_BITS
w25_00001702,bits,user29,user29_adl7,climbing_up_normally,non_fall,non_fall,9.448640048503876e-05,none,backward,0.4424629807472229,test,E1_BITS_TO_BITS
w25_00001703,bits,user29,user29_adl7,climbing_up_normally,non_fall,non_fall,0.00012333563063293695,none,forward,0.46680182218551636,test,E1_BITS_TO_BITS
w25_00001704,bits,user29,user29_adl7,climbing_up_normally,non_fall,non_fall,0.00013369826774578542,none,forward,0.48587051033973694,test,E1_BITS_TO_BITS
w25_00001705,bits,user29,user29_adl8,climbing_down_normally,non_fall,non_fall,0.0003055848355870694,none,forward,0.45278969407081604,test,E1_BITS_TO_BITS
w25_00001706,bits,user29,user29_adl8,climbing_down_normally,non_fall,non_fall,0.00019779305148404092,none,forward,0.45374220609664917,test,E1_BITS_TO_BITS
w25_00001707,bits,user29,user29_adl8,climbing_down_normally,non_fall,non_fall,0.00013576950004789978,none,forward,0.4341256320476532,test,E1_BITS_TO_BITS
w25_00001708,bits,user29,user29_adl8,climbing_down_normally,non_fall,non_fall,0.0002013256453210488,none,forward,0.42787256836891174,test,E1_BITS_TO_BITS
w25_00001709,bits,user29,user29_adl8,climbing_down_normally,non_fall,non_fall,0.00027448844048194587,none,forward,0.48127439618110657,test,E1_BITS_TO_BITS
w25_00001710,bits,user29,user29_adl9,slowly_sitting_on_chair,non_fall,non_fall,0.00012935262930113822,none,forward,0.42477619647979736,test,E1_BITS_TO_BITS
w25_00001711,bits,user29,user29_adl9,slowly_sitting_on_chair,non_fall,non_fall,0.00014099030522629619,none,backward,0.4053094983100891,test,E1_BITS_TO_BITS
w25_00001712,bits,user29,user29_adl9,slowly_sitting_on_chair,non_fall,non_fall,0.00023533162311650813,none,backward,0.433046817779541,test,E1_BITS_TO_BITS
w25_00001713,bits,user29,user29_adl9,slowly_sitting_on_chair,non_fall,non_fall,0.0003153265861328691,none,backward,0.45999979972839355,test,E1_BITS_TO_BITS
w25_00001714,bits,user29,user29_adl9,slowly_sitting_on_chair,non_fall,non_fall,0.0010590723250061274,none,backward,0.4026378393173218,test,E1_BITS_TO_BITS
w25_00001875,bits,user31,user31_adl1,walking_slowly,non_fall,non_fall,0.00012773614434991032,none,forward,0.5003520250320435,test,E1_BITS_TO_BITS
w25_00001876,bits,user31,user31_adl1,walking_slowly,non_fall,non_fall,0.00012033458915539086,none,forward,0.4983491599559784,test,E1_BITS_TO_BITS
w25_00001877,bits,user31,user31_adl1,walking_slowly,non_fall,non_fall,0.00012752438487950712,none,forward,0.5003021955490112,test,E1_BITS_TO_BITS
w25_00001878,bits,user31,user31_adl1,walking_slowly,non_fall,non_fall,0.00013843573105987161,none,forward,0.5097289681434631,test,E1_BITS_TO_BITS
w25_00001879,bits,user31,user31_adl1,walking_slowly,non_fall,non_fall,0.0001696692343102768,none,forward,0.5181890726089478,test,E1_BITS_TO_BITS
w25_00001880,bits,user31,user31_adl10,rapidly_sitting_on_chair,non_fall,non_fall,0.00013877975288778543,none,forward,0.5102918744087219,test,E1_BITS_TO_BITS
w25_00001881,bits,user31,user31_adl10,rapidly_sitting_on_chair,non_fall,non_fall,0.0001255270908586681,none,forward,0.49017980694770813,test,E1_BITS_TO_BITS
w25_00001882,bits,user31,user31_adl10,rapidly_sitting_on_chair,non_fall,non_fall,0.0001255475654033944,none,forward,0.4906548261642456,test,E1_BITS_TO_BITS
w25_00001883,bits,user31,user31_adl10,rapidly_sitting_on_chair,non_fall,non_fall,0.00012516551942098886,none,forward,0.48887065052986145,test,E1_BITS_TO_BITS
w25_00001884,bits,user31,user31_adl10,rapidly_sitting_on_chair,non_fall,non_fall,0.00012702510866802186,none,forward,0.4864903688430786,test,E1_BITS_TO_BITS
w25_00001885,bits,user31,user31_adl11,nearly_sitting_and_getting_up,non_fall,non_fall,0.020295340567827225,none,forward,0.465752512216568,test,E1_BITS_TO_BITS
w25_00001886,bits,user31,user31_adl11,nearly_sitting_and_getting_up,non_fall,non_fall,0.011574418283998966,none,forward,0.5205088257789612,test,E1_BITS_TO_BITS
w25_00001887,bits,user31,user31_adl11,nearly_sitting_and_getting_up,non_fall,non_fall,0.0038354669231921434,none,forward,0.5432681441307068,test,E1_BITS_TO_BITS
w25_00001888,bits,user31,user31_adl11,nearly_sitting_and_getting_up,non_fall,non_fall,0.00018183425709139556,none,forward,0.5064267516136169,test,E1_BITS_TO_BITS
w25_00001889,bits,user31,user31_adl11,nearly_sitting_and_getting_up,non_fall,non_fall,0.0001683863520156592,none,forward,0.514144778251648,test,E1_BITS_TO_BITS
w25_00001890,bits,user31,user31_adl12,swinging_hands,non_fall,non_fall,0.00030835633515380323,none,forward,0.5109679698944092,test,E1_BITS_TO_BITS
w25_00001891,bits,user31,user31_adl12,swinging_hands,non_fall,non_fall,0.00018399095279164612,none,forward,0.5157414674758911,test,E1_BITS_TO_BITS
w25_00001892,bits,user31,user31_adl12,swinging_hands,non_fall,non_fall,0.00014891343016643077,none,forward,0.5179763436317444,test,E1_BITS_TO_BITS
w25_00001893,bits,user31,user31_adl12,swinging_hands,non_fall,non_fall,0.00015025144966784865,none,forward,0.5193983316421509,test,E1_BITS_TO_BITS
w25_00001894,bits,user31,user31_adl12,swinging_hands,non_fall,non_fall,0.00015763995179440826,none,forward,0.518782377243042,test,E1_BITS_TO_BITS
w25_00001895,bits,user31,user31_adl13,lying_on_bed,non_fall,non_fall,0.00026462131063453853,none,backward,0.8946083188056946,test,E1_BITS_TO_BITS
w25_00001896,bits,user31,user31_adl13,lying_on_bed,non_fall,non_fall,0.00024135933199431747,none,backward,0.8986301422119141,test,E1_BITS_TO_BITS
w25_00001897,bits,user31,user31_adl13,lying_on_bed,non_fall,non_fall,0.00024585891515016556,none,backward,0.8978472352027893,test,E1_BITS_TO_BITS
w25_00001898,bits,user31,user31_adl13,lying_on_bed,non_fall,non_fall,0.00024729533470235765,none,backward,0.8976689577102661,test,E1_BITS_TO_BITS
w25_00001899,bits,user31,user31_adl13,lying_on_bed,non_fall,non_fall,0.00024682635557837784,none,backward,0.8973381519317627,test,E1_BITS_TO_BITS
w25_00001900,bits,user31,user31_adl14,lying_on_back_getting_up_slowly,non_fall,non_fall,0.00020490781753323972,none,backward,0.90461266040802,test,E1_BITS_TO_BITS
w25_00001901,bits,user31,user31_adl14,lying_on_back_getting_up_slowly,non_fall,non_fall,0.0001893581502372399,none,backward,0.9078539609909058,test,E1_BITS_TO_BITS
w25_00001902,bits,user31,user31_adl14,lying_on_back_getting_up_slowly,non_fall,non_fall,0.00018901938165072352,none,backward,0.9079357385635376,test,E1_BITS_TO_BITS
w25_00001903,bits,user31,user31_adl14,lying_on_back_getting_up_slowly,non_fall,non_fall,0.00018978257139679044,none,backward,0.9078348278999329,test,E1_BITS_TO_BITS
w25_00001904,bits,user31,user31_adl14,lying_on_back_getting_up_slowly,non_fall,non_fall,0.00019140119547955692,none,backward,0.9075757265090942,test,E1_BITS_TO_BITS
w25_00001905,bits,user31,user31_adl15,lying_on_back_getting_up_normally,non_fall,non_fall,0.00030988792423158884,none,backward,0.8793991804122925,test,E1_BITS_TO_BITS
w25_00001906,bits,user31,user31_adl15,lying_on_back_getting_up_normally,non_fall,non_fall,0.00030315888579934835,none,backward,0.8820175528526306,test,E1_BITS_TO_BITS
w25_00001907,bits,user31,user31_adl15,lying_on_back_getting_up_normally,non_fall,non_fall,0.0003005447215400636,none,backward,0.8819676041603088,test,E1_BITS_TO_BITS
w25_00001908,bits,user31,user31_adl15,lying_on_back_getting_up_normally,non_fall,non_fall,0.0003003694291692227,none,backward,0.8816757798194885,test,E1_BITS_TO_BITS
w25_00001909,bits,user31,user31_adl15,lying_on_back_getting_up_normally,non_fall,non_fall,0.00030458279070444405,none,backward,0.8810270428657532,test,E1_BITS_TO_BITS
w25_00001910,bits,user31,user31_adl16,lying_sideways_to_back,non_fall,non_fall,0.00019788472854997963,none,backward,0.9154131412506104,test,E1_BITS_TO_BITS
w25_00001911,bits,user31,user31_adl16,lying_sideways_to_back,non_fall,non_fall,0.00018106091010849923,none,backward,0.9195156693458557,test,E1_BITS_TO_BITS
w25_00001912,bits,user31,user31_adl16,lying_sideways_to_back,non_fall,non_fall,0.00018378108507022262,none,backward,0.9187803864479065,test,E1_BITS_TO_BITS
w25_00001913,bits,user31,user31_adl16,lying_sideways_to_back,non_fall,non_fall,0.00017944139835890383,none,backward,0.9195996522903442,test,E1_BITS_TO_BITS
w25_00001914,bits,user31,user31_adl16,lying_sideways_to_back,non_fall,non_fall,0.00017591188952792436,none,backward,0.9193479418754578,test,E1_BITS_TO_BITS
w25_00001915,bits,user31,user31_adl2,walking_quickly,non_fall,non_fall,0.00027221531490795314,none,forward,0.5377973318099976,test,E1_BITS_TO_BITS
w25_00001916,bits,user31,user31_adl2,walking_quickly,non_fall,non_fall,0.00019369294750504196,none,forward,0.5254020690917969,test,E1_BITS_TO_BITS
w25_00001917,bits,user31,user31_adl2,walking_quickly,non_fall,non_fall,0.00014333910075947642,none,forward,0.5138567686080933,test,E1_BITS_TO_BITS
w25_00001918,bits,user31,user31_adl2,walking_quickly,non_fall,non_fall,0.00013324531028047204,none,forward,0.5135079622268677,test,E1_BITS_TO_BITS
w25_00001919,bits,user31,user31_adl2,walking_quickly,non_fall,non_fall,0.00014922856644261628,none,forward,0.5214816927909851,test,E1_BITS_TO_BITS
w25_00001920,bits,user31,user31_adl3,jogging,non_fall,non_fall,0.00014346983516588807,none,forward,0.43852370977401733,test,E1_BITS_TO_BITS
w25_00001921,bits,user31,user31_adl3,jogging,non_fall,non_fall,0.00014717626618221402,none,forward,0.44275346398353577,test,E1_BITS_TO_BITS
w25_00001922,bits,user31,user31_adl3,jogging,non_fall,non_fall,0.00018568162340670824,none,forward,0.47424185276031494,test,E1_BITS_TO_BITS
w25_00001923,bits,user31,user31_adl3,jogging,non_fall,non_fall,0.00020076283544767648,none,forward,0.5027171969413757,test,E1_BITS_TO_BITS
w25_00001924,bits,user31,user31_adl3,jogging,non_fall,non_fall,0.00019466738740447909,none,forward,0.4912630319595337,test,E1_BITS_TO_BITS
w25_00001925,bits,user31,user31_adl4,jumping,non_fall,non_fall,0.0007558244396932423,none,backward,0.5912177562713623,test,E1_BITS_TO_BITS
w25_00001926,bits,user31,user31_adl4,jumping,non_fall,non_fall,0.0031640983652323484,none,backward,0.539135754108429,test,E1_BITS_TO_BITS
w25_00001927,bits,user31,user31_adl4,jumping,non_fall,non_fall,0.005588531494140625,none,backward,0.5057961940765381,test,E1_BITS_TO_BITS
w25_00001928,bits,user31,user31_adl4,jumping,non_fall,non_fall,0.01272074319422245,none,backward,0.45978841185569763,test,E1_BITS_TO_BITS
w25_00001929,bits,user31,user31_adl4,jumping,non_fall,non_fall,0.009820183739066124,none,lateral,0.40844833850860596,test,E1_BITS_TO_BITS
w25_00001930,bits,user31,user31_adl5,climbing_up_slowly,non_fall,non_fall,0.00013463538198266178,none,backward,0.716355562210083,test,E1_BITS_TO_BITS
w25_00001931,bits,user31,user31_adl5,climbing_up_slowly,non_fall,non_fall,0.00017132061475422233,none,backward,0.7131906151771545,test,E1_BITS_TO_BITS
w25_00001932,bits,user31,user31_adl5,climbing_up_slowly,non_fall,non_fall,0.00014855546760372818,none,backward,0.7215481996536255,test,E1_BITS_TO_BITS
w25_00001933,bits,user31,user31_adl5,climbing_up_slowly,non_fall,non_fall,0.0001605197903700173,none,backward,0.751905083656311,test,E1_BITS_TO_BITS
w25_00001934,bits,user31,user31_adl5,climbing_up_slowly,non_fall,non_fall,0.00012610247358679771,none,backward,0.7521328330039978,test,E1_BITS_TO_BITS
w25_00001935,bits,user31,user31_adl6,climbing_down_slowly,non_fall,non_fall,0.00011265344801358879,none,forward,0.5170531868934631,test,E1_BITS_TO_BITS
w25_00001936,bits,user31,user31_adl6,climbing_down_slowly,non_fall,non_fall,0.00015464404714293778,none,forward,0.4931066334247589,test,E1_BITS_TO_BITS
w25_00001937,bits,user31,user31_adl6,climbing_down_slowly,non_fall,non_fall,0.0006409670459106565,none,forward,0.5010004639625549,test,E1_BITS_TO_BITS
w25_00001938,bits,user31,user31_adl6,climbing_down_slowly,non_fall,non_fall,0.0007301905425265431,none,forward,0.504810631275177,test,E1_BITS_TO_BITS
w25_00001939,bits,user31,user31_adl6,climbing_down_slowly,non_fall,non_fall,0.0002567316696513444,none,forward,0.5163261890411377,test,E1_BITS_TO_BITS
w25_00001940,bits,user31,user31_adl7,climbing_up_normally,non_fall,non_fall,8.789220737526193e-05,none,forward,0.44456931948661804,test,E1_BITS_TO_BITS
w25_00001941,bits,user31,user31_adl7,climbing_up_normally,non_fall,non_fall,0.00010973195458063856,none,forward,0.4776531159877777,test,E1_BITS_TO_BITS
w25_00001942,bits,user31,user31_adl7,climbing_up_normally,non_fall,non_fall,0.00012940444867126644,none,forward,0.5080159306526184,test,E1_BITS_TO_BITS
w25_00001943,bits,user31,user31_adl7,climbing_up_normally,non_fall,non_fall,0.00012665451504290104,none,forward,0.5090481042861938,test,E1_BITS_TO_BITS
w25_00001944,bits,user31,user31_adl7,climbing_up_normally,non_fall,non_fall,0.0001255712704733014,none,forward,0.5025796890258789,test,E1_BITS_TO_BITS
w25_00001945,bits,user31,user31_adl8,climbing_down_normally,non_fall,non_fall,0.00022055669978726655,none,forward,0.43779051303863525,test,E1_BITS_TO_BITS
w25_00001946,bits,user31,user31_adl8,climbing_down_normally,non_fall,non_fall,0.00020190617942716926,none,forward,0.43334561586380005,test,E1_BITS_TO_BITS
w25_00001947,bits,user31,user31_adl8,climbing_down_normally,non_fall,non_fall,0.0002409666049061343,none,forward,0.44784051179885864,test,E1_BITS_TO_BITS
w25_00001948,bits,user31,user31_adl8,climbing_down_normally,non_fall,non_fall,0.000275962840532884,none,forward,0.46399277448654175,test,E1_BITS_TO_BITS
w25_00001949,bits,user31,user31_adl8,climbing_down_normally,non_fall,non_fall,0.0002700341574382037,none,forward,0.46810948848724365,test,E1_BITS_TO_BITS
w25_00001950,bits,user31,user31_adl9,slowly_sitting_on_chair,non_fall,non_fall,0.00014055379142519087,none,forward,0.5094059705734253,test,E1_BITS_TO_BITS
w25_00001951,bits,user31,user31_adl9,slowly_sitting_on_chair,non_fall,non_fall,0.00013070432760287076,none,forward,0.4970585107803345,test,E1_BITS_TO_BITS
w25_00001952,bits,user31,user31_adl9,slowly_sitting_on_chair,non_fall,non_fall,0.00014456278586294502,none,forward,0.5124785304069519,test,E1_BITS_TO_BITS
w25_00001953,bits,user31,user31_adl9,slowly_sitting_on_chair,non_fall,non_fall,0.00013660540571436286,none,forward,0.5136329531669617,test,E1_BITS_TO_BITS
w25_00001954,bits,user31,user31_adl9,slowly_sitting_on_chair,non_fall,non_fall,0.0001286406914005056,none,forward,0.5015616416931152,test,E1_BITS_TO_BITS
w25_00002275,bits,user36,user36_adl1,walking_slowly,non_fall,non_fall,0.14563891291618347,none,lateral,0.4460555911064148,test,E1_BITS_TO_BITS
w25_00002276,bits,user36,user36_adl1,walking_slowly,non_fall,non_fall,0.02395341545343399,none,forward,0.508381724357605,test,E1_BITS_TO_BITS
w25_00002277,bits,user36,user36_adl1,walking_slowly,non_fall,non_fall,0.0009817815152928233,none,forward,0.6131885647773743,test,E1_BITS_TO_BITS
w25_00002278,bits,user36,user36_adl1,walking_slowly,non_fall,non_fall,0.0003831973299384117,none,forward,0.6078768968582153,test,E1_BITS_TO_BITS
w25_00002279,bits,user36,user36_adl1,walking_slowly,non_fall,non_fall,0.0003672569873742759,none,forward,0.5692135095596313,test,E1_BITS_TO_BITS
w25_00002280,bits,user36,user36_adl10,rapidly_sitting_on_chair,non_fall,non_fall,0.00020042619144078344,none,forward,0.511801540851593,test,E1_BITS_TO_BITS
w25_00002281,bits,user36,user36_adl10,rapidly_sitting_on_chair,non_fall,non_fall,0.0001279836578760296,none,forward,0.4971863627433777,test,E1_BITS_TO_BITS
w25_00002282,bits,user36,user36_adl10,rapidly_sitting_on_chair,non_fall,non_fall,0.00012761415564455092,none,forward,0.5125082731246948,test,E1_BITS_TO_BITS
w25_00002283,bits,user36,user36_adl10,rapidly_sitting_on_chair,non_fall,non_fall,0.00011662382894428447,none,forward,0.5016401410102844,test,E1_BITS_TO_BITS
w25_00002284,bits,user36,user36_adl10,rapidly_sitting_on_chair,non_fall,non_fall,9.41243561101146e-05,none,forward,0.45453643798828125,test,E1_BITS_TO_BITS
w25_00002285,bits,user36,user36_adl11,nearly_sitting_and_getting_up,non_fall,non_fall,4.7082237870199606e-05,none,backward,0.79728102684021,test,E1_BITS_TO_BITS
w25_00002286,bits,user36,user36_adl11,nearly_sitting_and_getting_up,non_fall,non_fall,5.7105633459286764e-05,none,backward,0.7818999886512756,test,E1_BITS_TO_BITS
w25_00002287,bits,user36,user36_adl11,nearly_sitting_and_getting_up,non_fall,non_fall,0.00011106638703495264,none,backward,0.7782719135284424,test,E1_BITS_TO_BITS
w25_00002288,bits,user36,user36_adl11,nearly_sitting_and_getting_up,non_fall,non_fall,0.00047171389451250434,none,backward,0.6832733154296875,test,E1_BITS_TO_BITS
w25_00002289,bits,user36,user36_adl11,nearly_sitting_and_getting_up,non_fall,non_fall,0.002199959009885788,none,backward,0.543462872505188,test,E1_BITS_TO_BITS
w25_00002290,bits,user36,user36_adl12,swinging_hands,non_fall,non_fall,3.170254331053002e-06,none,lateral,0.5026746988296509,test,E1_BITS_TO_BITS
w25_00002291,bits,user36,user36_adl12,swinging_hands,non_fall,non_fall,2.5354390800202964e-06,none,lateral,0.516448974609375,test,E1_BITS_TO_BITS
w25_00002292,bits,user36,user36_adl12,swinging_hands,non_fall,non_fall,1.7711270174913807e-06,none,lateral,0.7757686376571655,test,E1_BITS_TO_BITS
w25_00002293,bits,user36,user36_adl12,swinging_hands,non_fall,non_fall,9.584657618688652e-07,none,lateral,0.7875860929489136,test,E1_BITS_TO_BITS
w25_00002294,bits,user36,user36_adl12,swinging_hands,non_fall,non_fall,2.3241350390890148e-06,none,lateral,0.7765263319015503,test,E1_BITS_TO_BITS
w25_00002295,bits,user36,user36_adl13,lying_on_bed,non_fall,non_fall,2.4826318622217514e-05,none,backward,0.9225896000862122,test,E1_BITS_TO_BITS
w25_00002296,bits,user36,user36_adl13,lying_on_bed,non_fall,non_fall,1.917216468427796e-05,none,backward,0.9333334565162659,test,E1_BITS_TO_BITS
w25_00002297,bits,user36,user36_adl13,lying_on_bed,non_fall,non_fall,2.0133438738412224e-05,none,backward,0.9358575940132141,test,E1_BITS_TO_BITS
w25_00002298,bits,user36,user36_adl13,lying_on_bed,non_fall,non_fall,2.2090420316089876e-05,none,backward,0.9350598454475403,test,E1_BITS_TO_BITS
w25_00002299,bits,user36,user36_adl13,lying_on_bed,non_fall,non_fall,2.0951145415892825e-05,none,backward,0.9361848831176758,test,E1_BITS_TO_BITS
w25_00002300,bits,user36,user36_adl14,lying_on_back_getting_up_slowly,non_fall,non_fall,3.4783231967594475e-05,none,backward,0.9135751724243164,test,E1_BITS_TO_BITS
w25_00002301,bits,user36,user36_adl14,lying_on_back_getting_up_slowly,non_fall,non_fall,3.4898424928542227e-05,none,backward,0.9135557413101196,test,E1_BITS_TO_BITS
w25_00002302,bits,user36,user36_adl14,lying_on_back_getting_up_slowly,non_fall,non_fall,3.558579192031175e-05,none,backward,0.9128237962722778,test,E1_BITS_TO_BITS
w25_00002303,bits,user36,user36_adl14,lying_on_back_getting_up_slowly,non_fall,non_fall,3.476001802482642e-05,none,backward,0.9140625596046448,test,E1_BITS_TO_BITS
w25_00002304,bits,user36,user36_adl14,lying_on_back_getting_up_slowly,non_fall,non_fall,3.536906297085807e-05,none,backward,0.9127296805381775,test,E1_BITS_TO_BITS
w25_00002305,bits,user36,user36_adl15,lying_on_back_getting_up_normally,non_fall,non_fall,0.00022701304988004267,none,backward,0.760614275932312,test,E1_BITS_TO_BITS
w25_00002306,bits,user36,user36_adl15,lying_on_back_getting_up_normally,non_fall,non_fall,0.00022605729463975877,none,backward,0.7605813145637512,test,E1_BITS_TO_BITS
w25_00002307,bits,user36,user36_adl15,lying_on_back_getting_up_normally,non_fall,non_fall,0.00022667284065391868,none,backward,0.7603046298027039,test,E1_BITS_TO_BITS
w25_00002308,bits,user36,user36_adl15,lying_on_back_getting_up_normally,non_fall,non_fall,0.0002244741772301495,none,backward,0.7601025700569153,test,E1_BITS_TO_BITS
w25_00002309,bits,user36,user36_adl15,lying_on_back_getting_up_normally,non_fall,non_fall,0.00021922372980043292,none,backward,0.7615582942962646,test,E1_BITS_TO_BITS
w25_00002310,bits,user36,user36_adl16,lying_sideways_to_back,non_fall,non_fall,2.099705125147011e-05,none,backward,0.931795060634613,test,E1_BITS_TO_BITS
w25_00002311,bits,user36,user36_adl16,lying_sideways_to_back,non_fall,non_fall,2.0973855498596095e-05,none,backward,0.9319679141044617,test,E1_BITS_TO_BITS
w25_00002312,bits,user36,user36_adl16,lying_sideways_to_back,non_fall,non_fall,2.099400808219798e-05,none,backward,0.9321148991584778,test,E1_BITS_TO_BITS
w25_00002313,bits,user36,user36_adl16,lying_sideways_to_back,non_fall,non_fall,2.088477776851505e-05,none,backward,0.931998074054718,test,E1_BITS_TO_BITS
w25_00002314,bits,user36,user36_adl16,lying_sideways_to_back,non_fall,non_fall,2.0687244614236988e-05,none,backward,0.9322506785392761,test,E1_BITS_TO_BITS
w25_00002315,bits,user36,user36_adl2,walking_quickly,non_fall,non_fall,0.0007211672491393983,none,forward,0.38382264971733093,test,E1_BITS_TO_BITS
w25_00002316,bits,user36,user36_adl2,walking_quickly,non_fall,non_fall,0.0007287287153303623,none,lateral,0.395419716835022,test,E1_BITS_TO_BITS
w25_00002317,bits,user36,user36_adl2,walking_quickly,non_fall,non_fall,0.0002179440634790808,none,lateral,0.4037422239780426,test,E1_BITS_TO_BITS
w25_00002318,bits,user36,user36_adl2,walking_quickly,non_fall,non_fall,0.00014076169463805854,none,lateral,0.4830821752548218,test,E1_BITS_TO_BITS
w25_00002319,bits,user36,user36_adl2,walking_quickly,non_fall,non_fall,0.00012499926378950477,none,lateral,0.5176993012428284,test,E1_BITS_TO_BITS
w25_00002320,bits,user36,user36_adl3,jogging,non_fall,non_fall,0.011014387011528015,none,backward,0.5079870820045471,test,E1_BITS_TO_BITS
w25_00002321,bits,user36,user36_adl3,jogging,non_fall,non_fall,6.457570270868018e-05,none,lateral,0.4245511591434479,test,E1_BITS_TO_BITS
w25_00002322,bits,user36,user36_adl3,jogging,non_fall,non_fall,4.477707079786342e-06,none,lateral,0.3913174569606781,test,E1_BITS_TO_BITS
w25_00002323,bits,user36,user36_adl3,jogging,non_fall,non_fall,4.183678356639575e-06,none,backward,0.5187016725540161,test,E1_BITS_TO_BITS
w25_00002324,bits,user36,user36_adl3,jogging,non_fall,non_fall,6.214678705873666e-06,none,lateral,0.4145771861076355,test,E1_BITS_TO_BITS
w25_00002325,bits,user36,user36_adl4,jumping,non_fall,non_fall,1.1207393981749192e-05,none,forward,0.6569200754165649,test,E1_BITS_TO_BITS
w25_00002326,bits,user36,user36_adl4,jumping,non_fall,non_fall,3.063698159166961e-06,none,forward,0.7594373226165771,test,E1_BITS_TO_BITS
w25_00002327,bits,user36,user36_adl4,jumping,non_fall,non_fall,9.625456414141809e-07,none,forward,0.6178014874458313,test,E1_BITS_TO_BITS
w25_00002328,bits,user36,user36_adl4,jumping,non_fall,non_fall,6.924407216502004e-07,none,lateral,0.6771305799484253,test,E1_BITS_TO_BITS
w25_00002329,bits,user36,user36_adl4,jumping,non_fall,non_fall,2.537044281325507e-07,none,lateral,0.5805132389068604,test,E1_BITS_TO_BITS
w25_00002330,bits,user36,user36_adl5,climbing_up_slowly,non_fall,non_fall,2.5471599656157196e-05,none,forward,0.42154672741889954,test,E1_BITS_TO_BITS
w25_00002331,bits,user36,user36_adl5,climbing_up_slowly,non_fall,non_fall,2.426207902317401e-05,none,forward,0.4242078363895416,test,E1_BITS_TO_BITS
w25_00002332,bits,user36,user36_adl5,climbing_up_slowly,non_fall,non_fall,3.2604235457256436e-05,none,backward,0.3527315855026245,test,E1_BITS_TO_BITS
w25_00002333,bits,user36,user36_adl5,climbing_up_slowly,non_fall,non_fall,5.023149788030423e-05,none,backward,0.6765511631965637,test,E1_BITS_TO_BITS
w25_00002334,bits,user36,user36_adl5,climbing_up_slowly,non_fall,non_fall,0.0007482351502403617,none,backward,0.8496861457824707,test,E1_BITS_TO_BITS
w25_00002335,bits,user36,user36_adl6,climbing_down_slowly,non_fall,non_fall,0.000708040373865515,none,forward,0.38422176241874695,test,E1_BITS_TO_BITS
w25_00002336,bits,user36,user36_adl6,climbing_down_slowly,non_fall,non_fall,0.0009179451735690236,none,forward,0.4219455420970917,test,E1_BITS_TO_BITS
w25_00002337,bits,user36,user36_adl6,climbing_down_slowly,non_fall,non_fall,0.0012179521145299077,none,forward,0.41464099287986755,test,E1_BITS_TO_BITS
w25_00002338,bits,user36,user36_adl6,climbing_down_slowly,non_fall,non_fall,0.0019702278077602386,none,forward,0.40672481060028076,test,E1_BITS_TO_BITS
w25_00002339,bits,user36,user36_adl6,climbing_down_slowly,non_fall,non_fall,0.0018977175932377577,none,forward,0.4453514516353607,test,E1_BITS_TO_BITS
w25_00002340,bits,user36,user36_adl7,climbing_up_normally,non_fall,non_fall,5.0104190449928865e-05,none,forward,0.40143442153930664,test,E1_BITS_TO_BITS
w25_00002341,bits,user36,user36_adl7,climbing_up_normally,non_fall,non_fall,2.805641997838393e-05,none,forward,0.543264627456665,test,E1_BITS_TO_BITS
w25_00002342,bits,user36,user36_adl7,climbing_up_normally,non_fall,non_fall,3.064708289457485e-05,none,forward,0.5677414536476135,test,E1_BITS_TO_BITS
w25_00002343,bits,user36,user36_adl7,climbing_up_normally,non_fall,non_fall,3.979289249400608e-05,none,forward,0.561340868473053,test,E1_BITS_TO_BITS
w25_00002344,bits,user36,user36_adl7,climbing_up_normally,non_fall,non_fall,0.00047074115718714893,none,forward,0.4918256103992462,test,E1_BITS_TO_BITS
w25_00002345,bits,user36,user36_adl8,climbing_down_normally,non_fall,non_fall,0.0004048772680107504,none,forward,0.44550982117652893,test,E1_BITS_TO_BITS
w25_00002346,bits,user36,user36_adl8,climbing_down_normally,non_fall,non_fall,0.0017102273413911462,none,forward,0.39710450172424316,test,E1_BITS_TO_BITS
w25_00002347,bits,user36,user36_adl8,climbing_down_normally,non_fall,non_fall,0.0017934493953362107,none,forward,0.39912673830986023,test,E1_BITS_TO_BITS
w25_00002348,bits,user36,user36_adl8,climbing_down_normally,non_fall,non_fall,8.658308070152998e-05,none,forward,0.520601749420166,test,E1_BITS_TO_BITS
w25_00002349,bits,user36,user36_adl8,climbing_down_normally,non_fall,non_fall,8.592801896156743e-05,none,backward,0.477592796087265,test,E1_BITS_TO_BITS
w25_00002350,bits,user36,user36_adl9,slowly_sitting_on_chair,non_fall,non_fall,0.00015228227130137384,none,forward,0.44650042057037354,test,E1_BITS_TO_BITS
w25_00002351,bits,user36,user36_adl9,slowly_sitting_on_chair,non_fall,non_fall,0.00043252072646282613,none,forward,0.48002269864082336,test,E1_BITS_TO_BITS
w25_00002352,bits,user36,user36_adl9,slowly_sitting_on_chair,non_fall,non_fall,0.00017568442854098976,none,forward,0.4503871202468872,test,E1_BITS_TO_BITS
w25_00002353,bits,user36,user36_adl9,slowly_sitting_on_chair,non_fall,non_fall,0.00010456530435476452,none,forward,0.4448598325252533,test,E1_BITS_TO_BITS
w25_00002354,bits,user36,user36_adl9,slowly_sitting_on_chair,non_fall,non_fall,9.122976916842163e-05,none,forward,0.42457902431488037,test,E1_BITS_TO_BITS
w25_00002515,bits,user39,user39_adl1,walking_slowly,non_fall,non_fall,7.708610064582899e-05,none,backward,0.5024502873420715,test,E1_BITS_TO_BITS
w25_00002516,bits,user39,user39_adl1,walking_slowly,non_fall,non_fall,8.645931666251272e-05,none,backward,0.5389686822891235,test,E1_BITS_TO_BITS
w25_00002517,bits,user39,user39_adl1,walking_slowly,non_fall,non_fall,9.995470463763922e-05,none,backward,0.5538603067398071,test,E1_BITS_TO_BITS
w25_00002518,bits,user39,user39_adl1,walking_slowly,non_fall,non_fall,0.00016288808546960354,none,backward,0.5223543643951416,test,E1_BITS_TO_BITS
w25_00002519,bits,user39,user39_adl1,walking_slowly,non_fall,non_fall,0.00018422320135869086,none,backward,0.49020490050315857,test,E1_BITS_TO_BITS
w25_00002520,bits,user39,user39_adl10,rapidly_sitting_on_chair,non_fall,non_fall,0.0003162496432196349,none,forward,0.5309499502182007,test,E1_BITS_TO_BITS
w25_00002521,bits,user39,user39_adl10,rapidly_sitting_on_chair,non_fall,non_fall,0.0003827599575743079,none,forward,0.5373310446739197,test,E1_BITS_TO_BITS
w25_00002522,bits,user39,user39_adl10,rapidly_sitting_on_chair,non_fall,non_fall,0.0003300395037513226,none,forward,0.5397769212722778,test,E1_BITS_TO_BITS
w25_00002523,bits,user39,user39_adl10,rapidly_sitting_on_chair,non_fall,non_fall,0.0002663531631696969,none,forward,0.5330895781517029,test,E1_BITS_TO_BITS
w25_00002524,bits,user39,user39_adl10,rapidly_sitting_on_chair,non_fall,non_fall,0.00023346884700004011,none,forward,0.5208872556686401,test,E1_BITS_TO_BITS
w25_00002525,bits,user39,user39_adl11,nearly_sitting_and_getting_up,non_fall,non_fall,9.401993156643584e-05,none,backward,0.4251096844673157,test,E1_BITS_TO_BITS
w25_00002526,bits,user39,user39_adl11,nearly_sitting_and_getting_up,non_fall,non_fall,7.521986844949424e-05,none,backward,0.5056902170181274,test,E1_BITS_TO_BITS
w25_00002527,bits,user39,user39_adl11,nearly_sitting_and_getting_up,non_fall,non_fall,6.967959780013189e-05,none,backward,0.5589277744293213,test,E1_BITS_TO_BITS
w25_00002528,bits,user39,user39_adl11,nearly_sitting_and_getting_up,non_fall,non_fall,8.686532237334177e-05,none,backward,0.6083537340164185,test,E1_BITS_TO_BITS
w25_00002529,bits,user39,user39_adl11,nearly_sitting_and_getting_up,non_fall,non_fall,9.511431562714279e-05,none,backward,0.6873615384101868,test,E1_BITS_TO_BITS
w25_00002530,bits,user39,user39_adl12,swinging_hands,non_fall,non_fall,0.006096617318689823,none,forward,0.4689461290836334,test,E1_BITS_TO_BITS
w25_00002531,bits,user39,user39_adl12,swinging_hands,non_fall,non_fall,0.00029227009508758783,none,forward,0.47925570607185364,test,E1_BITS_TO_BITS
w25_00002532,bits,user39,user39_adl12,swinging_hands,non_fall,non_fall,0.00014757747703697532,none,lateral,0.44582700729370117,test,E1_BITS_TO_BITS
w25_00002533,bits,user39,user39_adl12,swinging_hands,non_fall,non_fall,7.559451478300616e-05,none,forward,0.4272521436214447,test,E1_BITS_TO_BITS
w25_00002534,bits,user39,user39_adl12,swinging_hands,non_fall,non_fall,4.906695903628133e-05,none,forward,0.42644649744033813,test,E1_BITS_TO_BITS
w25_00002535,bits,user39,user39_adl13,lying_on_bed,non_fall,non_fall,0.000620654143858701,none,backward,0.6708967685699463,test,E1_BITS_TO_BITS
w25_00002536,bits,user39,user39_adl13,lying_on_bed,non_fall,non_fall,0.0005956434179097414,none,backward,0.6758890748023987,test,E1_BITS_TO_BITS
w25_00002537,bits,user39,user39_adl13,lying_on_bed,non_fall,non_fall,0.0006080145831219852,none,backward,0.6752671003341675,test,E1_BITS_TO_BITS
w25_00002538,bits,user39,user39_adl13,lying_on_bed,non_fall,non_fall,0.0006121577462181449,none,backward,0.6755252480506897,test,E1_BITS_TO_BITS
w25_00002539,bits,user39,user39_adl13,lying_on_bed,non_fall,non_fall,0.0006056561833247542,none,backward,0.6759110689163208,test,E1_BITS_TO_BITS
w25_00002540,bits,user39,user39_adl14,lying_on_back_getting_up_slowly,non_fall,non_fall,0.000736486108507961,none,backward,0.7571260333061218,test,E1_BITS_TO_BITS
w25_00002541,bits,user39,user39_adl14,lying_on_back_getting_up_slowly,non_fall,non_fall,0.0007284822058863938,none,backward,0.7727020382881165,test,E1_BITS_TO_BITS
w25_00002542,bits,user39,user39_adl14,lying_on_back_getting_up_slowly,non_fall,non_fall,0.0006205293466337025,none,backward,0.7745690941810608,test,E1_BITS_TO_BITS
w25_00002543,bits,user39,user39_adl14,lying_on_back_getting_up_slowly,non_fall,non_fall,0.0007267732289619744,none,backward,0.7819055318832397,test,E1_BITS_TO_BITS
w25_00002544,bits,user39,user39_adl14,lying_on_back_getting_up_slowly,non_fall,non_fall,0.0011143607553094625,none,backward,0.7813303470611572,test,E1_BITS_TO_BITS
w25_00002545,bits,user39,user39_adl15,lying_on_back_getting_up_normally,non_fall,non_fall,0.006691817194223404,none,backward,0.7269960045814514,test,E1_BITS_TO_BITS
w25_00002546,bits,user39,user39_adl15,lying_on_back_getting_up_normally,non_fall,non_fall,0.009200919419527054,none,backward,0.7371544241905212,test,E1_BITS_TO_BITS
w25_00002547,bits,user39,user39_adl15,lying_on_back_getting_up_normally,non_fall,non_fall,0.04342729598283768,none,backward,0.8079923391342163,test,E1_BITS_TO_BITS
w25_00002548,bits,user39,user39_adl15,lying_on_back_getting_up_normally,non_fall,non_fall,0.1290607750415802,none,backward,0.7998443841934204,test,E1_BITS_TO_BITS
w25_00002549,bits,user39,user39_adl15,lying_on_back_getting_up_normally,non_fall,non_fall,0.2143937349319458,none,backward,0.7774242758750916,test,E1_BITS_TO_BITS
w25_00002550,bits,user39,user39_adl16,lying_sideways_to_back,non_fall,non_fall,0.00014465766435023397,none,backward,0.9124597907066345,test,E1_BITS_TO_BITS
w25_00002551,bits,user39,user39_adl16,lying_sideways_to_back,non_fall,non_fall,0.00013654575741384178,none,backward,0.9157042503356934,test,E1_BITS_TO_BITS
w25_00002552,bits,user39,user39_adl16,lying_sideways_to_back,non_fall,non_fall,0.00013544959074351937,none,backward,0.9170501232147217,test,E1_BITS_TO_BITS
w25_00002553,bits,user39,user39_adl16,lying_sideways_to_back,non_fall,non_fall,0.00013644919090438634,none,backward,0.9168433547019958,test,E1_BITS_TO_BITS
w25_00002554,bits,user39,user39_adl16,lying_sideways_to_back,non_fall,non_fall,0.00013270504132378846,none,backward,0.9174078702926636,test,E1_BITS_TO_BITS
w25_00002555,bits,user39,user39_adl2,walking_quickly,non_fall,non_fall,0.0002852401230484247,none,backward,0.40635746717453003,test,E1_BITS_TO_BITS
w25_00002556,bits,user39,user39_adl2,walking_quickly,non_fall,non_fall,0.00029379097395576537,none,backward,0.4165329933166504,test,E1_BITS_TO_BITS
w25_00002557,bits,user39,user39_adl2,walking_quickly,non_fall,non_fall,0.0002712050045374781,none,backward,0.4131920337677002,test,E1_BITS_TO_BITS
w25_00002558,bits,user39,user39_adl2,walking_quickly,non_fall,non_fall,0.0002128804480889812,none,backward,0.4038759171962738,test,E1_BITS_TO_BITS
w25_00002559,bits,user39,user39_adl2,walking_quickly,non_fall,non_fall,0.0002386529668001458,none,forward,0.4106976091861725,test,E1_BITS_TO_BITS
w25_00002560,bits,user39,user39_adl3,jogging,non_fall,non_fall,0.0010505298851057887,none,forward,0.4343363344669342,test,E1_BITS_TO_BITS
w25_00002561,bits,user39,user39_adl3,jogging,non_fall,non_fall,0.001002014963887632,none,forward,0.4575886130332947,test,E1_BITS_TO_BITS
w25_00002562,bits,user39,user39_adl3,jogging,non_fall,non_fall,0.0008124191663227975,none,forward,0.47576120495796204,test,E1_BITS_TO_BITS
w25_00002563,bits,user39,user39_adl3,jogging,non_fall,non_fall,0.00017415832553524524,none,forward,0.5428215861320496,test,E1_BITS_TO_BITS
w25_00002564,bits,user39,user39_adl3,jogging,non_fall,non_fall,0.00019803119357675314,none,forward,0.5544427633285522,test,E1_BITS_TO_BITS
w25_00002565,bits,user39,user39_adl4,jumping,non_fall,non_fall,5.8601821365300566e-05,none,lateral,0.7460199594497681,test,E1_BITS_TO_BITS
w25_00002566,bits,user39,user39_adl4,jumping,non_fall,non_fall,6.118142482591793e-05,none,lateral,0.5426317453384399,test,E1_BITS_TO_BITS
w25_00002567,bits,user39,user39_adl4,jumping,non_fall,non_fall,0.00044313035323284566,none,lateral,0.7891139984130859,test,E1_BITS_TO_BITS
w25_00002568,bits,user39,user39_adl4,jumping,non_fall,non_fall,0.0024758456274867058,none,lateral,0.8934190273284912,test,E1_BITS_TO_BITS
w25_00002569,bits,user39,user39_adl4,jumping,non_fall,non_fall,0.046421583741903305,none,forward,0.9573068618774414,test,E1_BITS_TO_BITS
w25_00002570,bits,user39,user39_adl5,climbing_up_slowly,non_fall,non_fall,0.00036363652907311916,none,backward,0.7439551949501038,test,E1_BITS_TO_BITS
w25_00002571,bits,user39,user39_adl5,climbing_up_slowly,non_fall,non_fall,0.0005837753997184336,none,backward,0.6692891120910645,test,E1_BITS_TO_BITS
w25_00002572,bits,user39,user39_adl5,climbing_up_slowly,non_fall,non_fall,0.002015494741499424,none,backward,0.5379887819290161,test,E1_BITS_TO_BITS
w25_00002573,bits,user39,user39_adl5,climbing_up_slowly,non_fall,non_fall,0.010605656541883945,none,backward,0.432671457529068,test,E1_BITS_TO_BITS
w25_00002574,bits,user39,user39_adl5,climbing_up_slowly,non_fall,non_fall,0.0032859828788787127,none,backward,0.4082605242729187,test,E1_BITS_TO_BITS
w25_00002575,bits,user39,user39_adl6,climbing_down_slowly,non_fall,non_fall,5.0771745009114966e-05,none,forward,0.3675794005393982,test,E1_BITS_TO_BITS
w25_00002576,bits,user39,user39_adl6,climbing_down_slowly,non_fall,non_fall,6.386457243934274e-05,none,backward,0.3670301139354706,test,E1_BITS_TO_BITS
w25_00002577,bits,user39,user39_adl6,climbing_down_slowly,non_fall,non_fall,0.0017337292665615678,none,backward,0.4517117142677307,test,E1_BITS_TO_BITS
w25_00002578,bits,user39,user39_adl6,climbing_down_slowly,non_fall,non_fall,0.000725692545529455,none,backward,0.5508261919021606,test,E1_BITS_TO_BITS
w25_00002579,bits,user39,user39_adl6,climbing_down_slowly,non_fall,non_fall,0.00028876386932097375,none,backward,0.5907808542251587,test,E1_BITS_TO_BITS
w25_00002580,bits,user39,user39_adl7,climbing_up_normally,non_fall,non_fall,0.00026899142540059984,none,forward,0.5344491600990295,test,E1_BITS_TO_BITS
w25_00002581,bits,user39,user39_adl7,climbing_up_normally,non_fall,non_fall,0.00023189526109490544,none,forward,0.5048745274543762,test,E1_BITS_TO_BITS
w25_00002582,bits,user39,user39_adl7,climbing_up_normally,non_fall,non_fall,0.00016151084855664521,none,forward,0.4846663475036621,test,E1_BITS_TO_BITS
w25_00002583,bits,user39,user39_adl7,climbing_up_normally,non_fall,non_fall,0.0001401228946633637,none,forward,0.47709712386131287,test,E1_BITS_TO_BITS
w25_00002584,bits,user39,user39_adl7,climbing_up_normally,non_fall,non_fall,0.00019983237143605947,none,forward,0.4926018714904785,test,E1_BITS_TO_BITS
w25_00002585,bits,user39,user39_adl8,climbing_down_normally,non_fall,non_fall,0.00016697710088919848,none,forward,0.5293548107147217,test,E1_BITS_TO_BITS
w25_00002586,bits,user39,user39_adl8,climbing_down_normally,non_fall,non_fall,0.00015000464918557554,none,forward,0.52398681640625,test,E1_BITS_TO_BITS
w25_00002587,bits,user39,user39_adl8,climbing_down_normally,non_fall,non_fall,0.0001691547513473779,none,forward,0.5159143209457397,test,E1_BITS_TO_BITS
w25_00002588,bits,user39,user39_adl8,climbing_down_normally,non_fall,non_fall,0.00036913558142259717,none,forward,0.5016850233078003,test,E1_BITS_TO_BITS
w25_00002589,bits,user39,user39_adl8,climbing_down_normally,non_fall,non_fall,0.0014738854952156544,none,forward,0.48693689703941345,test,E1_BITS_TO_BITS
w25_00002590,bits,user39,user39_adl9,slowly_sitting_on_chair,non_fall,non_fall,0.000213385428651236,none,forward,0.5203335881233215,test,E1_BITS_TO_BITS
w25_00002591,bits,user39,user39_adl9,slowly_sitting_on_chair,non_fall,non_fall,0.00020445446716621518,none,forward,0.5196652412414551,test,E1_BITS_TO_BITS
w25_00002592,bits,user39,user39_adl9,slowly_sitting_on_chair,non_fall,non_fall,0.00019640481332316995,none,forward,0.517642617225647,test,E1_BITS_TO_BITS
w25_00002593,bits,user39,user39_adl9,slowly_sitting_on_chair,non_fall,non_fall,0.00030338962096720934,none,forward,0.5085931420326233,test,E1_BITS_TO_BITS
w25_00002594,bits,user39,user39_adl9,slowly_sitting_on_chair,non_fall,non_fall,0.0005455492646433413,none,forward,0.4725939631462097,test,E1_BITS_TO_BITS
w25_00003296,bits,user17,user17_fall1,forward_fall_landing_on_knee,fall,fall,0.9868168234825134,forward,forward,0.7611013054847717,test,E1_BITS_TO_BITS
w25_00003297,bits,user17,user17_fall2,right_fall,fall,fall,0.9999867677688599,lateral,forward,0.9922309517860413,test,E1_BITS_TO_BITS
w25_00003298,bits,user17,user17_fall3,left_fall,fall,fall,0.983065128326416,lateral,lateral,0.9102275371551514,test,E1_BITS_TO_BITS
w25_00003299,bits,user17,user17_fall4,forward_fall,fall,fall,0.9986502528190613,forward,forward,0.9978464841842651,test,E1_BITS_TO_BITS
w25_00003300,bits,user17,user17_fall5,seated_on_bed_falling_on_ground,fall,fall,0.8936252593994141,none,lateral,0.4719427227973938,test,E1_BITS_TO_BITS
w25_00003301,bits,user17,user17_fall6,forward_fall_body_weight_on_hand,fall,fall,1.0,forward,forward,0.9943240880966187,test,E1_BITS_TO_BITS
w25_00003302,bits,user17,user17_fall7,backward_fall_from_seated,fall,non_fall,0.36082276701927185,backward,backward,0.7187185287475586,test,E1_BITS_TO_BITS
w25_00003303,bits,user17,user17_fall8,grabbing_while_falling,fall,fall,0.999996542930603,none,forward,0.6203913688659668,test,E1_BITS_TO_BITS
w25_00003384,bits,user27,user27_fall1,forward_fall_landing_on_knee,fall,non_fall,0.00019117302144877613,forward,forward,0.43831488490104675,test,E1_BITS_TO_BITS
w25_00003385,bits,user27,user27_fall2,right_fall,fall,fall,0.9999988079071045,lateral,lateral,0.5825513005256653,test,E1_BITS_TO_BITS
w25_00003386,bits,user27,user27_fall3,left_fall,fall,fall,0.9999996423721313,lateral,lateral,0.8722559213638306,test,E1_BITS_TO_BITS
w25_00003387,bits,user27,user27_fall4,forward_fall,fall,fall,0.999997615814209,forward,forward,0.9172230362892151,test,E1_BITS_TO_BITS
w25_00003388,bits,user27,user27_fall5,seated_on_bed_falling_on_ground,fall,fall,0.9499828815460205,none,backward,0.8403330445289612,test,E1_BITS_TO_BITS
w25_00003389,bits,user27,user27_fall6,forward_fall_body_weight_on_hand,fall,fall,1.0,forward,forward,0.9914296269416809,test,E1_BITS_TO_BITS
w25_00003390,bits,user27,user27_fall7,backward_fall_from_seated,fall,fall,0.9673780202865601,backward,backward,0.8416896462440491,test,E1_BITS_TO_BITS
w25_00003391,bits,user27,user27_fall8,grabbing_while_falling,fall,fall,0.9989593029022217,none,forward,0.9348392486572266,test,E1_BITS_TO_BITS
w25_00003400,bits,user29,user29_fall1,forward_fall_landing_on_knee,fall,fall,0.9939740300178528,forward,forward,0.8809986114501953,test,E1_BITS_TO_BITS
w25_00003401,bits,user29,user29_fall2,right_fall,fall,fall,0.9998061060905457,lateral,lateral,0.7234447598457336,test,E1_BITS_TO_BITS
w25_00003402,bits,user29,user29_fall3,left_fall,fall,fall,0.9970017075538635,lateral,lateral,0.8798804879188538,test,E1_BITS_TO_BITS
w25_00003403,bits,user29,user29_fall4,forward_fall,fall,fall,0.9999860525131226,forward,forward,0.9779209494590759,test,E1_BITS_TO_BITS
w25_00003404,bits,user29,user29_fall5,seated_on_bed_falling_on_ground,fall,fall,0.9999603033065796,none,backward,0.6566030383110046,test,E1_BITS_TO_BITS
w25_00003405,bits,user29,user29_fall6,forward_fall_body_weight_on_hand,fall,fall,1.0,forward,forward,0.9984411597251892,test,E1_BITS_TO_BITS
w25_00003406,bits,user29,user29_fall7,backward_fall_from_seated,fall,non_fall,0.0014557935064658523,backward,backward,0.8430371880531311,test,E1_BITS_TO_BITS
w25_00003407,bits,user29,user29_fall8,grabbing_while_falling,fall,fall,0.9990625977516174,none,forward,0.9369326233863831,test,E1_BITS_TO_BITS
w25_00003424,bits,user31,user31_.fall1,forward_fall_landing_on_knee,fall,non_fall,0.3449687361717224,forward,backward,0.7181415557861328,test,E1_BITS_TO_BITS
w25_00003425,bits,user31,user31_.fall3,left_fall,fall,fall,0.9251266121864319,lateral,lateral,0.520844042301178,test,E1_BITS_TO_BITS
w25_00003426,bits,user31,user31_.fall4,forward_fall,fall,fall,0.99998939037323,forward,forward,0.9966734647750854,test,E1_BITS_TO_BITS
w25_00003427,bits,user31,user31_.fall6,forward_fall_body_weight_on_hand,fall,fall,0.9999821186065674,forward,forward,0.9813169240951538,test,E1_BITS_TO_BITS
w25_00003428,bits,user31,user31_fall2,right_fall,fall,fall,0.943576455116272,lateral,forward,0.4880917966365814,test,E1_BITS_TO_BITS
w25_00003429,bits,user31,user31_fall5,seated_on_bed_falling_on_ground,fall,non_fall,0.10995282977819443,none,backward,0.7835458517074585,test,E1_BITS_TO_BITS
w25_00003430,bits,user31,user31_fall7,backward_fall_from_seated,fall,fall,0.9954909682273865,backward,backward,0.8458662629127502,test,E1_BITS_TO_BITS
w25_00003431,bits,user31,user31_fall8,grabbing_while_falling,fall,fall,0.9999959468841553,none,forward,0.5187913179397583,test,E1_BITS_TO_BITS
w25_00003464,bits,user36,user36_fall1,forward_fall_landing_on_knee,fall,fall,0.9866532683372498,forward,forward,0.9925198554992676,test,E1_BITS_TO_BITS
w25_00003465,bits,user36,user36_fall2,right_fall,fall,non_fall,0.0720871314406395,lateral,backward,0.5838117003440857,test,E1_BITS_TO_BITS
w25_00003466,bits,user36,user36_fall3,left_fall,fall,fall,0.999363362789154,lateral,lateral,0.6163811683654785,test,E1_BITS_TO_BITS
w25_00003467,bits,user36,user36_fall4,forward_fall,fall,fall,1.0,forward,forward,0.991980791091919,test,E1_BITS_TO_BITS
w25_00003468,bits,user36,user36_fall5,seated_on_bed_falling_on_ground,fall,non_fall,0.003065059892833233,none,lateral,0.6960737109184265,test,E1_BITS_TO_BITS
w25_00003469,bits,user36,user36_fall6,forward_fall_body_weight_on_hand,fall,fall,0.9999914169311523,forward,forward,0.9997690320014954,test,E1_BITS_TO_BITS
w25_00003470,bits,user36,user36_fall7,backward_fall_from_seated,fall,fall,0.8792102336883545,backward,backward,0.8239908814430237,test,E1_BITS_TO_BITS
w25_00003471,bits,user36,user36_fall8,grabbing_while_falling,fall,fall,0.9999992847442627,none,forward,0.8310391306877136,test,E1_BITS_TO_BITS
w25_00003488,bits,user39,user39_fall1,forward_fall_landing_on_knee,fall,fall,0.9998372793197632,forward,forward,0.9989045858383179,test,E1_BITS_TO_BITS
w25_00003489,bits,user39,user39_fall2,right_fall,fall,fall,0.9996111989021301,lateral,lateral,0.536740243434906,test,E1_BITS_TO_BITS
w25_00003490,bits,user39,user39_fall3,left_fall,fall,fall,0.9980506896972656,lateral,lateral,0.6401951909065247,test,E1_BITS_TO_BITS
w25_00003491,bits,user39,user39_fall4,forward_fall,fall,fall,0.9999980926513672,forward,forward,0.9964553117752075,test,E1_BITS_TO_BITS
w25_00003492,bits,user39,user39_fall5,seated_on_bed_falling_on_ground,fall,fall,0.9983887672424316,none,forward,0.5638813376426697,test,E1_BITS_TO_BITS
w25_00003493,bits,user39,user39_fall6,forward_fall_body_weight_on_hand,fall,fall,0.9999966621398926,forward,forward,0.9883632063865662,test,E1_BITS_TO_BITS
w25_00003494,bits,user39,user39_fall7,backward_fall_from_seated,fall,non_fall,0.00888089369982481,backward,backward,0.8316325545310974,test,E1_BITS_TO_BITS
w25_00003495,bits,user39,user39_fall8,grabbing_while_falling,fall,fall,0.9999384880065918,none,forward,0.9989625215530396,test,E1_BITS_TO_BITS
