model_name,task,feature,class_name,native_importance,signed_coefficient,permutation_importance_mean,permutation_importance_std
logistic_regression,fall_detection,ax_mean,,0.35676082457284314,0.35676082457284314,-0.006386251248151997,0.006335250083844969
logistic_regression,fall_detection,ax_std,,0.11344722723666678,0.11344722723666678,-0.008220786846741079,0.0035231943628890147
logistic_regression,fall_detection,ax_min,,0.6202497186704817,-0.6202497186704817,-0.0006318193611821066,0.005629511243165558
logistic_regression,fall_detection,ax_max,,0.5914628479065043,0.5914628479065043,0.002953449139468223,0.00851427543633325
logistic_regression,fall_detection,ax_range,,0.7879154618705264,0.7879154618705264,0.012563305990175277,0.008526577385549867
logistic_regression,fall_detection,ax_final_initial,,0.28560268318793797,0.28560268318793797,-0.016548635103579224,0.004323488156611973
logistic_regression,fall_detection,ax_median,,0.4678746074796072,-0.4678746074796072,-0.0074878382632501015,0.011345341729018906
logistic_regression,fall_detection,ax_iqr,,0.43479497313486065,-0.43479497313486065,-0.021731636516690765,0.00933252876448342
logistic_regression,fall_detection,peak_signed_ax,,0.06435951823602619,0.06435951823602619,-0.0012918379330593144,0.0025836758661186288
logistic_regression,fall_detection,integrated_ax,,0.3567599536854762,0.3567599536854762,-0.008145608866250664,0.007607720278459574
logistic_regression,fall_detection,ay_mean,,0.6419856094421879,0.6419856094421879,-0.021280155736262674,0.011113757417142529
logistic_regression,fall_detection,ay_std,,0.4193922713585048,0.4193922713585048,-0.003531081282601112,0.005796625495868845
logistic_regression,fall_detection,ay_min,,0.13197648138859316,-0.13197648138859316,0.002278332354668189,0.005917661498984005
logistic_regression,fall_detection,ay_max,,0.37122590782923837,0.37122590782923837,0.0022474932705797367,0.01219418172564743
logistic_regression,fall_detection,ay_range,,0.27665079631351097,0.27665079631351097,-0.011675616900408326,0.003908402256018545
logistic_regression,fall_detection,ay_final_initial,,0.3646968993834068,0.3646968993834068,-0.018317407783056683,0.0037942053355794524
logistic_regression,fall_detection,ay_median,,0.534299817766785,-0.534299817766785,-0.007510622496560648,0.008718344040961645
logistic_regression,fall_detection,ay_iqr,,0.474186662982654,0.474186662982654,0.005007586122345353,0.011498436803066513
logistic_regression,fall_detection,peak_signed_ay,,0.3122882639950883,-0.3122882639950883,-0.0020904286553142136,0.01145731154257573
logistic_regression,fall_detection,integrated_ay,,0.641986304195598,0.641986304195598,-0.013921442779955152,0.004937419868777196
logistic_regression,fall_detection,az_mean,,0.4080141489819387,-0.4080141489819387,-0.015287104752753656,0.004127987055900613
logistic_regression,fall_detection,az_std,,2.6009562723098707,2.6009562723098707,0.25387801102629337,0.02693428289631858
logistic_regression,fall_detection,az_min,,0.006080021448930625,-0.006080021448930625,0.0,0.0
logistic_regression,fall_detection,az_max,,0.8327208508289271,0.8327208508289271,0.019373999897236406,0.004590783236684873
logistic_regression,fall_detection,az_range,,0.5082733631031783,0.5082733631031783,0.008774037319884131,0.008656063538497665
logistic_regression,fall_detection,az_final_initial,,0.33281591768175234,-0.33281591768175234,-0.0010651517841293145,0.007101011894194898
logistic_regression,fall_detection,az_median,,0.3573222710331636,-0.3573222710331636,-0.005140040148028824,0.0061742341051391056
logistic_regression,fall_detection,az_iqr,,0.22291914796561685,-0.22291914796561685,-0.01960939823535246,0.0036258584817458386
logistic_regression,fall_detection,peak_signed_az,,0.2739463457504175,-0.2739463457504175,-0.009556141237305837,0.007395631340194657
logistic_regression,fall_detection,integrated_az,,0.4080138427352753,-0.4080138427352753,-0.012187049591629773,0.008227744325925507
logistic_regression,fall_detection,gx_mean,,0.3074233189272747,0.3074233189272747,-0.023525329632199908,0.004854762646049337
logistic_regression,fall_detection,gx_std,,1.8641877810223966,-1.8641877810223966,0.0030686768445453926,0.013379706183561515
logistic_regression,fall_detection,gx_min,,0.49214882117695696,-0.49214882117695696,-0.0009273769213963057,0.0033634791818249027
logistic_regression,fall_detection,gx_max,,0.46230280618160513,-0.46230280618160513,-0.02305682205240265,0.005192536671471966
logistic_regression,fall_detection,gx_range,,0.04612043917108725,0.04612043917108725,-0.003875513799177943,0.0031643437663670124
logistic_regression,fall_detection,gx_final_initial,,0.13417393641134054,0.13417393641134054,-0.006459189665296572,0.0
logistic_regression,fall_detection,gx_median,,0.01704531601251331,0.01704531601251331,-0.0012918379330593144,0.0025836758661186288
logistic_regression,fall_detection,gx_iqr,,0.01985017240371522,0.01985017240371522,-0.0012918379330593144,0.0025836758661186288
logistic_regression,fall_detection,peak_signed_gx,,0.04728939424248526,0.04728939424248526,-0.0030498763323191015,0.003807358093268109
logistic_regression,fall_detection,integrated_gx,,0.30742359878858294,0.30742359878858294,-0.02218071201598726,0.0064496652299424395
logistic_regression,fall_detection,gy_mean,,0.11186605745710615,-0.11186605745710615,0.005061382785508384,0.00315497784401411
logistic_regression,fall_detection,gy_std,,0.6033754324045139,-0.6033754324045139,-0.013996894889893707,0.00972041296491015
logistic_regression,fall_detection,gy_min,,0.05061981522130789,0.05061981522130789,-0.007032153597039148,0.0035160767985195737
logistic_regression,fall_detection,gy_max,,0.22472536290881018,-0.22472536290881018,0.0012722646310432406,0.0025445292620864812
logistic_regression,fall_detection,gy_range,,0.14905407509437554,-0.14905407509437554,-0.008327550312283183,0.004861041142378433
logistic_regression,fall_detection,gy_final_initial,,0.06516227009004508,-0.06516227009004508,-0.006569511913023396,0.005862237913100053
logistic_regression,fall_detection,gy_median,,0.4771734715934109,0.4771734715934109,-0.029357243576704772,0.00578885576355828
logistic_regression,fall_detection,gy_iqr,,0.13072463789079988,0.13072463789079988,-0.0020904286553141914,0.006049415804077372
logistic_regression,fall_detection,peak_signed_gy,,0.011873508764461574,-0.011873508764461574,0.0,0.0
logistic_regression,fall_detection,integrated_gy,,0.11186615889493001,-0.11186615889493001,0.0032724740198554424,0.005654310201112944
logistic_regression,fall_detection,gz_mean,,0.28544204647580373,0.28544204647580373,-0.0006355462544438862,0.00742866503086444
logistic_regression,fall_detection,gz_std,,1.9948198088851092,-1.9948198088851092,0.007804490877829817,0.010051471824524342
logistic_regression,fall_detection,gz_min,,0.13738040219381936,-0.13738040219381936,-0.006928948913681765,0.004862064954664587
logistic_regression,fall_detection,gz_max,,0.3158190936170517,-0.3158190936170517,-0.02858050903720506,0.0031886523416322404
logistic_regression,fall_detection,gz_range,,0.10016060205299047,-0.10016060205299047,-0.008327550312283183,0.004861041142378432
logistic_regression,fall_detection,gz_final_initial,,0.25018347074892033,0.25018347074892033,-0.0007840219576861207,0.005836146990062328
logistic_regression,fall_detection,gz_median,,1.007276833670727,-1.007276833670727,0.006909734352342234,0.008972529244440253
logistic_regression,fall_detection,gz_iqr,,0.3368983714892694,0.3368983714892694,-0.013921442779955152,0.004937419868777196
logistic_regression,fall_detection,peak_signed_gz,,0.02410272211981277,-0.02410272211981277,-0.003516076798519574,0.004306297026405806
logistic_regression,fall_detection,integrated_gz,,0.28544158355701893,0.28544158355701893,-0.0002976962678720607,0.0032751179039391953
logistic_regression,fall_detection,acc_mag_mean,,0.6324243851861817,-0.6324243851861817,-0.011281237846123383,0.013372972563670387
logistic_regression,fall_detection,acc_mag_std,,0.6141837531222829,-0.6141837531222829,-0.010211368939863918,0.008987677410607596
logistic_regression,fall_detection,acc_mag_min,,0.5225630158959106,-0.5225630158959106,0.014835763850129413,0.006577183872080124
logistic_regression,fall_detection,acc_mag_max,,0.08616903569261603,0.08616903569261603,-0.009982384028185586,0.004315014226864079
logistic_regression,fall_detection,acc_mag_p95,,1.1099486705244856,1.1099486705244856,0.01405176209073391,0.019646718451513622
logistic_regression,fall_detection,acc_mag_range,,0.15379194851791725,0.15379194851791725,-0.007771056093442063,0.002623732856290983
logistic_regression,fall_detection,acc_mag_median,,0.17984241468029533,0.17984241468029533,-0.007398708162066958,0.006843829610961122
logistic_regression,fall_detection,acc_mag_iqr,,0.48616326870073556,-0.48616326870073556,-0.014388156372889238,0.009183350026474425
logistic_regression,fall_detection,gyro_mag_mean,,0.688791118452806,0.688791118452806,0.006414932006435415,0.01228917831637149
logistic_regression,fall_detection,gyro_mag_std,,0.08739748979836076,0.08739748979836076,0.0009864944216088744,0.006897867128140039
logistic_regression,fall_detection,gyro_mag_min,,0.08646020485079374,0.08646020485079374,-0.0034896401308615044,0.006979280261723009
logistic_regression,fall_detection,gyro_mag_max,,0.5559043403867041,0.5559043403867041,0.003041060264690465,0.01316333179336553
logistic_regression,fall_detection,gyro_mag_p95,,0.13367893926832647,0.13367893926832647,0.0014835652542025013,0.006898418178172443
logistic_regression,fall_detection,gyro_mag_range,,0.5656112950894181,0.5656112950894181,0.004339322416936464,0.01044871483245887
logistic_regression,fall_detection,gyro_mag_median,,1.086849552184308,1.086849552184308,0.022954200968566506,0.019632512041083648
logistic_regression,fall_detection,gyro_mag_iqr,,0.47656035163655514,0.47656035163655514,-0.004092063681044622,0.01038905049341282
logistic_regression,fall_detection,jerk_mean,,0.23211438825981165,0.23211438825981165,-0.00816678439614713,0.00861468377827225
logistic_regression,fall_detection,jerk_std,,0.00012735212343293256,-0.00012735212343293256,0.0,0.0
logistic_regression,fall_detection,jerk_max,,0.37671731411234366,-0.37671731411234366,-0.011817190443144688,0.003770910558014988
logistic_regression,fall_detection,jerk_p95,,0.22846209047097896,0.22846209047097896,-0.0037087424381051725,0.0032783232668742654
logistic_regression,fall_detection,jerk_median,,0.3484948278648566,0.3484948278648566,-0.01745821608417033,0.00531421579105016
logistic_regression,fall_detection,jerk_iqr,,0.572910616218897,0.572910616218897,0.0011036803605655842,0.006649097475966207
logistic_regression,fall_detection,roll_mean,,0.8725906861792974,-0.8725906861792974,-0.010889921219256981,0.02600042852348043
logistic_regression,fall_detection,roll_std,,0.4527398931535435,-0.4527398931535435,-0.011859602292731952,0.009052655072566473
logistic_regression,fall_detection,roll_min,,0.2743198517662138,0.2743198517662138,-0.005274115197779361,0.004306297026405806
logistic_regression,fall_detection,roll_max,,0.36791607807832094,0.36791607807832094,-0.0021620817344677025,0.00906846233969304
logistic_regression,fall_detection,roll_range,,0.12388182888027226,0.12388182888027226,-0.011706655377878539,0.002623732856290983
logistic_regression,fall_detection,roll_final_initial,,0.024490132322065514,0.024490132322065514,-0.007032153597039148,0.0035160767985195737
logistic_regression,fall_detection,roll_median,,0.7458006341456208,0.7458006341456208,-0.02094176135717061,0.007563385004441504
logistic_regression,fall_detection,roll_iqr,,0.033964146636211445,-0.033964146636211445,-0.008327550312283183,0.004861041142378432
logistic_regression,fall_detection,pitch_mean,,0.04394405857201197,-0.04394405857201197,-0.0051873802273234345,0.004865790874345929
logistic_regression,fall_detection,pitch_std,,0.8690487207295507,0.8690487207295507,0.007258430170065178,0.008949742804331367
logistic_regression,fall_detection,pitch_min,,0.12584508895433397,0.12584508895433397,-0.007032153597039148,0.0035160767985195737
logistic_regression,fall_detection,pitch_max,,0.06518931192963533,-0.06518931192963533,-0.0051673517322372575,0.0025836758661186288
logistic_regression,fall_detection,pitch_range,,0.18580476685017963,-0.18580476685017963,-0.01225339545950237,0.004241540680143997
logistic_regression,fall_detection,pitch_final_initial,,0.02027688906511002,-0.02027688906511002,-0.008690546095126272,0.005864939983175002
logistic_regression,fall_detection,pitch_median,,0.8767240334610157,-0.8767240334610157,-0.015170905374357103,0.011168112384682998
logistic_regression,fall_detection,pitch_iqr,,0.4838288464551429,-0.4838288464551429,-0.033909637633742794,0.013300091853457178
logistic_regression,fall_detection,tilt_delta_mean,,0.17089082201020522,0.17089082201020522,0.0014835652542025013,0.006898418178172443
logistic_regression,fall_detection,tilt_delta_std,,0.4756304820501341,-0.4756304820501341,-0.008918897687594107,0.00844745681934095
logistic_regression,fall_detection,tilt_delta_max,,0.9712515692244751,0.9712515692244751,0.02410349549334656,0.021462571638043815
logistic_regression,fall_detection,tilt_delta_p95,,1.11540434340423,-1.11540434340423,-0.03321231372593123,0.005932050914727806
logistic_regression,fall_detection,tilt_delta_final,,0.041393274911518195,0.041393274911518195,0.0,0.0
logistic_regression,fall_detection,tilt_delta_median,,0.3534112641664306,-0.3534112641664306,-0.00816678439614713,0.008614683778272252
logistic_regression,fall_detection,tilt_delta_iqr,,0.7218262363686289,-0.7218262363686289,-0.02648851539440016,0.01111414414944044
logistic_regression,fall_detection,impact_index,,1.5413814204805798,1.5413814204805798,-0.009650929699141875,0.02122700911307563
logistic_regression,fall_detection,impact_distance_from_center,,2.618327639898276,-2.618327639898276,0.12390544532021126,0.03611300712992169
logistic_regression,fall_detection,gyro_peak_index,,0.3475227564734612,-0.3475227564734612,-0.005653580693523908,0.0050725859911304365
logistic_regression,fall_detection,gyro_peak_distance_from_center,,0.2883373107623258,-0.2883373107623258,-0.00240432979648324,0.0063376649996834105
logistic_regression,fall_detection,acc_mag_peak_value,,0.08616903569261603,0.08616903569261603,-0.006459189665296572,0.0
logistic_regression,fall_detection,gyro_mag_peak_value,,0.555904340386704,0.555904340386704,-0.00475581203590012,0.010904082239018042
logistic_regression,fall_detection,pre_impact_energy,,0.6041887695326338,-0.6041887695326338,-0.004303980533343288,0.012769314193378584
logistic_regression,fall_detection,post_impact_energy,,0.3865253806499168,-0.3865253806499168,-0.010884789510743741,0.004600932083077572
logistic_regression,fall_detection,pre_post_energy_ratio,,0.1410651285882512,0.1410651285882512,-0.0034896401308615044,0.006979280261723009
logistic_regression,fall_detection,post_acc_mag_std,,0.931198868457641,-0.931198868457641,-0.03836423662281714,0.0149046542378734
logistic_regression,fall_detection,post_gyro_mag_std,,0.11387558822070483,-0.11387558822070483,-0.009619388245342498,0.0029646941163170536
logistic_regression,fall_detection,pre_acc_mag_std,,0.16091224229615014,0.16091224229615014,0.0024451037157409592,0.005805211364724139
logistic_regression,fall_detection,pre_gyro_mag_std,,0.826733486421225,-0.826733486421225,-0.04110932467838528,0.01484502563905029
logistic_regression,fall_detection,pre_ax_mean,,0.17707843973766776,-0.17707843973766776,-0.01008558871154297,0.0025907934304880698
logistic_regression,fall_detection,post_ax_mean,,0.04559605967728332,-0.04559605967728332,-0.005274115197779361,0.004306297026405806
logistic_regression,fall_detection,pre_ay_mean,,0.2304179391865121,0.2304179391865121,-0.012609576351809659,0.005799233784536886
logistic_regression,fall_detection,post_ay_mean,,0.08336904493099297,0.08336904493099297,-0.011380985426787005,0.003173060966825285
logistic_regression,fall_detection,pre_az_mean,,0.06438632160036743,0.06438632160036743,-0.013505578391074602,0.0035231943628890147
logistic_regression,fall_detection,post_az_mean,,1.094604132923521,1.094604132923521,-0.012305326886139212,0.0060032545559950265
logistic_regression,fall_detection,pre_gx_mean,,0.3387534925221896,0.3387534925221896,-0.017877796503750744,0.005711855644581209
logistic_regression,fall_detection,post_gx_mean,,0.15155172410022325,0.15155172410022325,-0.008327550312283183,0.004861041142378432
logistic_regression,fall_detection,pre_gy_mean,,0.22911161465335775,-0.22911161465335775,0.008953101457983337,0.005688795038831086
logistic_regression,fall_detection,post_gy_mean,,0.1998169778572538,0.1998169778572538,-0.004480319466257621,0.003627414701782612
logistic_regression,fall_detection,pre_gz_mean,,0.7412559889187881,0.7412559889187881,-0.0070801448215009445,0.009034767163338661
logistic_regression,fall_detection,post_gz_mean,,0.18866472154264657,0.18866472154264657,-0.0017309916546558225,0.006621427555931304
logistic_regression,fall_detection,pre_roll_mean,,0.225840628390778,-0.225840628390778,-0.005136481365844103,0.003916392471029544
logistic_regression,fall_detection,post_roll_mean,,0.17501276719973857,-0.17501276719973857,0.0022821559764573786,0.003458295247142995
logistic_regression,fall_detection,pre_pitch_mean,,0.7816380619591449,0.7816380619591449,-0.00486537253228434,0.013038492750548447
logistic_regression,fall_detection,post_pitch_mean,,0.6026366315692808,0.6026366315692808,-0.025010279910855672,0.008592074030804702
logistic_regression,fall_detection,delta_roll_window,,0.03204291505455631,0.03204291505455631,-0.006565953130838675,0.003404845210749428
logistic_regression,fall_detection,delta_pitch_window,,0.3125051126867152,-0.3125051126867152,-0.0034625933862575398,0.00896016340122299
linear_svm,fall_detection,ax_mean,,0.2192577016528331,0.2192577016528331,-0.0008450695434382149,0.011537368407279378
linear_svm,fall_detection,ax_std,,0.12982156931155447,-0.12982156931155447,-0.019280870291896936,0.002952334518601736
linear_svm,fall_detection,ax_min,,0.3548325048076974,-0.3548325048076974,0.05403182084220086,0.01497817405903781
linear_svm,fall_detection,ax_max,,0.12065784769227171,0.12065784769227171,0.012737862764491537,0.006844039598980252
linear_svm,fall_detection,ax_range,,0.31913739703908395,0.31913739703908395,0.03777224431248414,0.010336094914828292
linear_svm,fall_detection,ax_final_initial,,0.1326039010852805,0.1326039010852805,-0.008375553709856098,0.006430716514179459
linear_svm,fall_detection,ax_median,,0.59733013292722,-0.59733013292722,0.04906021428150227,0.020431950386093408
linear_svm,fall_detection,ax_iqr,,0.06335103993278143,-0.06335103993278143,-0.009121820737180953,0.004042318839248674
linear_svm,fall_detection,peak_signed_ax,,0.06127420127614302,0.06127420127614302,-0.004303159527040146,0.0035912535739432987
linear_svm,fall_detection,integrated_ax,,0.21925417034313247,0.21925417034313247,0.0008724608724608007,0.007385415887482662
linear_svm,fall_detection,ay_mean,,0.30987458447029453,0.30987458447029453,-0.004135002738164029,0.009374561418905776
linear_svm,fall_detection,ay_std,,0.20572368175121397,0.20572368175121397,0.028716457418747444,0.010148980492849393
linear_svm,fall_detection,ay_min,,0.016660562077969867,-0.016660562077969867,0.0008528784648187404,0.005494285171311327
linear_svm,fall_detection,ay_max,,0.10587426737519803,0.10587426737519803,0.01926033254277524,0.0066358844771129575
linear_svm,fall_detection,ay_range,,0.06547809285582278,0.06547809285582278,-0.002132196162046918,0.005721282671641232
linear_svm,fall_detection,ay_final_initial,,0.123954756810506,0.123954756810506,-0.002505307263867462,0.007104129870935651
linear_svm,fall_detection,ay_median,,0.24775207612064154,-0.24775207612064154,0.00014416006538020554,0.016042827685175478
linear_svm,fall_detection,ay_iqr,,0.1631121624457281,0.1631121624457281,0.02379759775108605,0.010228804495601517
linear_svm,fall_detection,peak_signed_ay,,0.1082647376256727,-0.1082647376256727,0.01173659020044393,0.01403617581052222
linear_svm,fall_detection,integrated_ay,,0.3098766444778429,0.3098766444778429,0.010991257304560919,0.014967897426895695
linear_svm,fall_detection,az_mean,,0.194721284113034,-0.194721284113034,-0.012658137882018528,0.007856586396069634
linear_svm,fall_detection,az_std,,1.1761906868369802,1.1761906868369802,0.49798520065307716,0.029835984146736858
linear_svm,fall_detection,az_min,,0.037049535232201135,0.037049535232201135,0.00423289713895505,0.006984118708659984
linear_svm,fall_detection,az_max,,0.12507003641466738,0.12507003641466738,0.014429194688381553,0.010782515947511886
linear_svm,fall_detection,az_range,,0.055048941998673655,0.055048941998673655,0.008258597958951142,0.00785841657293659
linear_svm,fall_detection,az_final_initial,,0.09309419092561164,-0.09309419092561164,-0.0029816739950282887,0.008116386083605811
linear_svm,fall_detection,az_median,,0.09731046776190348,-0.09731046776190348,0.0031444624633478525,0.013919339781689556
linear_svm,fall_detection,az_iqr,,0.20662664818746024,-0.20662664818746024,-0.02919959473150966,0.009262047609467357
linear_svm,fall_detection,peak_signed_az,,0.014299408544699833,-0.014299408544699833,0.0038379530916843986,0.0031336755771213067
linear_svm,fall_detection,integrated_az,,0.194719979840854,-0.194719979840854,0.00043889069106473055,0.004097877305656487
linear_svm,fall_detection,gx_mean,,0.11392441306152586,0.11392441306152586,-0.003726118307703863,0.0071809986568419784
linear_svm,fall_detection,gx_std,,0.9729528538183755,-0.9729528538183755,0.12085682404457584,0.0050443726012701084
linear_svm,fall_detection,gx_min,,0.28715129008710416,-0.28715129008710416,0.03117869700403204,0.009650025950897737
linear_svm,fall_detection,gx_max,,0.0736817701337973,-0.0736817701337973,-0.007103384335407248,0.0028707664271359736
linear_svm,fall_detection,gx_range,,0.12898796338568136,0.12898796338568136,0.01924823529689588,0.0038846006365689644
linear_svm,fall_detection,gx_final_initial,,0.033655163734090665,0.033655163734090665,0.003414672668403962,0.003712903002763967
linear_svm,fall_detection,gx_median,,0.017925703174293338,0.017925703174293338,0.0,0.0
linear_svm,fall_detection,gx_iqr,,0.05938903111855881,0.05938903111855881,0.007750039957424048,0.004830159588534552
linear_svm,fall_detection,peak_signed_gx,,0.011348839125337342,0.011348839125337342,0.0025586353944562655,0.0031336755771213067
linear_svm,fall_detection,integrated_gx,,0.11392650443922776,0.11392650443922776,-0.0041925253475275205,0.0035135662876538375
linear_svm,fall_detection,gy_mean,,0.07786472748530644,-0.07786472748530644,0.018781331101586685,0.010726449456257718
linear_svm,fall_detection,gy_std,,0.18352059518204195,-0.18352059518204195,-0.014564057645531415,0.012829164177539024
linear_svm,fall_detection,gy_min,,0.05932734680992938,0.05932734680992938,-0.010004827065704136,0.00304043048902201
linear_svm,fall_detection,gy_max,,0.008123943628380531,-0.008123943628380531,0.005117270788912531,0.0025586353944562655
linear_svm,fall_detection,gy_range,,0.038498162554821434,-0.038498162554821434,-0.00670428755443786,0.003102616891889423
linear_svm,fall_detection,gy_final_initial,,0.010286717662970526,0.010286717662970526,0.003411513859275006,0.005970149253731317
linear_svm,fall_detection,gy_median,,0.16310303223577383,0.16310303223577383,-0.004087672111550899,0.0034118333394672026
linear_svm,fall_detection,gy_iqr,,0.016965628610220104,0.016965628610220104,0.0,0.0
linear_svm,fall_detection,peak_signed_gy,,0.0036282039743219295,0.0036282039743219295,0.0012793176972281327,0.0025586353944562655
linear_svm,fall_detection,integrated_gy,,0.07786542605509887,-0.07786542605509887,0.01516568338585209,0.008119697839952464
linear_svm,fall_detection,gz_mean,,0.1458732775128057,0.1458732775128057,0.020163152252684967,0.008926351240867226
linear_svm,fall_detection,gz_std,,1.1375905606400345,-1.1375905606400345,0.14634087609032337,0.015984059983975406
linear_svm,fall_detection,gz_min,,0.17453982120216135,-0.17453982120216135,0.014073217155056272,0.009289307847858377
linear_svm,fall_detection,gz_max,,0.030944936210625,-0.030944936210625,-0.010863343468492225,0.005323638027900502
linear_svm,fall_detection,gz_range,,0.08049617871394177,0.08049617871394177,0.009089338370413879,0.010135741244364404
linear_svm,fall_detection,gz_final_initial,,0.0640644962285576,0.0640644962285576,0.00173711275554993,0.0066030217643719795
linear_svm,fall_detection,gz_median,,0.3343103439668077,-0.3343103439668077,0.04320430313046562,0.01941560672135825
linear_svm,fall_detection,gz_iqr,,0.2425454479203626,0.2425454479203626,0.01577889404374817,0.012264743232468315
linear_svm,fall_detection,peak_signed_gz,,0.017153655054563486,0.017153655054563486,-0.007246308141830538,0.0025649530127141774
linear_svm,fall_detection,integrated_gz,,0.14587185366948838,0.14587185366948838,0.024564261063860227,0.005756458984015007
linear_svm,fall_detection,acc_mag_mean,,0.42417313099809195,-0.42417313099809195,-0.017826961770623796,0.006216750315590567
linear_svm,fall_detection,acc_mag_std,,1.1771893042894028,-1.1771893042894028,0.1111189573890146,0.013271939664955091
linear_svm,fall_detection,acc_mag_min,,0.19300792853799792,-0.19300792853799792,0.015051794062201451,0.009489825433935227
linear_svm,fall_detection,acc_mag_max,,0.14669399522528737,0.14669399522528737,0.015717208999651698,0.006621427555931303
linear_svm,fall_detection,acc_mag_p95,,0.8930105220322978,0.8930105220322978,0.31448652626335044,0.03366899924990457
linear_svm,fall_detection,acc_mag_range,,0.16007145018870333,0.16007145018870333,0.014566828520316854,0.01074007613826539
linear_svm,fall_detection,acc_mag_median,,0.09996817265076471,0.09996817265076471,-0.001696280502250702,0.004747781542563719
linear_svm,fall_detection,acc_mag_iqr,,0.04197918555577562,-0.04197918555577562,-0.0004138039958936135,0.0034051962410171386
linear_svm,fall_detection,gyro_mag_mean,,0.39354914864477386,0.39354914864477386,0.05396908714498803,0.015142520632214267
linear_svm,fall_detection,gyro_mag_std,,0.1843978839214204,-0.1843978839214204,-0.022767278974494553,0.013209034720960626
linear_svm,fall_detection,gyro_mag_min,,0.023462779087146154,-0.023462779087146154,-0.006823027718550101,0.00341151385927505
linear_svm,fall_detection,gyro_mag_max,,0.14679807717248433,0.14679807717248433,0.010998668868295192,0.004594085900513802
linear_svm,fall_detection,gyro_mag_p95,,0.20779421821384442,0.20779421821384442,0.021357248204384893,0.013861528703104663
linear_svm,fall_detection,gyro_mag_range,,0.1531035981834865,0.1531035981834865,0.012267838676501875,0.008505454350300739
linear_svm,fall_detection,gyro_mag_median,,0.3240284608779623,0.3240284608779623,0.033127234916689854,0.02015524432522199
linear_svm,fall_detection,gyro_mag_iqr,,0.20763173341829583,0.20763173341829583,0.02382144986796142,0.00809623910261725
linear_svm,fall_detection,jerk_mean,,0.08368368096236324,0.08368368096236324,-0.007243149332701604,0.0085962775597332
linear_svm,fall_detection,jerk_std,,0.02966734999587478,0.02966734999587478,-0.0017057569296375253,0.0034115138592750506
linear_svm,fall_detection,jerk_max,,0.05086416356613364,-0.05086416356613364,-0.0029442888266418164,0.00658968468570064
linear_svm,fall_detection,jerk_p95,,0.008851138013851649,-0.008851138013851649,0.0025586353944562655,0.0031336755771213067
linear_svm,fall_detection,jerk_median,,0.12651235118468937,0.12651235118468937,0.00685537372843874,0.0068546603329710295
linear_svm,fall_detection,jerk_iqr,,0.2286502404407585,0.2286502404407585,0.0244816622158871,0.012669572402756997
linear_svm,fall_detection,roll_mean,,0.487987505920448,-0.487987505920448,0.04991411465989415,0.023368992609790744
linear_svm,fall_detection,roll_std,,0.1736867183872014,-0.1736867183872014,-0.003543820732789893,0.01285519908544574
linear_svm,fall_detection,roll_min,,0.11488735441303291,0.11488735441303291,-0.007000610691571008,0.008699176946930232
linear_svm,fall_detection,roll_max,,0.1666720036227956,0.1666720036227956,0.0070367374134238546,0.009981320564286045
linear_svm,fall_detection,roll_range,,0.0606734870303472,0.0606734870303472,0.004764965330558391,0.008188615942501205
linear_svm,fall_detection,roll_final_initial,,0.002077452772107938,-0.002077452772107938,0.0012793176972281327,0.0025586353944562655
linear_svm,fall_detection,roll_median,,0.2508032560810072,0.2508032560810072,0.005461027120377393,0.012288770535959863
linear_svm,fall_detection,roll_iqr,,0.01969838552994118,-0.01969838552994118,0.0038379530916843986,0.003133675577121307
linear_svm,fall_detection,pitch_mean,,0.2513200748796903,-0.2513200748796903,0.005711601848651315,0.008222296783810925
linear_svm,fall_detection,pitch_std,,0.5239202922411422,0.5239202922411422,0.07311199588423534,0.025245803299654677
linear_svm,fall_detection,pitch_min,,0.059211574068722704,0.059211574068722704,-0.0016501808593955224,0.006071640048749716
linear_svm,fall_detection,pitch_max,,0.17099309513322777,-0.17099309513322777,-0.006308606361284186,0.012504337946315681
linear_svm,fall_detection,pitch_range,,0.20441391123856537,-0.20441391123856537,-0.03141762842092486,0.005563699777353798
linear_svm,fall_detection,pitch_final_initial,,0.0039644859433473935,0.0039644859433473935,0.0,0.0
linear_svm,fall_detection,pitch_median,,0.6468354268141606,-0.6468354268141606,0.04612353281424619,0.0158164011830295
linear_svm,fall_detection,pitch_iqr,,0.23624939946685483,-0.23624939946685483,-0.007448798932012268,0.01781729369716884
linear_svm,fall_detection,tilt_delta_mean,,0.05246455745888605,0.05246455745888605,-0.004306220095693791,0.005925828243798567
linear_svm,fall_detection,tilt_delta_std,,0.3097922516669732,-0.3097922516669732,-0.014267771802018414,0.01586188710670651
linear_svm,fall_detection,tilt_delta_max,,0.3444339572817033,0.3444339572817033,0.04093873932133152,0.013390960491296225
linear_svm,fall_detection,tilt_delta_p95,,0.3226882265544365,-0.3226882265544365,-0.012198191510898205,0.005771849639991406
linear_svm,fall_detection,tilt_delta_final,,0.01136613442764103,0.01136613442764103,0.0012793176972281327,0.0025586353944562655
linear_svm,fall_detection,tilt_delta_median,,0.10481455278873218,-0.10481455278873218,-0.00207900535624308,0.005504902823054403
linear_svm,fall_detection,tilt_delta_iqr,,0.23677522660735784,-0.23677522660735784,-0.010184685848649755,0.0073032981295155334
linear_svm,fall_detection,impact_index,,0.24474399425911278,0.24474399425911278,0.0012336240433428402,0.00937933674506098
linear_svm,fall_detection,impact_distance_from_center,,0.6719021194872745,-0.6719021194872745,0.09646847410729412,0.01376461361150623
linear_svm,fall_detection,gyro_peak_index,,0.12580015484253587,-0.12580015484253587,-0.0008654207951837467,0.0041629201837939805
linear_svm,fall_detection,gyro_peak_distance_from_center,,0.051619495468986386,-0.051619495468986386,5.1689603928384284e-05,0.007686211081135539
linear_svm,fall_detection,acc_mag_peak_value,,0.14669399522528737,0.14669399522528737,0.004023315580212383,0.01025921783032071
linear_svm,fall_detection,gyro_mag_peak_value,,0.14679807717248433,0.14679807717248433,-0.0011356033989577074,0.011266889868813934
linear_svm,fall_detection,pre_impact_energy,,0.14418958675412955,-0.14418958675412955,0.0026272539391455573,0.01362992280195617
linear_svm,fall_detection,post_impact_energy,,0.13900434051737007,-0.13900434051737007,-0.003828017219646496,0.010451082687161491
linear_svm,fall_detection,pre_post_energy_ratio,,0.06876959708903985,0.06876959708903985,-0.0012508884150675748,0.008545810015177553
linear_svm,fall_detection,post_acc_mag_std,,0.23025211020422548,-0.23025211020422548,-0.02096122916652805,0.013117183054216112
linear_svm,fall_detection,post_gyro_mag_std,,0.0022919278472750618,-0.0022919278472750618,0.0038379530916843986,0.0031336755771213067
linear_svm,fall_detection,pre_acc_mag_std,,0.1454513222256405,0.1454513222256405,0.00966346630468764,0.011798465647339584
linear_svm,fall_detection,pre_gyro_mag_std,,0.20042699741433506,-0.20042699741433506,-0.02039308313650019,0.0060603970272119735
linear_svm,fall_detection,pre_ax_mean,,0.2571979264655059,0.2571979264655059,-0.01520185241115477,0.008633390345119656
linear_svm,fall_detection,post_ax_mean,,0.10617417800413191,0.10617417800413191,0.004851289061815334,0.00999893152219418
linear_svm,fall_detection,pre_ay_mean,,0.03757916352449148,-0.03757916352449148,0.005515373645312138,0.004756446567223759
linear_svm,fall_detection,post_ay_mean,,0.07240845719196085,-0.07240845719196085,0.006409890957739894,0.0014093088182774748
linear_svm,fall_detection,pre_az_mean,,0.10986282580550641,0.10986282580550641,0.006848872520514271,0.009482876603149969
linear_svm,fall_detection,post_az_mean,,0.3850474771494135,0.3850474771494135,-0.004540927482103996,0.0068330527877764205
linear_svm,fall_detection,pre_gx_mean,,0.051441769676424526,0.051441769676424526,0.004719593344887874,0.006411667965665501
linear_svm,fall_detection,post_gx_mean,,0.00998164710989142,0.00998164710989142,0.0,0.0
linear_svm,fall_detection,pre_gy_mean,,0.026553292405823832,-0.026553292405823832,0.003414672668403962,0.003712903002763967
linear_svm,fall_detection,post_gy_mean,,0.06945497100700081,0.06945497100700081,-0.0004138039958936135,0.0034051962410171386
linear_svm,fall_detection,pre_gz_mean,,0.1459228999565601,0.1459228999565601,-0.0025303454715219996,0.004677961225761348
linear_svm,fall_detection,post_gz_mean,,0.03273812739216335,0.03273812739216335,0.006396588486140664,0.0
linear_svm,fall_detection,pre_roll_mean,,0.02773818017776656,0.02773818017776656,-0.00210319255095377,0.0063687284831251524
linear_svm,fall_detection,post_roll_mean,,0.02969648591730507,0.02969648591730507,0.0,0.0
linear_svm,fall_detection,pre_pitch_mean,,0.6703846625134036,0.6703846625134036,0.053796076340133794,0.011148221847432492
linear_svm,fall_detection,post_pitch_mean,,0.5838354080909235,0.5838354080909235,0.03072695720454772,0.027632940821369852
linear_svm,fall_detection,delta_roll_window,,0.006086638769569143,0.006086638769569143,0.0,0.0
linear_svm,fall_detection,delta_pitch_window,,0.13353062541876182,-0.13353062541876182,0.019081456632352167,0.008810954690928591
random_forest,fall_detection,ax_mean,,0.0009472739331386731,,0.0,0.0
random_forest,fall_detection,ax_std,,0.01686432334632811,,-0.005148005148005108,0.002574002574002554
random_forest,fall_detection,ax_min,,0.0012323233063415639,,0.0,0.0
random_forest,fall_detection,ax_max,,0.0016328204948351088,,-0.005148005148005108,0.002574002574002554
random_forest,fall_detection,ax_range,,0.021011369932571234,,-0.005148005148005108,0.002574002574002554
random_forest,fall_detection,ax_final_initial,,0.0024235479223348516,,0.0,0.0
random_forest,fall_detection,ax_median,,0.0017718118762704539,,-0.005148005148005108,0.002574002574002554
random_forest,fall_detection,ax_iqr,,0.0016484928803655189,,-0.003861003861003831,0.003152496451458377
random_forest,fall_detection,peak_signed_ax,,0.0015679089004443263,,-0.006435006435006385,0.0
random_forest,fall_detection,integrated_ax,,0.0013795041006163192,,-0.006435006435006385,0.0
random_forest,fall_detection,ay_mean,,0.0021341319657334906,,0.0,0.0
random_forest,fall_detection,ay_std,,0.026062355502391665,,-0.005148005148005108,0.002574002574002554
random_forest,fall_detection,ay_min,,0.0010689144453522666,,0.0,0.0
random_forest,fall_detection,ay_max,,0.04310055981534521,,-0.006435006435006385,0.0
random_forest,fall_detection,ay_range,,0.02388240380485461,,-0.006435006435006385,0.0
random_forest,fall_detection,ay_final_initial,,0.002970616644539102,,0.0,0.0
random_forest,fall_detection,ay_median,,0.0014339751301874148,,0.0,0.0
random_forest,fall_detection,ay_iqr,,0.0015670523900391448,,-0.005148005148005108,0.002574002574002554
random_forest,fall_detection,peak_signed_ay,,0.0026188469492757767,,0.0,0.0
random_forest,fall_detection,integrated_ay,,0.0026504708400974125,,-0.001287001287001277,0.002574002574002554
random_forest,fall_detection,az_mean,,0.001702632292638844,,0.0,0.0
random_forest,fall_detection,az_std,,0.054190726201902975,,-0.006435006435006385,0.0
random_forest,fall_detection,az_min,,0.017781096090464032,,-0.006435006435006385,0.0
random_forest,fall_detection,az_max,,0.007948981418425248,,-0.005148005148005108,0.002574002574002554
random_forest,fall_detection,az_range,,0.06450084537730168,,-0.003861003861003831,0.003152496451458377
random_forest,fall_detection,az_final_initial,,0.001727742735678289,,0.0,0.0
random_forest,fall_detection,az_median,,0.001262600313168053,,0.0,0.0
random_forest,fall_detection,az_iqr,,0.00635319681660307,,-0.003861003861003831,0.003152496451458377
random_forest,fall_detection,peak_signed_az,,0.0037437611022301484,,0.0,0.0
random_forest,fall_detection,integrated_az,,0.0019977509225833777,,0.0,0.0
random_forest,fall_detection,gx_mean,,0.0025863355984574866,,0.0,0.0
random_forest,fall_detection,gx_std,,0.0014914188141113155,,-0.005148005148005108,0.002574002574002554
random_forest,fall_detection,gx_min,,0.0014939762207942496,,0.0,0.0
random_forest,fall_detection,gx_max,,0.0011345187282637763,,0.0,0.0
random_forest,fall_detection,gx_range,,0.00435255007248051,,-0.005148005148005108,0.002574002574002554
random_forest,fall_detection,gx_final_initial,,0.000692721892523474,,-0.001287001287001277,0.002574002574002554
random_forest,fall_detection,gx_median,,0.0018510347836087893,,0.0,0.0
random_forest,fall_detection,gx_iqr,,0.0009815845541780452,,-0.001287001287001277,0.002574002574002554
random_forest,fall_detection,peak_signed_gx,,0.0011459409367910146,,0.0,0.0
random_forest,fall_detection,integrated_gx,,0.0025892646881837686,,0.0,0.0
random_forest,fall_detection,gy_mean,,0.0024349311340160964,,0.0,0.0
random_forest,fall_detection,gy_std,,0.002467975696020496,,0.0,0.0
random_forest,fall_detection,gy_min,,0.0023904788654528536,,0.0,0.0
random_forest,fall_detection,gy_max,,0.001490378571659873,,0.0,0.0
random_forest,fall_detection,gy_range,,0.002848835661554667,,-0.001287001287001277,0.002574002574002554
random_forest,fall_detection,gy_final_initial,,0.0005829052075821784,,0.0,0.0
random_forest,fall_detection,gy_median,,0.001733400345735751,,0.0,0.0
random_forest,fall_detection,gy_iqr,,0.0010347185188605426,,-0.003861003861003831,0.003152496451458377
random_forest,fall_detection,peak_signed_gy,,0.002151682922799264,,0.0,0.0
random_forest,fall_detection,integrated_gy,,0.0031040321899604125,,-0.006435006435006385,0.0
random_forest,fall_detection,gz_mean,,0.0010447989718667889,,0.0,0.0
random_forest,fall_detection,gz_std,,0.0028514786959668997,,0.0,0.0
random_forest,fall_detection,gz_min,,0.001467067349450779,,0.0,0.0
random_forest,fall_detection,gz_max,,0.001430148161922048,,0.0,0.0
random_forest,fall_detection,gz_range,,0.0016306162324967802,,-0.002574002574002554,0.003152496451458377
random_forest,fall_detection,gz_final_initial,,0.0009557803859955428,,0.0,0.0
random_forest,fall_detection,gz_median,,0.0008950463315712654,,0.0,0.0
random_forest,fall_detection,gz_iqr,,0.0008518561735337148,,-0.002574002574002554,0.003152496451458377
random_forest,fall_detection,peak_signed_gz,,0.0010094549727392695,,0.0,0.0
random_forest,fall_detection,integrated_gz,,0.000928795789343129,,0.0,0.0
random_forest,fall_detection,acc_mag_mean,,0.0012499528050258911,,-0.001287001287001277,0.002574002574002554
random_forest,fall_detection,acc_mag_std,,0.015208815423910102,,-0.006435006435006385,0.0
random_forest,fall_detection,acc_mag_min,,0.002287998729164752,,-0.006435006435006385,0.0
random_forest,fall_detection,acc_mag_max,,0.0285606174184894,,-0.006435006435006385,0.0
random_forest,fall_detection,acc_mag_p95,,0.01682865597064935,,-0.002574002574002554,0.003152496451458377
random_forest,fall_detection,acc_mag_range,,0.02470682456210765,,-0.006435006435006385,0.0
random_forest,fall_detection,acc_mag_median,,0.0018486337713900644,,0.0,0.0
random_forest,fall_detection,acc_mag_iqr,,0.001662591942029978,,-0.003861003861003831,0.003152496451458377
random_forest,fall_detection,gyro_mag_mean,,0.001063155643826925,,-0.005148005148005108,0.002574002574002554
random_forest,fall_detection,gyro_mag_std,,0.0025599755426484773,,-0.003861003861003831,0.003152496451458377
random_forest,fall_detection,gyro_mag_min,,0.0020698168869529286,,0.0,0.0
random_forest,fall_detection,gyro_mag_max,,0.004603546038629015,,-0.005148005148005108,0.002574002574002554
random_forest,fall_detection,gyro_mag_p95,,0.005729667726340754,,-0.006435006435006385,0.0
random_forest,fall_detection,gyro_mag_range,,0.004920681205291403,,-0.006435006435006385,0.0
random_forest,fall_detection,gyro_mag_median,,0.0010153546197109436,,-0.001287001287001277,0.002574002574002554
random_forest,fall_detection,gyro_mag_iqr,,0.001108628572120787,,-0.001287001287001277,0.002574002574002554
random_forest,fall_detection,jerk_mean,,0.0010363189809210497,,0.0,0.0
random_forest,fall_detection,jerk_std,,0.041767606316785194,,-0.006435006435006385,0.0
random_forest,fall_detection,jerk_max,,0.030718224567915786,,-0.005148005148005108,0.002574002574002554
random_forest,fall_detection,jerk_p95,,0.010801828695245432,,0.0,0.0
random_forest,fall_detection,jerk_median,,0.0007128264562570707,,0.0,0.0
random_forest,fall_detection,jerk_iqr,,0.004980625493806191,,-0.003861003861003831,0.003152496451458377
random_forest,fall_detection,roll_mean,,0.0016413640582837812,,-0.001287001287001277,0.002574002574002554
random_forest,fall_detection,roll_std,,0.003760938632895407,,-0.005148005148005108,0.002574002574002554
random_forest,fall_detection,roll_min,,0.0011532393296275498,,0.0,0.0
random_forest,fall_detection,roll_max,,0.02396911817488079,,0.0,0.0
random_forest,fall_detection,roll_range,,0.006908900869301225,,-0.003861003861003831,0.003152496451458377
random_forest,fall_detection,roll_final_initial,,0.0015506065218473686,,0.0,0.0
random_forest,fall_detection,roll_median,,0.0022890747375826008,,0.0,0.0
random_forest,fall_detection,roll_iqr,,0.0020022503034377213,,-0.006435006435006385,0.0
random_forest,fall_detection,pitch_mean,,0.0016923676226854507,,-0.002574002574002554,0.003152496451458377
random_forest,fall_detection,pitch_std,,0.0019623139935677335,,0.0,0.0
random_forest,fall_detection,pitch_min,,0.0012173938144840587,,0.0,0.0
random_forest,fall_detection,pitch_max,,0.000877714351840816,,0.0,0.0
random_forest,fall_detection,pitch_range,,0.005823892546891182,,0.0,0.0
random_forest,fall_detection,pitch_final_initial,,0.0032393236826027526,,0.0,0.0
random_forest,fall_detection,pitch_median,,0.0023386867407412717,,-0.001287001287001277,0.002574002574002554
random_forest,fall_detection,pitch_iqr,,0.0027681959427418266,,-0.003861003861003831,0.003152496451458377
random_forest,fall_detection,tilt_delta_mean,,0.0014331292197661577,,0.0,0.0
random_forest,fall_detection,tilt_delta_std,,0.045516527568577395,,-0.006435006435006385,0.0
random_forest,fall_detection,tilt_delta_max,,0.015324489593842602,,-0.003861003861003831,0.003152496451458377
random_forest,fall_detection,tilt_delta_p95,,0.01279131542601234,,-0.006435006435006385,0.0
random_forest,fall_detection,tilt_delta_final,,0.0007462547040723126,,0.0,0.0
random_forest,fall_detection,tilt_delta_median,,0.000921408050209268,,0.0,0.0
random_forest,fall_detection,tilt_delta_iqr,,0.029695248804584747,,-0.002574002574002554,0.003152496451458377
random_forest,fall_detection,impact_index,,0.027602288703358558,,-1.727518506040582e-05,0.0040425963193776405
random_forest,fall_detection,impact_distance_from_center,,0.12098618538723659,,0.10179174450785222,0.02062070532540098
random_forest,fall_detection,gyro_peak_index,,0.0011235118616505313,,0.0,0.0
random_forest,fall_detection,gyro_peak_distance_from_center,,0.0030961044015479296,,0.0,0.0
random_forest,fall_detection,acc_mag_peak_value,,0.025090515116094104,,-0.006435006435006385,0.0
random_forest,fall_detection,gyro_mag_peak_value,,0.0036281528034268354,,-0.003861003861003831,0.003152496451458377
random_forest,fall_detection,pre_impact_energy,,0.0031887387131305975,,-0.001287001287001277,0.002574002574002554
random_forest,fall_detection,post_impact_energy,,0.008784143841130536,,-0.001287001287001277,0.002574002574002554
random_forest,fall_detection,pre_post_energy_ratio,,0.00566456912797435,,-0.002574002574002554,0.003152496451458377
random_forest,fall_detection,post_acc_mag_std,,0.014548615249086476,,-0.005148005148005108,0.002574002574002554
random_forest,fall_detection,post_gyro_mag_std,,0.007815996544305724,,-0.002574002574002554,0.003152496451458377
random_forest,fall_detection,pre_acc_mag_std,,0.002447414681534333,,-0.003861003861003831,0.003152496451458377
random_forest,fall_detection,pre_gyro_mag_std,,0.000774307379498094,,-0.001287001287001277,0.002574002574002554
random_forest,fall_detection,pre_ax_mean,,0.0011045852339476776,,-0.006435006435006385,0.0
random_forest,fall_detection,post_ax_mean,,0.0021700228733971703,,-0.001287001287001277,0.002574002574002554
random_forest,fall_detection,pre_ay_mean,,0.0010390959907938186,,-0.002574002574002554,0.003152496451458377
random_forest,fall_detection,post_ay_mean,,0.0043841728077699945,,0.0,0.0
random_forest,fall_detection,pre_az_mean,,0.00099688596997254,,-0.001287001287001277,0.002574002574002554
random_forest,fall_detection,post_az_mean,,0.002025849213048769,,0.0,0.0
random_forest,fall_detection,pre_gx_mean,,0.0015054069135577914,,0.0,0.0
random_forest,fall_detection,post_gx_mean,,0.0013589105963186438,,0.0,0.0
random_forest,fall_detection,pre_gy_mean,,0.0019439605726640711,,0.0,0.0
random_forest,fall_detection,post_gy_mean,,0.0008911565550076778,,0.0,0.0
random_forest,fall_detection,pre_gz_mean,,0.0010651116623119547,,0.0,0.0
random_forest,fall_detection,post_gz_mean,,0.0008049637394096429,,0.0,0.0
random_forest,fall_detection,pre_roll_mean,,0.0011345358907100382,,-0.002574002574002554,0.003152496451458377
random_forest,fall_detection,post_roll_mean,,0.0022381245767412183,,-0.001287001287001277,0.002574002574002554
random_forest,fall_detection,pre_pitch_mean,,0.0012250593336961798,,0.0,0.0
random_forest,fall_detection,post_pitch_mean,,0.0014266188058822626,,-0.001287001287001277,0.002574002574002554
random_forest,fall_detection,delta_roll_window,,0.0017798511975513588,,0.0,0.0
random_forest,fall_detection,delta_pitch_window,,0.002287276277570247,,0.0,0.0
gradient_boosting,fall_detection,ax_mean,,0.00014740821743436866,,0.0,0.0
gradient_boosting,fall_detection,ax_std,,0.0006061251821789101,,0.005087260146305961,0.007393640704018543
gradient_boosting,fall_detection,ax_min,,5.052883846569828e-05,,0.0,0.0
gradient_boosting,fall_detection,ax_max,,0.000289310846045126,,0.0,0.0
gradient_boosting,fall_detection,ax_range,,4.9282047090552474e-06,,0.0,0.0
gradient_boosting,fall_detection,ax_final_initial,,1.1755642616224817e-05,,0.0,0.0
gradient_boosting,fall_detection,ax_median,,6.151128290978218e-05,,0.0,0.0
gradient_boosting,fall_detection,ax_iqr,,0.0033224101754249346,,0.01227359333235969,0.0072399833184842955
gradient_boosting,fall_detection,peak_signed_ax,,0.000121694406924136,,0.0,0.0
gradient_boosting,fall_detection,integrated_ax,,5.741966543460906e-06,,0.0,0.0
gradient_boosting,fall_detection,ay_mean,,2.2857051531136303e-05,,0.0,0.0
gradient_boosting,fall_detection,ay_std,,1.2639970929411668e-16,,0.0,0.0
gradient_boosting,fall_detection,ay_min,,0.0003510636407778934,,0.0,0.0
gradient_boosting,fall_detection,ay_max,,3.6875080752395644e-05,,0.0,0.0
gradient_boosting,fall_detection,ay_range,,0.0678278926519062,,0.0060560512284649985,0.004840939689723714
gradient_boosting,fall_detection,ay_final_initial,,0.0004687700446949398,,-0.001454888993859238,0.0029097779877184766
gradient_boosting,fall_detection,ay_median,,0.00012218054113682805,,0.0,0.0
gradient_boosting,fall_detection,ay_iqr,,0.00022919741760987026,,0.0,0.0
gradient_boosting,fall_detection,peak_signed_ay,,0.0003740224889197633,,-0.002909777987718476,0.0035637356673463415
gradient_boosting,fall_detection,integrated_ay,,2.844753128535595e-05,,0.0,0.0
gradient_boosting,fall_detection,az_mean,,7.714510150979706e-05,,-0.001454888993859238,0.0029097779877184766
gradient_boosting,fall_detection,az_std,,0.002228589740860481,,0.0011159418892734197,0.0026741975548376677
gradient_boosting,fall_detection,az_min,,0.00014254929284504455,,-0.00727444496929619,0.0
gradient_boosting,fall_detection,az_max,,0.0003062297123655406,,-0.001454888993859238,0.0029097779877184766
gradient_boosting,fall_detection,az_range,,0.01812192903983485,,0.0164431406643857,0.008561509684814455
gradient_boosting,fall_detection,az_final_initial,,0.0002018343472649015,,0.0025696740670760666,0.0031471951347993785
gradient_boosting,fall_detection,az_median,,0.00018752418040088526,,-0.002909777987718476,0.0035637356673463415
gradient_boosting,fall_detection,az_iqr,,0.0005124805309652477,,0.0,0.0
gradient_boosting,fall_detection,peak_signed_az,,0.00013729442401058458,,0.0,0.0
gradient_boosting,fall_detection,integrated_az,,0.0001596833389131128,,-0.002909777987718476,0.0035637356673463415
gradient_boosting,fall_detection,gx_mean,,0.002183098834403938,,0.0,0.0
gradient_boosting,fall_detection,gx_std,,6.042394448714602e-05,,0.0,0.0
gradient_boosting,fall_detection,gx_min,,0.0004705402394435141,,0.1694330999143197,0.018983470833085655
gradient_boosting,fall_detection,gx_max,,0.0007850577457711654,,-0.001454888993859238,0.002909777987718476
gradient_boosting,fall_detection,gx_range,,0.00019610902968100158,,0.0,0.0
gradient_boosting,fall_detection,gx_final_initial,,2.9427485176919143e-05,,0.0,0.0
gradient_boosting,fall_detection,gx_median,,0.0027463867838488235,,0.0,0.0
gradient_boosting,fall_detection,gx_iqr,,0.0005856648542050879,,0.0,0.0
gradient_boosting,fall_detection,peak_signed_gx,,0.00037190360718767414,,0.0,0.0
gradient_boosting,fall_detection,integrated_gx,,0.003236482278763633,,0.0012848370335380333,0.002569674067076067
gradient_boosting,fall_detection,gy_mean,,0.0013570332670212403,,0.015192910842727314,0.008551498608445729
gradient_boosting,fall_detection,gy_std,,0.0004231761085720815,,0.0,0.0
gradient_boosting,fall_detection,gy_min,,0.0004426442795272993,,0.0,0.0
gradient_boosting,fall_detection,gy_max,,0.0001430989625667663,,0.0,0.0
gradient_boosting,fall_detection,gy_range,,0.0005868104100572189,,0.0,0.0
gradient_boosting,fall_detection,gy_final_initial,,0.0,,0.0,0.0
gradient_boosting,fall_detection,gy_median,,0.0011918568469373475,,0.0,0.0
gradient_boosting,fall_detection,gy_iqr,,9.500862062829878e-05,,0.0,0.0
gradient_boosting,fall_detection,peak_signed_gy,,0.0001525687503822445,,0.0,0.0
gradient_boosting,fall_detection,integrated_gy,,0.0014534666530224213,,0.0,0.0
gradient_boosting,fall_detection,gz_mean,,1.2655944898546395e-05,,0.0,0.0
gradient_boosting,fall_detection,gz_std,,1.147589893743485e-06,,0.0,0.0
gradient_boosting,fall_detection,gz_min,,0.00021993914883670427,,0.07619968782065563,0.015790193186908
gradient_boosting,fall_detection,gz_max,,0.00027255558119981875,,0.0,0.0
gradient_boosting,fall_detection,gz_range,,0.00048279057135211246,,-0.00727444496929619,0.0
gradient_boosting,fall_detection,gz_final_initial,,4.832884548021813e-05,,0.0,0.0
gradient_boosting,fall_detection,gz_median,,1.9086972190791297e-05,,0.0,0.0
gradient_boosting,fall_detection,gz_iqr,,0.00022263357551426018,,0.0,0.0
gradient_boosting,fall_detection,peak_signed_gz,,0.0003500137666479701,,0.0,0.0
gradient_boosting,fall_detection,integrated_gz,,0.0001649218386849756,,0.0,0.0
gradient_boosting,fall_detection,acc_mag_mean,,0.0008124543218058047,,0.0,0.0
gradient_boosting,fall_detection,acc_mag_std,,0.0,,0.0,0.0
gradient_boosting,fall_detection,acc_mag_min,,1.1868364571336135e-05,,0.0,0.0
gradient_boosting,fall_detection,acc_mag_max,,0.0026642570976394488,,-0.005819555975436952,0.0029097779877184757
gradient_boosting,fall_detection,acc_mag_p95,,0.0008427597306770919,,0.0,0.0
gradient_boosting,fall_detection,acc_mag_range,,0.00015721396974648964,,0.0,0.0
gradient_boosting,fall_detection,acc_mag_median,,7.479271574705135e-05,,0.0,0.0
gradient_boosting,fall_detection,acc_mag_iqr,,0.0003693180501549751,,0.0,0.0
gradient_boosting,fall_detection,gyro_mag_mean,,0.0002591295742429793,,0.04341328248478051,0.0088306508494429
gradient_boosting,fall_detection,gyro_mag_std,,6.532208595483321e-05,,0.0,0.0
gradient_boosting,fall_detection,gyro_mag_min,,4.579258363882676e-05,,0.0,0.0
gradient_boosting,fall_detection,gyro_mag_max,,0.00015665425461371056,,0.0,0.0
gradient_boosting,fall_detection,gyro_mag_p95,,7.399674734537747e-05,,0.0,0.0
gradient_boosting,fall_detection,gyro_mag_range,,0.00010811490509123498,,0.0,0.0
gradient_boosting,fall_detection,gyro_mag_median,,0.0003741915826221479,,0.0,0.0
gradient_boosting,fall_detection,gyro_mag_iqr,,0.0014480467800574116,,0.0,0.0
gradient_boosting,fall_detection,jerk_mean,,4.758944861496388e-05,,0.0,0.0
gradient_boosting,fall_detection,jerk_std,,0.0001215817230723624,,-0.004364666981577714,0.0035637356673463415
gradient_boosting,fall_detection,jerk_max,,2.1456993831390843e-05,,0.0,0.0
gradient_boosting,fall_detection,jerk_p95,,0.0,,0.0,0.0
gradient_boosting,fall_detection,jerk_median,,0.0002272668283966921,,0.0,0.0
gradient_boosting,fall_detection,jerk_iqr,,0.0020060486374901274,,-0.002909777987718476,0.0035637356673463415
gradient_boosting,fall_detection,roll_mean,,0.00015930566930538297,,-0.004364666981577714,0.0035637356673463415
gradient_boosting,fall_detection,roll_std,,3.602648278514154e-05,,0.0,0.0
gradient_boosting,fall_detection,roll_min,,8.654868384268595e-05,,0.0,0.0
gradient_boosting,fall_detection,roll_max,,0.0009659036568009676,,0.0,0.0
gradient_boosting,fall_detection,roll_range,,4.909182130527504e-05,,0.0,0.0
gradient_boosting,fall_detection,roll_final_initial,,0.0,,0.0,0.0
gradient_boosting,fall_detection,roll_median,,0.0003771823341362333,,0.0,0.0
gradient_boosting,fall_detection,roll_iqr,,0.00011475663371994083,,0.0,0.0
gradient_boosting,fall_detection,pitch_mean,,5.0012719435529896e-05,,0.0,0.0
gradient_boosting,fall_detection,pitch_std,,0.0002737469348173263,,0.0,0.0
gradient_boosting,fall_detection,pitch_min,,8.490184587303578e-05,,0.0,0.0
gradient_boosting,fall_detection,pitch_max,,3.969133054452521e-05,,0.0,0.0
gradient_boosting,fall_detection,pitch_range,,5.2263652437941304e-05,,0.0,0.0
gradient_boosting,fall_detection,pitch_final_initial,,0.0003563354224458775,,0.0,0.0
gradient_boosting,fall_detection,pitch_median,,0.0003567397989004333,,0.0,0.0
gradient_boosting,fall_detection,pitch_iqr,,0.0016153117289829993,,0.0,0.0
gradient_boosting,fall_detection,tilt_delta_mean,,0.00029382386008714546,,-0.004364666981577714,0.0035637356673463415
gradient_boosting,fall_detection,tilt_delta_std,,0.005116833801511875,,0.0,0.0
gradient_boosting,fall_detection,tilt_delta_max,,0.00013232055326357643,,-0.001454888993859238,0.0029097779877184766
gradient_boosting,fall_detection,tilt_delta_p95,,0.0003992990259046976,,-0.004364666981577714,0.0035637356673463415
gradient_boosting,fall_detection,tilt_delta_final,,1.2370364567600178e-06,,0.0,0.0
gradient_boosting,fall_detection,tilt_delta_median,,0.00013182969743936378,,0.0,0.0
gradient_boosting,fall_detection,tilt_delta_iqr,,0.0009477281532504157,,-0.002909777987718476,0.0035637356673463415
gradient_boosting,fall_detection,impact_index,,6.389704534947805e-05,,0.0,0.0
gradient_boosting,fall_detection,impact_distance_from_center,,0.8442462694551308,,0.49752630993547076,0.040404587138937874
gradient_boosting,fall_detection,gyro_peak_index,,0.00012724927217443828,,0.0,0.0
gradient_boosting,fall_detection,gyro_peak_distance_from_center,,2.99118544972392e-05,,0.0,0.0
gradient_boosting,fall_detection,acc_mag_peak_value,,0.003206179802408449,,0.004748313041720143,0.008773815059536061
gradient_boosting,fall_detection,gyro_mag_peak_value,,0.00010242271258750233,,0.0,0.0
gradient_boosting,fall_detection,pre_impact_energy,,8.168883334574285e-06,,0.0,0.0
gradient_boosting,fall_detection,post_impact_energy,,9.348495437672836e-05,,0.0,0.0
gradient_boosting,fall_detection,pre_post_energy_ratio,,1.231193276730078e-05,,0.0,0.0
gradient_boosting,fall_detection,post_acc_mag_std,,0.00011378742869314676,,0.0,0.0
gradient_boosting,fall_detection,post_gyro_mag_std,,0.0,,0.0,0.0
gradient_boosting,fall_detection,pre_acc_mag_std,,3.198656461647582e-17,,0.0,0.0
gradient_boosting,fall_detection,pre_gyro_mag_std,,5.5724031647916495e-08,,0.0,0.0
gradient_boosting,fall_detection,pre_ax_mean,,0.0,,0.0,0.0
gradient_boosting,fall_detection,post_ax_mean,,0.0039889938089332794,,0.007591727790853553,0.004712758785447568
gradient_boosting,fall_detection,pre_ay_mean,,0.0005293186192469958,,0.0,0.0
gradient_boosting,fall_detection,post_ay_mean,,0.0010995203260959908,,0.0,0.0
gradient_boosting,fall_detection,pre_az_mean,,1.9471186370071398e-05,,0.0,0.0
gradient_boosting,fall_detection,post_az_mean,,0.0012175450439019402,,0.0012848370335380333,0.002569674067076067
gradient_boosting,fall_detection,pre_gx_mean,,0.003296406467754558,,-0.002909777987718476,0.0035637356673463415
gradient_boosting,fall_detection,post_gx_mean,,0.00010128654938622947,,0.0,0.0
gradient_boosting,fall_detection,pre_gy_mean,,0.0006184022128867358,,0.0,0.0
gradient_boosting,fall_detection,post_gy_mean,,0.00014395755879228973,,0.0,0.0
gradient_boosting,fall_detection,pre_gz_mean,,1.4778655957723756e-05,,0.0,0.0
gradient_boosting,fall_detection,post_gz_mean,,2.6072965192381024e-06,,0.0,0.0
gradient_boosting,fall_detection,pre_roll_mean,,0.0,,0.0,0.0
gradient_boosting,fall_detection,post_roll_mean,,0.0009025082322763835,,-0.005819555975436952,0.0029097779877184757
gradient_boosting,fall_detection,pre_pitch_mean,,0.00012732614552974622,,0.0,0.0
gradient_boosting,fall_detection,post_pitch_mean,,0.0023914030280820114,,-0.00727444496929619,0.0
gradient_boosting,fall_detection,delta_roll_window,,9.844966701447902e-05,,-0.001454888993859238,0.0029097779877184766
gradient_boosting,fall_detection,delta_pitch_window,,0.0014527254401197297,,0.0,0.0
hist_gradient_boosting,fall_detection,ax_mean,,,,0.0,0.0
hist_gradient_boosting,fall_detection,ax_std,,,,0.0,0.0
hist_gradient_boosting,fall_detection,ax_min,,,,0.002865953201523652,0.0035100614852143983
hist_gradient_boosting,fall_detection,ax_max,,,,0.0,0.0
hist_gradient_boosting,fall_detection,ax_range,,,,0.0,0.0
hist_gradient_boosting,fall_detection,ax_final_initial,,,,-0.001413870246085014,0.0028277404921700283
hist_gradient_boosting,fall_detection,ax_median,,,,0.0,0.0
hist_gradient_boosting,fall_detection,ax_iqr,,,,0.0,0.0
hist_gradient_boosting,fall_detection,peak_signed_ax,,,,0.0,0.0
hist_gradient_boosting,fall_detection,integrated_ax,,,,0.0,0.0
hist_gradient_boosting,fall_detection,ay_mean,,,,0.0,0.0
hist_gradient_boosting,fall_detection,ay_std,,,,0.0,0.0
hist_gradient_boosting,fall_detection,ay_min,,,,0.0025055928411632953,0.0030687119820102266
hist_gradient_boosting,fall_detection,ay_max,,,,0.0,0.0
hist_gradient_boosting,fall_detection,ay_range,,,,0.0,0.0
hist_gradient_boosting,fall_detection,ay_final_initial,,,,-0.00016107382550336612,0.004220982698812108
hist_gradient_boosting,fall_detection,ay_median,,,,0.0,0.0
hist_gradient_boosting,fall_detection,ay_iqr,,,,0.0,0.0
hist_gradient_boosting,fall_detection,peak_signed_ay,,,,0.0,0.0
hist_gradient_boosting,fall_detection,integrated_ay,,,,0.0,0.0
hist_gradient_boosting,fall_detection,az_mean,,,,0.0,0.0
hist_gradient_boosting,fall_detection,az_std,,,,0.0,0.0
hist_gradient_boosting,fall_detection,az_min,,,,0.0042989298022854784,0.0035100614852143983
hist_gradient_boosting,fall_detection,az_max,,,,0.0071648830038091305,0.0
hist_gradient_boosting,fall_detection,az_range,,,,-0.004619364201181697,0.005095803883090483
hist_gradient_boosting,fall_detection,az_final_initial,,,,0.0,0.0
hist_gradient_boosting,fall_detection,az_median,,,,0.0,0.0
hist_gradient_boosting,fall_detection,az_iqr,,,,0.0,0.0
hist_gradient_boosting,fall_detection,peak_signed_az,,,,0.005731906403047304,0.002865953201523652
hist_gradient_boosting,fall_detection,integrated_az,,,,0.0,0.0
hist_gradient_boosting,fall_detection,gx_mean,,,,0.005731906403047304,0.002865953201523652
hist_gradient_boosting,fall_detection,gx_std,,,,0.0,0.0
hist_gradient_boosting,fall_detection,gx_min,,,,0.005731906403047304,0.002865953201523652
hist_gradient_boosting,fall_detection,gx_max,,,,0.0,0.0
hist_gradient_boosting,fall_detection,gx_range,,,,0.0,0.0
hist_gradient_boosting,fall_detection,gx_final_initial,,,,0.0,0.0
hist_gradient_boosting,fall_detection,gx_median,,,,0.0,0.0
hist_gradient_boosting,fall_detection,gx_iqr,,,,0.0042989298022854784,0.003510061485214398
hist_gradient_boosting,fall_detection,peak_signed_gx,,,,0.002865953201523652,0.0035100614852143983
hist_gradient_boosting,fall_detection,integrated_gx,,,,0.0,0.0
hist_gradient_boosting,fall_detection,gy_mean,,,,0.0,0.0
hist_gradient_boosting,fall_detection,gy_std,,,,0.0,0.0
hist_gradient_boosting,fall_detection,gy_min,,,,0.0,0.0
hist_gradient_boosting,fall_detection,gy_max,,,,0.0,0.0
hist_gradient_boosting,fall_detection,gy_range,,,,0.0,0.0
hist_gradient_boosting,fall_detection,gy_final_initial,,,,0.0,0.0
hist_gradient_boosting,fall_detection,gy_median,,,,0.0,0.0
hist_gradient_boosting,fall_detection,gy_iqr,,,,0.0,0.0
hist_gradient_boosting,fall_detection,peak_signed_gy,,,,0.0,0.0
hist_gradient_boosting,fall_detection,integrated_gy,,,,0.0,0.0
hist_gradient_boosting,fall_detection,gz_mean,,,,0.0,0.0
hist_gradient_boosting,fall_detection,gz_std,,,,0.0,0.0
hist_gradient_boosting,fall_detection,gz_min,,,,0.0,0.0
hist_gradient_boosting,fall_detection,gz_max,,,,0.0,0.0
hist_gradient_boosting,fall_detection,gz_range,,,,0.001432976600761826,0.002865953201523652
hist_gradient_boosting,fall_detection,gz_final_initial,,,,0.0,0.0
hist_gradient_boosting,fall_detection,gz_median,,,,0.005731906403047304,0.002865953201523652
hist_gradient_boosting,fall_detection,gz_iqr,,,,0.0,0.0
hist_gradient_boosting,fall_detection,peak_signed_gz,,,,0.0,0.0
hist_gradient_boosting,fall_detection,integrated_gz,,,,0.0,0.0
hist_gradient_boosting,fall_detection,acc_mag_mean,,,,0.0071648830038091305,0.0
hist_gradient_boosting,fall_detection,acc_mag_std,,,,0.0,0.0
hist_gradient_boosting,fall_detection,acc_mag_min,,,,0.0,0.0
hist_gradient_boosting,fall_detection,acc_mag_max,,,,0.0,0.0
hist_gradient_boosting,fall_detection,acc_mag_p95,,,,0.0,0.0
hist_gradient_boosting,fall_detection,acc_mag_range,,,,0.0,0.0
hist_gradient_boosting,fall_detection,acc_mag_median,,,,0.0,0.0
hist_gradient_boosting,fall_detection,acc_mag_iqr,,,,0.0,0.0
hist_gradient_boosting,fall_detection,gyro_mag_mean,,,,0.0,0.0
hist_gradient_boosting,fall_detection,gyro_mag_std,,,,0.0,0.0
hist_gradient_boosting,fall_detection,gyro_mag_min,,,,0.002865953201523652,0.0035100614852143983
hist_gradient_boosting,fall_detection,gyro_mag_max,,,,0.0,0.0
hist_gradient_boosting,fall_detection,gyro_mag_p95,,,,0.0,0.0
hist_gradient_boosting,fall_detection,gyro_mag_range,,,,0.0,0.0
hist_gradient_boosting,fall_detection,gyro_mag_median,,,,0.0,0.0
hist_gradient_boosting,fall_detection,gyro_mag_iqr,,,,0.0,0.0
hist_gradient_boosting,fall_detection,jerk_mean,,,,0.0,0.0
hist_gradient_boosting,fall_detection,jerk_std,,,,0.0,0.0
hist_gradient_boosting,fall_detection,jerk_max,,,,0.0,0.0
hist_gradient_boosting,fall_detection,jerk_p95,,,,0.0,0.0
hist_gradient_boosting,fall_detection,jerk_median,,,,0.0,0.0
hist_gradient_boosting,fall_detection,jerk_iqr,,,,0.0,0.0
hist_gradient_boosting,fall_detection,roll_mean,,,,0.0,0.0
hist_gradient_boosting,fall_detection,roll_std,,,,0.0,0.0
hist_gradient_boosting,fall_detection,roll_min,,,,0.0,0.0
hist_gradient_boosting,fall_detection,roll_max,,,,0.002865953201523652,0.0035100614852143983
hist_gradient_boosting,fall_detection,roll_range,,,,0.0,0.0
hist_gradient_boosting,fall_detection,roll_final_initial,,,,0.0071648830038091305,0.0
hist_gradient_boosting,fall_detection,roll_median,,,,0.0,0.0
hist_gradient_boosting,fall_detection,roll_iqr,,,,0.0,0.0
hist_gradient_boosting,fall_detection,pitch_mean,,,,0.0,0.0
hist_gradient_boosting,fall_detection,pitch_std,,,,0.0,0.0
hist_gradient_boosting,fall_detection,pitch_min,,,,0.001432976600761826,0.002865953201523652
hist_gradient_boosting,fall_detection,pitch_max,,,,0.0,0.0
hist_gradient_boosting,fall_detection,pitch_range,,,,0.0,0.0
hist_gradient_boosting,fall_detection,pitch_final_initial,,,,-0.001413870246085014,0.0028277404921700283
hist_gradient_boosting,fall_detection,pitch_median,,,,0.0,0.0
hist_gradient_boosting,fall_detection,pitch_iqr,,,,0.0,0.0
hist_gradient_boosting,fall_detection,tilt_delta_mean,,,,0.0,0.0
hist_gradient_boosting,fall_detection,tilt_delta_std,,,,0.0,0.0
hist_gradient_boosting,fall_detection,tilt_delta_max,,,,0.0,0.0
hist_gradient_boosting,fall_detection,tilt_delta_p95,,,,0.0,0.0
hist_gradient_boosting,fall_detection,tilt_delta_final,,,,0.0,0.0
hist_gradient_boosting,fall_detection,tilt_delta_median,,,,0.002865953201523652,0.0035100614852143983
hist_gradient_boosting,fall_detection,tilt_delta_iqr,,,,0.0,0.0
hist_gradient_boosting,fall_detection,impact_index,,,,0.0042989298022854784,0.0035100614852143983
hist_gradient_boosting,fall_detection,impact_distance_from_center,,,,0.7467951718370043,0.052214349911288656
hist_gradient_boosting,fall_detection,gyro_peak_index,,,,0.0,0.0
hist_gradient_boosting,fall_detection,gyro_peak_distance_from_center,,,,0.0,0.0
hist_gradient_boosting,fall_detection,acc_mag_peak_value,,,,0.0,0.0
hist_gradient_boosting,fall_detection,gyro_mag_peak_value,,,,0.0,0.0
hist_gradient_boosting,fall_detection,pre_impact_energy,,,,0.0,0.0
hist_gradient_boosting,fall_detection,post_impact_energy,,,,0.0,0.0
hist_gradient_boosting,fall_detection,pre_post_energy_ratio,,,,0.0,0.0
hist_gradient_boosting,fall_detection,post_acc_mag_std,,,,0.0,0.0
hist_gradient_boosting,fall_detection,post_gyro_mag_std,,,,0.005731906403047304,0.002865953201523652
hist_gradient_boosting,fall_detection,pre_acc_mag_std,,,,0.0,0.0
hist_gradient_boosting,fall_detection,pre_gyro_mag_std,,,,0.0,0.0
hist_gradient_boosting,fall_detection,pre_ax_mean,,,,0.0,0.0
hist_gradient_boosting,fall_detection,post_ax_mean,,,,0.0025055928411632953,0.0030687119820102266
hist_gradient_boosting,fall_detection,pre_ay_mean,,,,0.0,0.0
hist_gradient_boosting,fall_detection,post_ay_mean,,,,0.0,0.0
hist_gradient_boosting,fall_detection,pre_az_mean,,,,0.0,0.0
hist_gradient_boosting,fall_detection,post_az_mean,,,,0.0,0.0
hist_gradient_boosting,fall_detection,pre_gx_mean,,,,-0.015615039776113582,0.003467746096604253
hist_gradient_boosting,fall_detection,post_gx_mean,,,,0.005731906403047304,0.002865953201523652
hist_gradient_boosting,fall_detection,pre_gy_mean,,,,0.0,0.0
hist_gradient_boosting,fall_detection,post_gy_mean,,,,0.002865953201523652,0.0035100614852143983
hist_gradient_boosting,fall_detection,pre_gz_mean,,,,0.0,0.0
hist_gradient_boosting,fall_detection,post_gz_mean,,,,0.0,0.0
hist_gradient_boosting,fall_detection,pre_roll_mean,,,,0.0,0.0
hist_gradient_boosting,fall_detection,post_roll_mean,,,,-0.005655480984340056,0.002827740492170028
hist_gradient_boosting,fall_detection,pre_pitch_mean,,,,0.0,0.0
hist_gradient_boosting,fall_detection,post_pitch_mean,,,,0.001432976600761826,0.002865953201523652
hist_gradient_boosting,fall_detection,delta_roll_window,,,,-0.002827740492170028,0.0034632606654115697
hist_gradient_boosting,fall_detection,delta_pitch_window,,,,0.0042989298022854784,0.0035100614852143983
