comparison,feature,n_pos,n_neg,median_pos,median_neg,iqr_pos,iqr_neg,cohens_d,cliffs_delta,ks_statistic,mannwhitney_p,auroc,abs_auc,average_precision
bits_fall_vs_nonfall,az_range,48,480,36.2374382019043,0.6813888549804688,46.31787157058716,2.9791050851345062,4.4636876586255365,0.9611979166666667,0.9020833333333333,4.426662286758669e-28,0.9805989583333332,0.9805989583333332,0.9284580825194987
bits_fall_vs_nonfall,az_std,48,480,7.282185077667236,0.1764194294810295,6.759835481643677,0.6937430277466774,5.021184005934545,0.9597222222222223,0.8895833333333333,5.337203454052173e-28,0.9798611111111111,0.9798611111111111,0.9310086979137394
bits_fall_vs_nonfall,tilt_delta_std,48,480,4.949512243270874,0.13589449226856232,1.9282130002975464,0.5752813760191202,3.6902835759035497,0.9380208333333333,0.8916666666666667,8.045034130716248e-27,0.9690104166666667,0.9690104166666667,0.7046208845120843
bits_fall_vs_nonfall,tilt_delta_max,48,480,12.350072860717773,0.30711591243743896,7.700712203979492,1.4382407665252686,3.052242741165141,0.9362847222222223,0.9,9.957966083459105e-27,0.9681423611111112,0.9681423611111112,0.655055382439749
bits_fall_vs_nonfall,tilt_delta_p95,48,480,7.616229331493376,0.19615296274423594,4.082263022661211,0.8486288134008642,3.6410289480357845,0.9324652777777778,0.8958333333333334,1.5949998790084989e-26,0.9662326388888889,0.9662326388888889,0.735326947454423
bits_fall_vs_nonfall,jerk_max,48,480,449.8026885986328,4.139316082000732,443.8276596069336,24.055222988128662,3.5797561217926983,0.9256076388888889,0.86875,3.6898899454171106e-26,0.9628038194444445,0.9628038194444445,0.7913570517692817
bits_fall_vs_nonfall,jerk_std,48,480,152.41453552246094,1.646746039390564,132.88612747192383,9.820106253027916,3.8003952127415053,0.9238715277777778,0.8604166666666667,4.565092237910001e-26,0.9619357638888889,0.9619357638888889,0.8070042260289836
bits_fall_vs_nonfall,impact_distance_from_center,48,480,0.0,13.0,0.0,13.0,-1.6694169353118853,-0.9207465277777778,0.9333333333333333,5.752610641872657e-26,0.03962673611111112,0.9603732638888889,0.08760570824524314
bits_fall_vs_nonfall,ax_range,48,480,58.19394493103027,0.7623138427734375,48.799697399139404,5.191346764564514,3.6041087578363715,0.9146701388888889,0.8354166666666667,1.3915069915006335e-25,0.9573350694444445,0.9573350694444445,0.7596327120962485
bits_fall_vs_nonfall,acc_mag_range,48,480,57.525381088256836,0.6464614868164062,51.15509271621704,5.240738034248352,3.6049912927818735,0.9138888888888889,0.8541666666666666,1.52890926198326e-25,0.9569444444444444,0.9569444444444444,0.7827588438967595
bits_fall_vs_nonfall,ay_range,48,480,46.43362617492676,0.8942341804504395,45.26189994812012,3.6063857674598694,3.372013630171193,0.9103298611111111,0.8770833333333333,2.3458930457597235e-25,0.9551649305555555,0.9551649305555555,0.7323090228806672
bits_fall_vs_nonfall,acc_mag_max,48,480,62.96669387817383,10.133567810058594,51.94188165664673,3.527764081954956,3.7120269818582323,0.9060763888888889,0.8395833333333333,3.9007224706331116e-25,0.9530381944444444,0.9530381944444444,0.7900939524858839
bits_fall_vs_nonfall,gy_range,48,480,6.216165065765381,0.2571742683649063,5.391679406166077,1.5438397005200386,3.1629489908287822,0.9016493055555556,0.8333333333333334,6.616890883445232e-25,0.9508246527777777,0.9508246527777777,0.7291312925362738
bits_fall_vs_nonfall,az_min,48,480,-14.945565223693848,1.4870386719703674,17.88217329978943,2.353021454066038,-3.2705327605845693,-0.8983506944444445,0.80625,9.781828749798807e-25,0.05082465277777777,0.9491753472222222,0.04846859990161336
bits_fall_vs_nonfall,jerk_p95,48,480,147.92907180786108,2.930983304977415,141.05719127655004,16.16092319488525,2.745777993188107,0.8971354166666666,0.8541666666666666,1.1302362316895808e-24,0.9485677083333333,0.9485677083333333,0.6101190766282717
bits_fall_vs_nonfall,roll_range,48,480,5.5677244663238525,0.19249428063631058,1.6922494173049927,0.8913625068962574,2.782301111263638,0.8940104166666667,0.8145833333333333,1.6347839409166102e-24,0.9470052083333333,0.9470052083333333,0.6450668822575316
bits_fall_vs_nonfall,ax_std,48,480,9.356376647949219,0.169770710170269,6.035482287406921,1.2984385965391994,2.8512313777184,0.8848958333333333,0.7854166666666667,4.763915790857289e-24,0.9424479166666667,0.9424479166666667,0.5870868612877999
bits_fall_vs_nonfall,acc_mag_std,48,480,11.41091251373291,0.15783022344112396,8.957568883895874,1.3005122188478708,2.861839632174155,0.8842881944444444,0.8270833333333333,5.1139541449590395e-24,0.9421440972222223,0.9421440972222223,0.6658410950173955
bits_fall_vs_nonfall,gx_range,48,480,9.702250480651855,0.5700594186782837,7.266730904579163,3.1504765525460243,2.780324165741394,0.8840277777777777,0.7479166666666667,5.270297615706747e-24,0.9420138888888889,0.9420138888888889,0.6696335680381952
bits_fall_vs_nonfall,gyro_mag_range,48,480,7.918069362640381,0.5791229903697968,3.998321771621704,2.172254767268896,2.7482591933261666,0.88203125,0.7479166666666667,6.650226704897301e-24,0.9410156250000001,0.9410156250000001,0.6924378125416428
bits_fall_vs_nonfall,gyro_mag_max,48,480,8.456683158874512,0.6131690442562103,5.346273899078369,2.4858970399945974,2.7604857572784702,0.87890625,0.7333333333333333,9.555942638669369e-24,0.939453125,0.939453125,0.6962914685592402
bits_fall_vs_nonfall,ay_std,48,480,7.45245885848999,0.2322482466697693,5.793363332748413,0.8790451735258102,2.3615448977689693,0.8774305555555556,0.8479166666666667,1.1345823655798504e-23,0.9387152777777777,0.9387152777777777,0.5298181069640794
bits_fall_vs_nonfall,ay_max,48,480,14.75211238861084,-2.282392382621765,15.958311915397644,3.1443051286041737,3.351321124398133,0.8743055555555556,0.8125,1.6265055904534467e-23,0.9371527777777777,0.9371527777777777,0.8209000924719279
bits_fall_vs_nonfall,gy_std,48,480,1.4518319964408875,0.06332654505968094,0.9992063641548157,0.4528459692373872,2.6403491287657843,0.8693576388888888,0.7666666666666667,2.87645781756202e-23,0.9346788194444444,0.9346788194444444,0.6262411652995762
bits_fall_vs_nonfall,gy_min,48,480,-2.9800450801849365,-0.0838107168674469,2.653232455253601,0.5922949239611626,-2.8060295730425353,-0.8680555555555556,0.8041666666666667,3.3348886542977357e-23,0.06597222222222222,0.9340277777777778,0.049186523504933306
bits_fall_vs_nonfall,acc_mag_p95,48,480,33.24748916625975,10.044456243515015,21.740918636322018,2.8727754831314094,2.7132197416548802,0.8629340277777777,0.8041666666666667,5.991070513418744e-23,0.931467013888889,0.931467013888889,0.6402571737087045
bits_fall_vs_nonfall,pitch_range,48,480,1.9583553671836853,0.10357724130153656,0.8055449426174164,0.3675035834312439,2.470252691230826,0.8615451388888888,0.8291666666666667,7.018847961481337e-23,0.9307725694444444,0.9307725694444444,0.4454252149895271
bits_fall_vs_nonfall,post_acc_mag_std,48,480,6.565067291259766,0.08475642651319504,6.248358428478241,0.9136532382108271,2.350413540227928,0.8602430555555556,0.8166666666666667,7.927839119638449e-23,0.9301215277777778,0.9301215277777778,0.5527635200287657
bits_fall_vs_nonfall,roll_std,48,480,1.252339243888855,0.046668270602822304,0.3569372296333313,0.22179281013086438,2.473620854516079,0.8581597222222223,0.8291666666666667,1.0308882724396825e-22,0.9290798611111111,0.9290798611111111,0.46482174250425773
bits_fall_vs_nonfall,roll_max,48,480,2.9049086570739746,-0.6659801602363586,0.7693797945976257,0.9956153070670553,2.2680892362349407,0.8540798611111111,0.7770833333333333,1.6332518675895002e-22,0.9270399305555556,0.9270399305555556,0.6056554272217239
bits_fall_vs_nonfall,ax_max,48,480,12.751997470855713,-5.745844602584839,12.569559335708618,9.480320230126381,2.8249168827445708,0.8461805555555556,0.74375,3.963267269510775e-22,0.9230902777777779,0.9230902777777779,0.7654149132764154
bits_fall_vs_nonfall,gx_min,48,480,-5.4783618450164795,-0.37604865431785583,4.381369709968567,1.3683381974697113,-2.5432904204834403,-0.8459201388888888,0.7125,4.0794769918254656e-22,0.07703993055555555,0.9229600694444444,0.04925176485603668
bits_fall_vs_nonfall,gx_std,48,480,2.004616916179657,0.14132045954465866,1.6120235919952393,0.7989489156752825,2.3164782383423943,0.8379340277777778,0.7125,9.922726386193346e-22,0.9189670138888888,0.9189670138888888,0.5476869669491781
bits_fall_vs_nonfall,post_gyro_mag_std,48,480,1.4526857137680054,0.044241487979888916,1.0554464757442474,0.36343865178059787,2.360618594545507,0.8365451388888889,0.7375,1.128444963719354e-21,0.9182725694444445,0.9182725694444445,0.5721067392213619
bits_fall_vs_nonfall,gyro_mag_std,48,480,1.7483208179473877,0.12703022360801697,1.2637959718704224,0.5746799455955625,2.2941631301244807,0.8347222222222223,0.7583333333333333,1.4147579087838321e-21,0.9173611111111111,0.9173611111111111,0.564485254118761
bits_fall_vs_nonfall,pitch_std,48,480,0.428140789270401,0.02563679777085781,0.24758540093898773,0.08914341405034065,1.896705182847847,0.8216145833333334,0.8270833333333333,5.934322153115688e-21,0.9108072916666666,0.9108072916666666,0.3629205669913559
bits_fall_vs_nonfall,gyro_mag_p95,48,480,6.241908347606659,0.5128731086850167,4.3564120620489115,2.2692996373400094,2.192102146435219,0.8194444444444444,0.7291666666666666,7.504934167872507e-21,0.9097222222222223,0.9097222222222223,0.5382193770340136
bits_fall_vs_nonfall,gx_max,48,480,3.5106425285339355,0.23872613906860352,3.928107738494873,1.3404216635972261,2.415272165800588,0.8192708333333333,0.7041666666666667,7.644130621650144e-21,0.9096354166666667,0.9096354166666667,0.5987411573366543
bits_fall_vs_nonfall,acc_mag_mean,48,480,13.710344791412354,9.8181471824646,3.9219212532043457,0.22907257080078125,2.5130992592370878,0.8177083333333334,0.75,9.058888712968165e-21,0.9088541666666669,0.9088541666666669,0.5883472030040049
bits_fall_vs_nonfall,gyro_mag_mean,48,480,2.8493824005126953,0.25904974341392517,2.1091987788677216,1.2094751568511128,2.146057314362056,0.8174479166666667,0.7354166666666667,9.317328072714938e-21,0.9087239583333333,0.9087239583333333,0.5591224942547506
bits_fall_vs_nonfall,gz_range,48,480,6.685675621032715,0.592172771692276,4.653998970985413,2.2033298313617706,2.179747089110767,0.8102430555555555,0.7145833333333333,2.021521974210271e-20,0.9051215277777778,0.9051215277777778,0.5256595199924446
bits_fall_vs_nonfall,az_max,48,480,17.83321189880371,3.0298622846603394,28.66541814804077,3.8866275250911713,3.007214103894129,0.8095486111111111,0.68125,2.1760964865196416e-20,0.9047743055555555,0.9047743055555555,0.765024945363914
bits_fall_vs_nonfall,gy_max,48,480,3.217793583869934,0.16077972948551178,3.254445791244507,0.5905844965018332,2.6081046757149435,0.8015625,0.6625,5.090892745946104e-20,0.90078125,0.90078125,0.6244560416198324
bits_fall_vs_nonfall,ay_min,48,480,-28.199625968933105,-3.6387078762054443,30.98276448249817,5.230372905731201,-2.3671540665472075,-0.7895833333333333,0.6666666666666666,1.7952439704144813e-19,0.10520833333333333,0.8947916666666667,0.050057485902810166
bits_fall_vs_nonfall,gz_min,48,480,-3.785531759262085,-0.34746015071868896,3.135937809944153,0.8781187878921628,-1.9735682608502227,-0.780859375,0.7104166666666667,4.440970035320016e-19,0.10957031250000002,0.8904296875,0.052113635885044224
bits_fall_vs_nonfall,pitch_min,48,480,-1.019481360912323,0.8630653321743011,0.6962679326534271,1.2414760161191225,-1.7211929301977327,-0.7731770833333333,0.7125,9.783754646002618e-19,0.11341145833333334,0.8865885416666667,0.05072764909425492
bits_fall_vs_nonfall,roll_min,48,480,-2.938537120819092,-1.0827728509902954,0.9243887662887573,0.6191610097885132,-1.6994069560808533,-0.7578993055555555,0.6791666666666667,4.59860289166675e-18,0.1210503472222222,0.8789496527777778,0.05050912070528114
bits_fall_vs_nonfall,gz_std,48,480,1.3910349607467651,0.11066346615552902,0.9570702016353607,0.6189597980119288,1.5711126774534587,0.7423611111111111,0.6729166666666667,2.152841132499805e-17,0.8711805555555555,0.8711805555555555,0.34266871045587527
bits_fall_vs_nonfall,gz_max,48,480,2.5281269550323486,0.19376645982265472,2.7627603113651276,1.039692647755146,1.665763237057863,0.7380208333333333,0.6541666666666667,3.290370514583351e-17,0.8690104166666667,0.8690104166666667,0.4032523295877107
bits_fall_vs_nonfall,pre_impact_energy,48,480,242.908828125,113.67219238281251,189.237392578125,98.11724243164062,1.5086872330589471,0.66875,0.56875,2.1089365161203185e-14,0.834375,0.834375,0.3944589939671835
bits_fall_vs_nonfall,post_impact_energy,48,480,201.31038085937502,89.2011083984375,150.8228369140625,101.10968872070312,1.6312784695144826,0.653125,0.4895833333333333,8.317288348169959e-14,0.8265625,0.8265625,0.42501934546081016
bits_fall_vs_nonfall,gyro_peak_distance_from_center,48,480,3.0,16.0,8.25,15.0,-1.1182389921658202,-0.5983506944444444,0.5083333333333333,6.844996375957543e-12,0.20082465277777778,0.7991753472222223,0.057076992091889336
bits_fall_vs_nonfall,ax_min,48,480,-38.02878189086914,-9.29189682006836,55.809800148010254,9.9024178981781,-2.3954275467176447,-0.5487847222222222,0.5583333333333333,3.5511077330962934e-10,0.22560763888888885,0.7743923611111112,0.05794589691580362
bits_fall_vs_nonfall,tilt_delta_mean,48,480,0.21186476945877075,0.0011356920003890991,0.5421248651109636,0.03117659711278975,1.6040676204431208,0.4046875,0.5479166666666667,3.7391569729117576e-06,0.70234375,0.70234375,0.5561067984611996
bits_fall_vs_nonfall,pitch_mean,48,480,0.3725392669439316,1.1086013317108154,0.7634963651653379,1.185203363187611,-0.6294050310067019,-0.40043402777777776,0.5125,4.7223769865780916e-06,0.2997829861111111,0.7002170138888889,0.06271236481052934
bits_fall_vs_nonfall,roll_mean,48,480,-0.4585123360157013,-0.9165492057800293,0.7880317848175764,0.5784028470516205,0.5002319594195584,0.34453125,0.3875,8.224986083044346e-05,0.672265625,0.672265625,0.16145260419868623
bits_fall_vs_nonfall,pitch_max,48,480,1.351105511188507,1.2312588095664978,0.3960054814815521,1.1705716103315353,0.4336826684933389,0.3042534722222222,0.3,0.0005063458949654037,0.6521267361111112,0.6521267361111112,0.14998720979353936
bits_fall_vs_nonfall,gz_mean,48,480,-0.2108926698565483,0.00046425800246652216,0.8732941672205925,0.10610607778653502,-0.4453588271409622,-0.17135416666666667,0.4041666666666667,0.050205684899236644,0.41432291666666665,0.5856770833333333,0.1151153000556456
bits_fall_vs_nonfall,jerk_mean,48,480,0.6182348430156708,0.0010145902633666992,2.617067515850067,0.1774856559932232,0.040744200263363194,0.16397569444444443,0.3958333333333333,0.06094889228568242,0.5819878472222223,0.5819878472222223,0.18075469155366752
bits_fall_vs_nonfall,ax_mean,48,480,-5.386288166046143,-8.985592365264893,8.787318855524063,8.920864716172218,0.3040943248198631,0.16024305555555557,0.275,0.06707080472264335,0.5801215277777777,0.5801215277777777,0.171683371605255
bits_fall_vs_nonfall,impact_index,48,480,25.0,29.0,0.0,24.0,-0.1262326986232989,-0.11909722222222222,0.5208333333333334,0.17315860511305048,0.4404513888888889,0.5595486111111111,0.14020300088261253
bits_fall_vs_nonfall,roll_final_initial,48,480,-0.12844568490982056,0.0004528164863586426,1.7410730123519897,0.13484560512006283,0.033850326260671235,-0.10173611111111111,0.3375,0.2450640675745912,0.44913194444444443,0.5508680555555556,0.18484930435588642
bits_fall_vs_nonfall,ay_mean,48,480,-2.992943525314331,-3.0337024927139282,3.3402943313121796,3.349085569381714,0.20204196171820904,0.09557291666666666,0.19166666666666668,0.2748453045832633,0.5477864583333334,0.5477864583333334,0.1191098148796689
bits_fall_vs_nonfall,gx_mean,48,480,-0.08648629486560822,-0.005060407333076,1.0744667500257492,0.10487457877025008,-0.47968057938159825,-0.08689236111111111,0.3375,0.3208331685683701,0.4565538194444444,0.5434461805555556,0.20474963059877138
bits_fall_vs_nonfall,az_mean,48,480,3.0882710218429565,1.9742156863212585,3.9536238461732864,2.7377959489822388,-0.17003108021103122,0.08671875,0.2604166666666667,0.32180149922388,0.5433593750000001,0.5433593750000001,0.1028314319078227
bits_fall_vs_nonfall,tilt_delta_final,48,480,0.10395348072052002,0.00022724270820617676,2.626708149909973,0.2619318664073944,0.11272836890032652,0.06727430555555555,0.28958333333333336,0.44219113657393905,0.5336371527777778,0.5336371527777778,0.23031017682554736
bits_fall_vs_nonfall,gyro_peak_index,48,480,25.0,25.0,5.5,32.0,0.11423529099741445,0.053515625,0.29583333333333334,0.5406804290934009,0.5267578125000001,0.5267578125000001,0.08963339733247912
bits_fall_vs_nonfall,pitch_final_initial,48,480,0.02757081389427185,0.0012153685092926025,0.7161866500973701,0.08282262086868286,0.0751097461998625,0.04227430555555556,0.34375,0.6292873765344149,0.5211371527777777,0.5211371527777777,0.2045560153674495
bits_fall_vs_nonfall,pre_post_energy_ratio,48,480,1.1434778481962509,1.2819782681226428,1.029795277584863,3.4359552364690007,-0.3786008872427486,-0.035069444444444445,0.27708333333333335,0.6888815996955078,0.4824652777777778,0.5175347222222222,0.08100288454765014
bits_fall_vs_nonfall,gy_mean,48,480,0.029768677428364754,0.0005302310455590487,1.1561601608991623,0.06416406529024243,-0.053016044855205266,0.017100694444444446,0.3625,0.8454106939514561,0.5085503472222224,0.5085503472222224,0.3101418703615722
bits_fall_vs_weda_fall,pitch_final_initial,48,25,0.02757081389427185,-1.1326942443847656,0.7161866500973701,0.6430007219314575,1.5461719971411283,0.7416666666666667,0.7533333333333333,2.3761736236435418e-07,0.8708333333333332,0.8708333333333332,0.9412052866922025
bits_fall_vs_weda_fall,gy_min,48,25,-2.9800450801849365,-6.523077011108398,2.653232455253601,3.0596251487731934,1.4042816491741519,0.705,0.6333333333333333,9.039946866574726e-07,0.8525000000000001,0.8525000000000001,0.9233470448819132
bits_fall_vs_weda_fall,post_gyro_mag_std,48,25,1.4526857137680054,2.4531829357147217,1.0554464757442474,0.9549839496612549,-1.3032575086326872,-0.6566666666666666,0.5741666666666667,4.777130577201067e-06,0.17166666666666666,0.8283333333333334,0.49684547096708576
bits_fall_vs_weda_fall,gy_range,48,25,6.216165065765381,10.397313117980957,5.391679406166077,7.032695770263672,-1.2514819755387074,-0.62,0.5033333333333333,1.5702222971017544e-05,0.19,0.81,0.5007740554423579
bits_fall_vs_weda_fall,pre_impact_energy,48,25,242.908828125,118.85255859375,189.237392578125,70.260390625,0.867855476239766,0.6116666666666667,0.5258333333333334,2.0399202413095215e-05,0.8058333333333333,0.8058333333333333,0.9037603124031973
bits_fall_vs_weda_fall,pre_post_energy_ratio,48,25,1.1434778481962509,0.6563044698504499,1.029795277584863,0.5597891078922631,0.774040230584023,0.5316666666666666,0.43333333333333335,0.00021349605597844421,0.7658333333333334,0.7658333333333334,0.867845223509632
bits_fall_vs_weda_fall,gyro_mag_range,48,25,7.918069362640381,10.61153507232666,3.998321771621704,5.490708351135254,-1.0156467703442325,-0.5233333333333333,0.465,0.00026805437805734643,0.2383333333333333,0.7616666666666667,0.5176334252841945
bits_fall_vs_weda_fall,tilt_delta_mean,48,25,0.21186476945877075,-0.13782137632369995,0.5421248651109636,0.4393339343369007,0.8614487404946337,0.5216666666666666,0.5325,0.00028042894670206314,0.7608333333333334,0.7608333333333334,0.8190517304764637
bits_fall_vs_weda_fall,gyro_mag_max,48,25,8.456683158874512,10.777684211730957,5.346273899078369,5.385956764221191,-0.924800439034745,-0.4716666666666667,0.44416666666666665,0.001023464495982953,0.26416666666666666,0.7358333333333333,0.5296264960442729
bits_fall_vs_weda_fall,pitch_std,48,25,0.428140789270401,0.5777478218078613,0.24758540093898773,0.1514323353767395,-0.8104282520541924,-0.4683333333333333,0.5241666666666667,0.0011111942671148925,0.26583333333333337,0.7341666666666666,0.5528972922281611
bits_fall_vs_weda_fall,gy_std,48,25,1.4518319964408875,2.1730849742889404,0.9992063641548157,0.8878438472747803,-0.7921905036501931,-0.465,0.4266666666666667,0.0012058331772457085,0.2675,0.7324999999999999,0.5448415102996443
bits_fall_vs_weda_fall,gyro_mag_std,48,25,1.7483208179473877,2.43583345413208,1.2637959718704224,0.6849348545074463,-0.782074297206898,-0.4633333333333333,0.4841666666666667,0.0012558952077876887,0.2683333333333333,0.7316666666666667,0.5931328848021528
bits_fall_vs_weda_fall,acc_mag_mean,48,25,13.710344791412354,12.033856391906738,3.9219212532043457,1.6187801361083984,0.775842019963211,0.455,0.5033333333333333,0.0015362453743096144,0.7275,0.7275,0.8801684375332239
bits_fall_vs_weda_fall,tilt_delta_std,48,25,4.949512243270874,6.304437160491943,1.9282130002975464,2.034142017364502,-0.8331098636036472,-0.43833333333333335,0.43,0.0022770065631926815,0.2808333333333333,0.7191666666666667,0.5510031257456018
bits_fall_vs_weda_fall,gy_mean,48,25,0.029768677428364754,-0.5173450112342834,1.1561601608991623,0.46162593364715576,0.6496692548211923,0.41333333333333333,0.44083333333333335,0.0040131142611244605,0.7066666666666668,0.7066666666666668,0.8662806983099148
bits_fall_vs_weda_fall,gz_max,48,25,2.5281269550323486,3.518749952316284,2.7627603113651276,3.5301241874694824,-0.6711448960007913,-0.39166666666666666,0.3641666666666667,0.006410561382966102,0.3041666666666667,0.6958333333333333,0.554004487815239
bits_fall_vs_weda_fall,ax_std,48,25,9.356376647949219,6.88814115524292,6.035482287406921,2.2212023735046387,0.659389606985325,0.38666666666666666,0.5416666666666666,0.0071209834371388425,0.6933333333333334,0.6933333333333334,0.8685377659572497
bits_fall_vs_weda_fall,acc_mag_std,48,25,11.41091251373291,6.6695098876953125,8.957568883895874,2.1281371116638184,0.7994466997188883,0.375,0.5625,0.00906058994484855,0.6875,0.6875,0.8686153166055942
bits_fall_vs_weda_fall,acc_mag_p95,48,25,33.24748916625975,23.850552845001204,21.740918636322018,7.9743741035461255,0.736084967381331,0.37166666666666665,0.4583333333333333,0.00969533677292526,0.6858333333333333,0.6858333333333333,0.8580986936779765
bits_fall_vs_weda_fall,tilt_delta_p95,48,25,7.616229331493376,10.05549869537353,4.082263022661211,2.653739380836493,-0.576318820639601,-0.3566666666666667,0.39916666666666667,0.013068867977898581,0.3216666666666667,0.6783333333333332,0.5824910542635314
bits_fall_vs_weda_fall,acc_mag_max,48,25,62.96669387817383,39.296566009521484,51.94188165664673,8.738765716552734,0.8154442201722608,0.35333333333333333,0.5625,0.013946533600804726,0.6766666666666667,0.6766666666666667,0.8651616033995038
bits_fall_vs_weda_fall,gy_max,48,25,3.217793583869934,4.085714340209961,3.254445791244507,2.2400002479553223,-0.5435970258513197,-0.34,0.335,0.017998963522217783,0.33,0.6699999999999999,0.5770607748940276
bits_fall_vs_weda_fall,gyro_peak_distance_from_center,48,25,3.0,1.0,8.25,5.0,0.3833846503208411,0.34,0.27666666666666667,0.017010741464516657,0.6699999999999999,0.6699999999999999,0.7616264076880785
bits_fall_vs_weda_fall,acc_mag_range,48,25,57.525381088256836,36.71858596801758,51.15509271621704,8.514654159545898,0.7277962371534015,0.3233333333333333,0.5416666666666666,0.024487579232748257,0.6616666666666666,0.6616666666666666,0.8591415952996737
bits_fall_vs_weda_fall,tilt_delta_max,48,25,12.350072860717773,16.117477416992188,7.700712203979492,6.513589859008789,-0.5679070652406327,-0.30666666666666664,0.2841666666666667,0.032912901268768904,0.3466666666666666,0.6533333333333333,0.5865392526113992
bits_fall_vs_weda_fall,gx_max,48,25,3.5106425285339355,5.073684215545654,3.928107738494873,2.3019537925720215,-0.4259241741365977,-0.29833333333333334,0.4375,0.03798464862953199,0.35083333333333333,0.6491666666666667,0.6123775266343419
bits_fall_vs_weda_fall,ay_min,48,25,-28.199625968933105,-16.138822555541992,30.98276448249817,10.066783905029297,-0.6976217163103567,-0.2916666666666667,0.36083333333333334,0.042507072054564374,0.35416666666666663,0.6458333333333334,0.6708649396577794
bits_fall_vs_weda_fall,ax_range,48,25,58.19394493103027,37.65262985229492,48.799697399139404,12.637855529785156,0.5873826420159532,0.2683333333333333,0.5208333333333334,0.062072907161429,0.6341666666666667,0.6341666666666667,0.8440273809114655
bits_fall_vs_weda_fall,gx_range,48,25,9.702250480651855,10.804157257080078,7.266730904579163,3.3628244400024414,-0.4341668028774602,-0.26666666666666666,0.2775,0.06371772625584152,0.3666666666666667,0.6333333333333333,0.6051030459131463
bits_fall_vs_weda_fall,jerk_std,48,25,152.41453552246094,94.32586669921875,132.88612747192383,30.29631805419922,0.5792354926041942,0.265,0.5016666666666667,0.06539838229468131,0.6325,0.6325,0.8445413415858364
bits_fall_vs_weda_fall,ay_range,48,25,46.43362617492676,32.002105712890625,45.26189994812012,16.09720802307129,0.5811382068168328,0.2633333333333333,0.4166666666666667,0.0671154240394114,0.6316666666666667,0.6316666666666667,0.8325939571582001
bits_fall_vs_weda_fall,gyro_peak_index,48,25,25.0,26.0,5.5,5.0,-0.2619015425463887,-0.25916666666666666,0.37833333333333335,0.07034447757146006,0.3704166666666666,0.6295833333333334,0.6291599081987832
bits_fall_vs_weda_fall,gz_range,48,25,6.685675621032715,8.635483741760254,4.653998970985413,5.4273176193237305,-0.43477288493824157,-0.25833333333333336,0.265,0.07249037912935236,0.37083333333333335,0.6291666666666667,0.5989210829769341
bits_fall_vs_weda_fall,jerk_max,48,25,449.8026885986328,315.3614501953125,443.8276596069336,126.81185913085938,0.5943711009495676,0.25166666666666665,0.4025,0.08019997223080468,0.6258333333333334,0.6258333333333334,0.8324666676037228
bits_fall_vs_weda_fall,gyro_mag_p95,48,25,6.241908347606659,7.4111542463302555,4.3564120620489115,2.147098803520203,-0.35401642686362444,-0.25,0.3975,0.0822280481202869,0.375,0.625,0.680641283249123
bits_fall_vs_weda_fall,ay_std,48,25,7.45245885848999,6.301863193511963,5.793363332748413,2.2072277069091797,0.4933100329579076,0.23,0.39916666666666667,0.10995286531347896,0.615,0.615,0.818380723251063
bits_fall_vs_weda_fall,pitch_range,48,25,1.9583553671836853,2.222620964050293,0.8055449426174164,0.6057276725769043,-0.46198575879886167,-0.23,0.295,0.10995286531347896,0.38500000000000006,0.615,0.6494132022718465
bits_fall_vs_weda_fall,jerk_mean,48,25,0.6182348430156708,0.889448881149292,2.617067515850067,2.1351471096277237,-0.45955356470423436,-0.22666666666666666,0.21416666666666667,0.11522055481325101,0.38666666666666666,0.6133333333333333,0.5898806616225953
bits_fall_vs_weda_fall,roll_final_initial,48,25,-0.12844568490982056,0.3710941672325134,1.7410730123519897,2.406111478805542,-0.33197999900366965,-0.19,0.23,0.18703184660321037,0.405,0.595,0.6070324559760902
bits_fall_vs_weda_fall,ax_min,48,25,-38.02878189086914,-22.799999237060547,55.809800148010254,11.43545913696289,-0.583975201212102,-0.17166666666666666,0.5,0.23344233150540894,0.4141666666666667,0.5858333333333333,0.7211567367146104
bits_fall_vs_weda_fall,ay_mean,48,25,-2.992943525314331,-2.3093698024749756,3.3402943313121796,4.206580081023276,-0.22285922133742528,-0.17166666666666666,0.19166666666666668,0.23344233150540894,0.4141666666666667,0.5858333333333333,0.6509492065077728
bits_fall_vs_weda_fall,pitch_max,48,25,1.351105511188507,1.3662222623825073,0.3960054814815521,0.29136133193969727,-0.48160323347738776,-0.16666666666666666,0.25,0.24740966103239737,0.41666666666666663,0.5833333333333334,0.6470880485766882
bits_fall_vs_weda_fall,pitch_mean,48,25,0.3725392669439316,0.5833345055580139,0.7634963651653379,0.22078701853752136,-0.45760364482054616,-0.16666666666666666,0.3383333333333333,0.24740966103239737,0.4166666666666667,0.5833333333333333,0.7094327677826936
bits_fall_vs_weda_fall,gz_mean,48,25,-0.2108926698565483,-0.01249680481851101,0.8732941672205925,0.8129230439662933,-0.3911151488818731,-0.145,0.22166666666666668,0.3146358999871053,0.4275,0.5725,0.6654870976246927
bits_fall_vs_weda_fall,az_mean,48,25,3.0882710218429565,3.639878511428833,3.9536238461732864,3.637651801109314,-0.2556263734668823,-0.13666666666666666,0.16583333333333333,0.3434256922190101,0.43166666666666664,0.5683333333333334,0.6409190123690659
bits_fall_vs_weda_fall,gx_std,48,25,2.004616916179657,2.176664113998413,1.6120235919952393,0.9694641828536987,-0.09716110550996647,-0.11166666666666666,0.2916666666666667,0.4394946854439099,0.4441666666666667,0.5558333333333333,0.698027869342738
bits_fall_vs_weda_fall,post_impact_energy,48,25,201.31038085937502,183.8772265625,150.8228369140625,60.76679687499998,0.3999750952718275,0.105,0.2791666666666667,0.46750305090903044,0.5525,0.5525,0.7778936560444655
bits_fall_vs_weda_fall,az_std,48,25,7.282185077667236,7.130583763122559,6.759835481643677,3.142922878265381,0.24763462618068463,0.10333333333333333,0.3125,0.47465663749436526,0.5516666666666667,0.5516666666666667,0.7820895014276482
bits_fall_vs_weda_fall,roll_range,48,25,5.5677244663238525,5.595306396484375,1.6922494173049927,1.2794408798217773,-0.24478892559189405,-0.10333333333333333,0.19,0.47465663749436526,0.4483333333333333,0.5516666666666667,0.6456183010483266
bits_fall_vs_weda_fall,az_max,48,25,17.83321189880371,23.943010330200195,28.66541814804077,21.56087017059326,0.11718653159106021,-0.10333333333333333,0.25166666666666665,0.47465663749436526,0.44833333333333336,0.5516666666666666,0.7216316182243853
bits_fall_vs_weda_fall,roll_std,48,25,1.252339243888855,1.3046464920043945,0.3569372296333313,0.6158620119094849,-0.2717466717541957,-0.10166666666666667,0.23,0.4818699232427507,0.44916666666666666,0.5508333333333333,0.6055190009103095
bits_fall_vs_weda_fall,gx_min,48,25,-5.4783618450164795,-5.715789794921875,4.381369709968567,3.861557722091675,0.24254205771336487,0.095,0.20833333333333334,0.5113100651239326,0.5475,0.5475,0.7495145992465165
bits_fall_vs_weda_fall,post_acc_mag_std,48,25,6.565067291259766,6.317349433898926,6.248358428478241,2.443528652191162,0.3068723859343909,0.09333333333333334,0.3541666666666667,0.5188141772246666,0.5466666666666666,0.5466666666666666,0.7855182691434508
bits_fall_vs_weda_fall,gz_std,48,25,1.3910349607467651,1.5276087522506714,0.9570702016353607,1.006510853767395,-0.056606714364841666,-0.08833333333333333,0.17833333333333334,0.5416630284574515,0.4558333333333333,0.5441666666666667,0.6666523575448849
bits_fall_vs_weda_fall,roll_mean,48,25,-0.4585123360157013,-0.33697158098220825,0.7880317848175764,0.7747950479388237,-0.10176602119056578,-0.08166666666666667,0.17,0.5728895385658159,0.45916666666666667,0.5408333333333333,0.6777014640638076
bits_fall_vs_weda_fall,roll_min,48,25,-2.938537120819092,-2.9200236797332764,0.9243887662887573,0.2479267120361328,0.47365126234842414,0.07666666666666666,0.2725,0.5968562602279028,0.5383333333333333,0.5383333333333333,0.7639925109230669
bits_fall_vs_weda_fall,ax_max,48,25,12.751997470855713,14.797894477844238,12.569559335708618,6.4034318923950195,0.061250094240690466,-0.07,0.20083333333333334,0.6295021469359605,0.46499999999999997,0.535,0.7148680114186347
bits_fall_vs_weda_fall,gz_min,48,25,-3.785531759262085,-3.882352828979492,3.135937809944153,3.2636361122131348,0.046623988746365544,0.06,0.1875,0.6798393940698031,0.53,0.53,0.7395042168139125
bits_fall_vs_weda_fall,jerk_p95,48,25,147.92907180786108,151.2115562438964,141.05719127655004,61.86073646545408,0.25804619014849844,0.06,0.25333333333333335,0.6798417265094617,0.53,0.53,0.762048946192535
bits_fall_vs_weda_fall,ax_mean,48,25,-5.386288166046143,-4.884392261505127,8.787318855524063,2.2502894401550293,0.08080688038201107,-0.055,0.4166666666666667,0.7055755884191,0.47250000000000003,0.5275,0.7473042931769519
bits_fall_vs_weda_fall,impact_index,48,25,25.0,25.0,0.0,0.0,0.2535973071680737,0.041666666666666664,0.041666666666666664,0.31382550708441137,0.5208333333333334,0.5208333333333334,0.6718036529680365
bits_fall_vs_weda_fall,impact_distance_from_center,48,25,0.0,0.0,0.0,0.0,0.25359730716807416,0.041666666666666664,0.041666666666666664,0.31382550708441137,0.5208333333333334,0.5208333333333334,0.6718036529680365
bits_fall_vs_weda_fall,gyro_mag_mean,48,25,2.8493824005126953,2.8807742595672607,2.1091987788677216,0.5327670574188232,0.14968564040736368,0.03333333333333333,0.335,0.8206703282963849,0.5166666666666666,0.5166666666666666,0.7755193757370119
bits_fall_vs_weda_fall,ay_max,48,25,14.75211238861084,12.574999809265137,15.958311915397644,15.625219821929932,0.16286282235529675,0.03166666666666667,0.16583333333333333,0.8297219961949378,0.5158333333333334,0.5158333333333334,0.7129207474281968
bits_fall_vs_weda_fall,az_min,48,25,-14.945565223693848,-15.666666030883789,17.88217329978943,11.98438835144043,-0.22406674447685782,-0.023333333333333334,0.17166666666666666,0.8752966175892558,0.4883333333333333,0.5116666666666667,0.7135942128638574
bits_fall_vs_weda_fall,tilt_delta_final,48,25,0.10395348072052002,-0.2973422408103943,2.626708149909973,3.7377357482910156,0.12438182583401448,0.023333333333333334,0.16583333333333333,0.8752966175892558,0.5116666666666667,0.5116666666666667,0.6751059044554925
bits_fall_vs_weda_fall,az_range,48,25,36.2374382019043,41.27373504638672,46.31787157058716,17.826335906982422,0.21701871292365388,0.021666666666666667,0.31416666666666665,0.8844664761846076,0.5108333333333333,0.5108333333333333,0.7667413027113194
bits_fall_vs_weda_fall,pitch_min,48,25,-1.019481360912323,-0.8886191844940186,0.6962679326534271,0.46151798963546753,0.1289934959429913,-0.015,0.14583333333333334,0.9212887371129139,0.4925,0.5075000000000001,0.7203125754393077
bits_fall_vs_weda_fall,roll_max,48,25,2.9049086570739746,2.895796298980713,0.7693797945976257,1.1315126419067383,-0.028290559521388006,0.008333333333333333,0.15333333333333332,0.9582805400410175,0.5041666666666667,0.5041666666666667,0.6577537586232648
bits_fall_vs_weda_fall,gx_mean,48,25,-0.08648629486560822,-0.08713006973266602,1.0744667500257492,0.5240674614906311,-0.08102042502585699,0.006666666666666667,0.21166666666666667,0.9675456857572582,0.5033333333333333,0.5033333333333333,0.7296176850525516
bits_nonfall_vs_weda_nonfall,tilt_delta_max,480,155,0.30711591243743896,7.678134918212891,1.4382407665252686,9.292667031288147,-1.5349753772209542,-0.8052150537634408,0.698521505376344,2.0530640972184003e-51,0.09739247311827957,0.9026075268817204,0.573073745204095
bits_nonfall_vs_weda_nonfall,az_range,480,155,0.6813888549804688,12.13615608215332,2.9791050851345062,16.088330507278442,-1.992709578699006,-0.7977956989247312,0.6571236559139785,1.6717818417499987e-50,0.10110215053763441,0.8988978494623656,0.5673150268729477
bits_nonfall_vs_weda_nonfall,tilt_delta_std,480,155,0.13589449226856232,2.64339280128479,0.5752813760191202,4.442303121089935,-1.6986785084102636,-0.796747311827957,0.6720430107526881,2.246039182880478e-50,0.10162634408602153,0.8983736559139784,0.567413561049863
bits_nonfall_vs_weda_nonfall,tilt_delta_p95,480,155,0.19615296274423594,3.3147318482398958,0.8486288134008642,5.688515481352804,-1.4748427183910797,-0.7738709677419355,0.6797043010752688,1.2641701516802597e-47,0.11306451612903226,0.8869354838709678,0.5726534645342293
bits_nonfall_vs_weda_nonfall,az_max,480,155,3.0298622846603394,10.850666999816895,3.8866275250911713,8.889548063278198,-1.8962925886700068,-0.7689516129032258,0.6340725806451613,4.812818617486067e-47,0.1155241935483871,0.884475806451613,0.5725662048038862
bits_nonfall_vs_weda_nonfall,az_std,480,155,0.1764194294810295,2.5894582271575928,0.6937430277466774,3.352899670600891,-1.8719493854299982,-0.7680376344086022,0.6330645161290323,6.175662261781413e-47,0.11598118279569894,0.8840188172043011,0.5710018653283871
bits_nonfall_vs_weda_nonfall,gy_max,480,155,0.16077972948551178,2.118032932281494,0.5905844965018332,2.6933159232139587,-1.6741005019303352,-0.7454301075268818,0.6372311827956989,2.570415016365483e-44,0.12728494623655914,0.8727150537634408,0.576999955407991
bits_nonfall_vs_weda_nonfall,jerk_max,480,155,4.139316082000732,105.32037353515625,24.055222988128662,176.0219268798828,-1.131275064500263,-0.7370967741935484,0.6277553763440861,2.2727818832725863e-43,0.13145161290322582,0.8685483870967742,0.5991754264880425
bits_nonfall_vs_weda_nonfall,gy_range,480,155,0.2571742683649063,3.501498222351074,1.5438397005200386,3.612729072570801,-1.5590392734574756,-0.7249193548387097,0.5963709677419354,5.2589569011984635e-42,0.13754032258064516,0.8624596774193548,0.5797956348979133
bits_nonfall_vs_weda_nonfall,jerk_std,480,155,1.646746039390564,31.308502197265625,9.820106253027916,41.589667320251465,-1.0780909768193012,-0.7191666666666666,0.5915994623655914,2.2783198646426628e-41,0.14041666666666666,0.8595833333333334,0.593643315142998
bits_nonfall_vs_weda_nonfall,roll_range,480,155,0.19249428063631058,1.9045674800872803,0.8913625068962574,4.724403023719788,-1.2725917909333049,-0.6912903225806452,0.5924731182795699,2.347708863181635e-38,0.15435483870967742,0.8456451612903226,0.587960739951065
bits_nonfall_vs_weda_nonfall,pitch_range,480,155,0.10357724130153656,1.1847939491271973,0.3675035834312439,1.092772662639618,-1.2329239680720256,-0.6911559139784946,0.6243951612903226,2.4263178375046004e-38,0.15442204301075269,0.8455779569892473,0.6001443575536836
bits_nonfall_vs_weda_nonfall,ay_range,480,155,0.8942341804504395,9.237863540649414,3.6063857674598694,14.356636047363281,-0.8667790864769515,-0.6678225806451613,0.5899193548387097,6.547171338910575e-36,0.16608870967741937,0.8339112903225806,0.6162153731997833
bits_nonfall_vs_weda_nonfall,gy_std,480,155,0.06332654505968094,0.8348112106323242,0.4528459692373872,1.1023598313331604,-1.3582326833511529,-0.6635483870967742,0.589516129032258,1.7891452283531154e-35,0.1682258064516129,0.8317741935483871,0.5917665749263907
bits_nonfall_vs_weda_nonfall,gx_range,480,155,0.5700594186782837,5.280421257019043,3.1504765525460243,6.687119126319885,-1.315214934149087,-0.6579032258064517,0.5334677419354839,6.677596591390928e-35,0.1710483870967742,0.8289516129032258,0.5932903366485318
bits_nonfall_vs_weda_nonfall,gx_min,480,155,-0.37604865431785583,-2.598989963531494,1.3683381974697113,4.415792226791382,1.2173685918054635,0.6551075268817205,0.5445564516129032,1.27575128461331e-34,0.8275537634408602,0.8275537634408602,0.9392364485799118
bits_nonfall_vs_weda_nonfall,pitch_std,480,155,0.02563679777085781,0.24417223036289215,0.08914341405034065,0.2964673489332199,-0.9805975391784981,-0.6501344086021505,0.5816532258064516,4.020334252475523e-34,0.17493279569892473,0.8250672043010753,0.617003997369928
bits_nonfall_vs_weda_nonfall,gy_min,480,155,-0.0838107168674469,-1.5658535957336426,0.5922949239611626,1.5003651082515717,1.209101803815563,0.6445967741935484,0.5520833333333334,1.4243733860579834e-33,0.8222983870967742,0.8222983870967742,0.9324119420022192
bits_nonfall_vs_weda_nonfall,jerk_p95,480,155,2.930983304977415,37.089946365356404,16.16092319488525,60.16977353096004,-0.777542701632278,-0.6436021505376344,0.5426075268817204,1.7884361442581003e-33,0.1781989247311828,0.8218010752688172,0.6115780609685862
bits_nonfall_vs_weda_nonfall,ax_range,480,155,0.7623138427734375,10.629473686218262,5.191346764564514,14.709046602249146,-0.8680200924145373,-0.6408602150537634,0.5283602150537634,3.331209730303592e-33,0.17956989247311828,0.8204301075268817,0.6147359947084774
bits_nonfall_vs_weda_nonfall,roll_std,480,155,0.046668270602822304,0.4712584912776947,0.22179281013086438,0.9699384123086929,-1.105658141083242,-0.6389516129032258,0.5282930107526882,5.131381749251251e-33,0.1805241935483871,0.8194758064516129,0.6014330745249777
bits_nonfall_vs_weda_nonfall,gyro_mag_range,480,155,0.5791229903697968,3.972357749938965,2.172254767268896,4.536560773849487,-1.272179705835669,-0.6337096774193548,0.5443548387096774,1.6673046370199926e-32,0.1831451612903226,0.8168548387096775,0.5997667429430172
bits_nonfall_vs_weda_nonfall,acc_mag_range,480,155,0.6464614868164062,10.984392166137695,5.240738034248352,15.190143346786499,-0.7576555653657059,-0.6301881720430108,0.526008064516129,3.65987600992327e-32,0.18490591397849465,0.8150940860215053,0.6340434273331401
bits_nonfall_vs_weda_nonfall,acc_mag_max,480,155,10.133567810058594,16.286418914794922,3.527764081954956,13.10940933227539,-0.6985774351984356,-0.6259677419354839,0.5237903225806452,9.333631792075345e-32,0.18701612903225806,0.8129838709677419,0.6359028898569435
bits_nonfall_vs_weda_nonfall,gyro_mag_max,480,155,0.6131690442562103,4.106585502624512,2.4858970399945974,4.785730481147766,-1.247784797367812,-0.6206989247311828,0.5301747311827957,2.9810675756870704e-31,0.18965053763440862,0.8103494623655914,0.6037317982324844
bits_nonfall_vs_weda_nonfall,gx_max,480,155,0.23872613906860352,2.0514562129974365,1.3404216635972261,2.7715952396392822,-1.0922451947232372,-0.6154301075268818,0.4903897849462366,9.424079490862948e-31,0.19228494623655915,0.8077150537634409,0.6041046301324937
bits_nonfall_vs_weda_nonfall,ay_std,480,155,0.2322482466697693,1.6355715990066528,0.8790451735258102,3.179137647151947,-0.5937239664826458,-0.609758064516129,0.5684811827956989,3.222897832241714e-30,0.19512096774193546,0.8048790322580646,0.633048615248933
bits_nonfall_vs_weda_nonfall,gyro_mag_std,480,155,0.12703022360801697,0.8946061134338379,0.5746799455955625,1.1152403056621552,-1.0758541486244497,-0.5993548387096774,0.5147177419354839,2.979628076331738e-29,0.20032258064516129,0.7996774193548387,0.6093261270361241
bits_nonfall_vs_weda_nonfall,ax_std,480,155,0.169770710170269,2.3784143924713135,1.2984385965391994,3.282608151435852,-0.6900392831542728,-0.5966935483870968,0.5130376344086022,5.231510023048219e-29,0.20165322580645156,0.7983467741935484,0.6344644063673682
bits_nonfall_vs_weda_nonfall,roll_max,480,155,-0.6659801602363586,0.4158647358417511,0.9956153070670553,3.173314794898033,-1.0318535544626977,-0.5946505376344086,0.5002016129032258,8.035568905770252e-29,0.20267473118279572,0.7973252688172043,0.6087808824239486
bits_nonfall_vs_weda_nonfall,gx_std,480,155,0.14132045954465866,0.9798392653465271,0.7989489156752825,1.3884357511997223,-1.074792155308061,-0.5824731182795699,0.4876344086021505,1.0156798255049917e-27,0.20876344086021506,0.791236559139785,0.6133201678346561
bits_nonfall_vs_weda_nonfall,gyro_mag_p95,480,155,0.5128731086850167,3.273096680641169,2.2692996373400094,3.9766943573951714,-0.9654785082090014,-0.5573387096774194,0.4957661290322581,1.6164494061927573e-25,0.2213306451612903,0.7786693548387097,0.6240142618175322
bits_nonfall_vs_weda_nonfall,acc_mag_std,480,155,0.15783022344112396,1.913029432296753,1.3005122188478708,2.2222617864608765,-0.4279944354602216,-0.5543010752688172,0.5036962365591398,2.940317109019001e-25,0.22284946236559142,0.7771505376344086,0.6586275782161974
bits_nonfall_vs_weda_nonfall,gz_max,480,155,0.19376645982265472,1.2000000476837158,1.039692647755146,1.835660457611084,-0.8576926829390781,-0.5468951612903226,0.4633736559139785,1.2445337266666109e-24,0.22655241935483872,0.7734475806451613,0.62509269440763
bits_nonfall_vs_weda_nonfall,post_gyro_mag_std,480,155,0.044241487979888916,0.648429811000824,0.36343865178059787,1.0342082604765892,-1.0289826404074387,-0.5316935483870968,0.4726478494623656,2.202676831612152e-23,0.23415322580645162,0.7658467741935484,0.6154833035226146
bits_nonfall_vs_weda_nonfall,pitch_min,480,155,0.8630653321743011,-0.33247852325439453,1.2414760161191225,1.5107181668281555,1.006135155316224,0.5289784946236559,0.4545698924731183,3.788323838438338e-23,0.764489247311828,0.764489247311828,0.9070641087431179
bits_nonfall_vs_weda_nonfall,ax_max,480,155,-5.745844602584839,1.9894737005233765,9.480320230126381,11.614884853363037,-1.113547508989192,-0.5248387096774193,0.45416666666666666,8.20734922953969e-23,0.2375806451612903,0.7624193548387097,0.6137525185593294
bits_nonfall_vs_weda_nonfall,gz_range,480,155,0.592172771692276,2.5157480239868164,2.2033298313617706,3.4466137290000916,-0.8333462062673471,-0.5125537634408602,0.44294354838709676,7.8644384659637585e-22,0.24372311827956988,0.7562768817204302,0.6306159669733896
bits_nonfall_vs_weda_nonfall,ay_max,480,155,-2.282392382621765,1.7696629762649536,3.1443051286041737,7.904297828674316,-1.0079441744975632,-0.5058602150537634,0.41498655913978494,2.633421401027645e-21,0.24706989247311828,0.7529301075268817,0.6194864344189444
bits_nonfall_vs_weda_nonfall,acc_mag_p95,480,155,10.044456243515015,12.599883270263671,2.8727754831314094,5.214267158508294,-0.3374019264132333,-0.5031989247311828,0.48736559139784946,4.2419040369138984e-21,0.2484005376344086,0.7515994623655914,0.6695917876414953
bits_nonfall_vs_weda_nonfall,gyro_mag_mean,480,155,0.25904974341392517,1.3343297243118286,1.2094751568511128,1.725657045841217,-0.8023155079924524,-0.4857795698924731,0.4223790322580645,9.025562474980917e-20,0.2571102150537634,0.7428897849462366,0.6347963830418892
bits_nonfall_vs_weda_nonfall,gz_min,480,155,-0.34746015071868896,-1.1984375715255737,0.8781187878921628,1.598308026790619,0.6616996242596767,0.47817204301075267,0.41545698924731184,3.316480964492197e-19,0.7390860215053763,0.7390860215053763,0.8948300091405238
bits_nonfall_vs_weda_nonfall,roll_min,480,155,-1.0827728509902954,-2.349606990814209,0.6191610097885132,1.869952917098999,0.9711874497430242,0.45379032258064517,0.43904569892473116,1.881615488299966e-17,0.7268951612903226,0.7268951612903226,0.8566733265011868
bits_nonfall_vs_weda_nonfall,gz_std,480,155,0.11066346615552902,0.5426546931266785,0.6189597980119288,0.7344859838485718,-0.5690816971228898,-0.4439247311827957,0.42634408602150536,9.097810959189478e-17,0.2780376344086022,0.7219623655913978,0.6548050200958653
bits_nonfall_vs_weda_nonfall,acc_mag_mean,480,155,9.8181471824646,10.201560020446777,0.22907257080078125,1.2816948890686035,-0.45709347901321695,-0.44188172043010754,0.4068548387096774,1.2554334436278955e-16,0.27905913978494623,0.7209408602150538,0.6554454550872807
bits_nonfall_vs_weda_nonfall,post_acc_mag_std,480,155,0.08475642651319504,1.193089485168457,0.9136532382108271,1.8047468662261963,-0.2930200784932859,-0.4285483870967742,0.42620967741935484,9.702805624913316e-16,0.28572580645161294,0.7142741935483871,0.6739369697434148
bits_nonfall_vs_weda_nonfall,ay_min,480,155,-3.6387078762054443,-8.399999618530273,5.230372905731201,9.998469352722168,0.5293433556818411,0.420994623655914,0.37473118279569895,3.107670288702825e-15,0.7104973118279571,0.7104973118279571,0.8715958163853993
bits_nonfall_vs_weda_nonfall,az_min,480,155,1.4870386719703674,-1.7105262279510498,2.353021454066038,7.706619322299957,0.7999897633303614,0.36760752688172044,0.4247983870967742,5.723497373418075e-12,0.6838037634408602,0.6838037634408602,0.8364201851970707
bits_nonfall_vs_weda_nonfall,ax_mean,480,155,-8.985592365264893,-1.8261014223098755,8.920864716172218,9.16602075099945,-0.634926418612244,-0.3521236559139785,0.359744623655914,4.2168504619115185e-11,0.3239381720430108,0.6760618279569892,0.6652792065534296
bits_nonfall_vs_weda_nonfall,pitch_mean,480,155,1.1086013317108154,0.1584019958972931,1.185203363187611,1.112527258694172,0.5988659313962356,0.34698924731182795,0.3341397849462366,8.02850625221109e-11,0.673494623655914,0.673494623655914,0.8496236509639643
bits_nonfall_vs_weda_nonfall,az_mean,480,155,1.9742156863212585,4.001935958862305,2.7377959489822388,4.937221884727478,-0.5358863034227583,-0.2989247311827957,0.32143817204301073,2.14785430713533e-08,0.35053763440860214,0.6494623655913978,0.6755524979069789
bits_nonfall_vs_weda_nonfall,roll_mean,480,155,-0.9165492057800293,-0.5592959523200989,0.5784028470516205,0.8793458342552185,-0.24755463954044826,-0.2278494623655914,0.24979838709677418,1.970899118487906e-05,0.3860752688172043,0.6139247311827958,0.7168807243275788
bits_nonfall_vs_weda_nonfall,gx_mean,480,155,-0.005060407333076,-0.0788680836558342,0.10487457877025008,0.4510541148483753,0.47832416749076057,0.2056451612903226,0.26196236559139785,0.00011706205013106042,0.6028225806451614,0.6028225806451614,0.7983271465998159
bits_nonfall_vs_weda_nonfall,tilt_delta_mean,480,155,0.0011356920003890991,0.04367576539516449,0.03117659711278975,0.3675868958234787,-0.24732858728174723,-0.16922043010752688,0.33783602150537634,0.0015252483798056866,0.4153897849462366,0.5846102150537634,0.6607515662070191
bits_nonfall_vs_weda_nonfall,ax_min,480,155,-9.29189682006836,-9.683333396911621,9.9024178981781,8.12574291229248,0.17479678490909273,0.1564247311827957,0.1771505376344086,0.0033879561890192123,0.5782123655913978,0.5782123655913978,0.8267781127163736
bits_nonfall_vs_weda_nonfall,ay_mean,480,155,-3.0337024927139282,-2.930446147918701,3.349085569381714,3.8681748509407043,-0.1999443435065027,-0.15161290322580645,0.20913978494623656,0.004511551445844124,0.4241935483870968,0.5758064516129032,0.7248930944430323
bits_nonfall_vs_weda_nonfall,gyro_peak_distance_from_center,480,155,16.0,14.0,15.0,12.5,0.20033649773304055,0.13291666666666666,0.17553763440860215,0.012554488775018633,0.5664583333333334,0.5664583333333334,0.8091414308850102
bits_nonfall_vs_weda_nonfall,roll_final_initial,480,155,0.0004528164863586426,-0.047534648329019547,0.13484560512006283,1.299830138683319,0.17686797132432627,0.11239247311827957,0.2609543010752688,0.035269489056333,0.5561962365591397,0.5561962365591397,0.737077831382242
bits_nonfall_vs_weda_nonfall,gy_mean,480,155,0.0005302310455590487,0.018841130658984184,0.06416406529024243,0.28505200520157814,-0.12775745766463917,-0.10602150537634408,0.20463709677419356,0.047044387076584794,0.44698924731182793,0.553010752688172,0.7007374219214835
bits_nonfall_vs_weda_nonfall,post_impact_energy,480,155,89.2011083984375,101.485517578125,101.10968872070312,114.26097412109378,-0.1437835541851073,-0.09669354838709678,0.11538978494623656,0.07011683407464371,0.4516532258064516,0.5483467741935484,0.725200715385469
bits_nonfall_vs_weda_nonfall,pre_impact_energy,480,155,113.67219238281251,126.15396484375,98.11724243164062,121.23047607421876,-0.10479563583163107,-0.07620967741935483,0.13850806451612904,0.153458603078719,0.46189516129032254,0.5381048387096774,0.7264655383676311
bits_nonfall_vs_weda_nonfall,tilt_delta_final,480,155,0.00022724270820617676,0.10399147868156433,0.2619318664073944,1.9180875420570374,0.2571004183497022,-0.07077956989247312,0.25725806451612904,0.18494038114859057,0.4646102150537635,0.5353897849462366,0.6880149668775086
bits_nonfall_vs_weda_nonfall,jerk_mean,480,155,0.0010145902633666992,0.06316521763801575,0.1774856559932232,1.7997522354125977,-0.1419206871986095,-0.05204301075268817,0.26700268817204303,0.32971153505835504,0.47397849462365593,0.5260215053763441,0.7064932316838902
bits_nonfall_vs_weda_nonfall,pitch_final_initial,480,155,0.0012153685092926025,0.020297907292842865,0.08282262086868286,0.5580090433359146,-0.15908929921711326,-0.04844086021505376,0.246505376344086,0.36429350883612766,0.4757795698924731,0.5242204301075268,0.7019060745347238
bits_nonfall_vs_weda_nonfall,gz_mean,480,155,0.00046425800246652216,0.0014339969493448734,0.10610607778653502,0.20666276663541794,0.025496175534011872,0.047526881720430104,0.17163978494623655,0.3734163481763836,0.5237634408602151,0.5237634408602151,0.7784907171172202
bits_nonfall_vs_weda_nonfall,impact_index,480,155,29.0,26.0,24.0,24.5,0.07214460232209827,0.040268817204301074,0.05221774193548387,0.450626615113802,0.5201344086021505,0.5201344086021505,0.763714530037242
bits_nonfall_vs_weda_nonfall,impact_distance_from_center,480,155,13.0,13.0,13.0,14.0,-0.040809715251125166,-0.024341397849462366,0.04966397849462366,0.6482769576795342,0.48782930107526884,0.5121706989247312,0.7451627069340299
bits_nonfall_vs_weda_nonfall,pre_post_energy_ratio,480,155,1.2819782681226428,1.2387090029272954,3.4359552364690007,3.320412476273043,0.0041205981760505574,0.02129032258064516,0.05450268817204301,0.6901952514095301,0.5106451612903226,0.5106451612903226,0.7602681454064704
bits_nonfall_vs_weda_nonfall,gyro_peak_index,480,155,25.0,25.0,32.0,28.0,-0.029354254395298932,-0.017836021505376345,0.09986559139784947,0.738283330561542,0.4910819892473118,0.5089180107526883,0.7746937055833123
bits_nonfall_vs_weda_nonfall,pitch_max,480,155,1.2312588095664978,0.9036347270011902,1.1705716103315353,0.9412737935781479,-0.0494738470562817,-0.009946236559139785,0.2079301075268817,0.8523841574444224,0.4950268817204301,0.5049731182795699,0.7579059791850111
weda_fall_vs_nonfall,impact_distance_from_center,25,155,0.0,13.0,0.0,14.0,-1.814434079010683,-0.9741935483870968,0.9741935483870968,4.974802471769816e-15,0.01290322580645159,0.9870967741935484,0.1388888888888889
weda_fall_vs_nonfall,acc_mag_range,25,155,36.71858596801758,10.984392166137695,8.514654159545898,15.190143346786499,2.357973101077902,0.912258064516129,0.7974193548387096,2.683898215057199e-13,0.9561290322580646,0.9561290322580646,0.8140877593075784
weda_fall_vs_nonfall,acc_mag_max,25,155,39.296566009521484,16.286418914794922,8.738765716552734,13.10940933227539,2.233963479327665,0.8797419354838709,0.7793548387096774,1.8000601492511606e-12,0.9398709677419355,0.9398709677419355,0.7359551654950879
weda_fall_vs_nonfall,post_acc_mag_std,25,155,6.317349433898926,1.193089485168457,2.443528652191162,1.8047468662261963,2.216125976432328,0.8766451612903225,0.8129032258064516,2.147929772297559e-12,0.9383225806451613,0.9383225806451613,0.6171795572632908
weda_fall_vs_nonfall,gy_min,25,155,-6.523077011108398,-1.5658535957336426,3.0596251487731934,1.5003651082515717,-2.428774944631239,-0.8668387096774194,0.7406451612903225,3.765985438582089e-12,0.06658064516129034,0.9334193548387096,0.07808253950585306
weda_fall_vs_nonfall,pitch_final_initial,25,155,-1.1326942443847656,0.020297907292842865,0.6430007219314575,0.5580090433359146,-1.7951383177846343,-0.8570322580645161,0.7716129032258064,6.588263296931946e-12,0.07148387096774195,0.9285161290322581,0.07814166522886516
weda_fall_vs_nonfall,az_range,25,155,41.27373504638672,12.13615608215332,17.826335906982422,16.088330507278442,2.185202756488445,0.8508387096774194,0.7509677419354839,9.294362416372353e-12,0.9254193548387097,0.9254193548387097,0.7318531389794428
weda_fall_vs_nonfall,ax_range,25,155,37.65262985229492,10.629473686218262,12.637855529785156,14.709046602249146,1.9954241530748085,0.8451612903225807,0.7677419354838709,1.2748387975803708e-11,0.9225806451612903,0.9225806451612903,0.5270337463374577
weda_fall_vs_nonfall,acc_mag_std,25,155,6.6695098876953125,1.913029432296753,2.1281371116638184,2.2222617864608765,2.023324768026017,0.8338064516129032,0.8,2.386528525330564e-11,0.9169032258064517,0.9169032258064517,0.5478487180867029
weda_fall_vs_nonfall,post_gyro_mag_std,25,155,2.4531829357147217,0.648429811000824,0.9549839496612549,1.0342082604765892,1.9193349505276984,0.8327741935483871,0.7677419354838709,2.508199531662923e-11,0.9163870967741935,0.9163870967741935,0.5312713590353064
weda_fall_vs_nonfall,ax_std,25,155,6.88814115524292,2.3784143924713135,2.2212023735046387,3.282608151435852,1.5905132671640128,0.816258064516129,0.7406451612903225,6.170739491965316e-11,0.9081290322580645,0.9081290322580645,0.4927569206459437
weda_fall_vs_nonfall,gy_range,25,155,10.397313117980957,3.501498222351074,7.032695770263672,3.612729072570801,1.977234432688795,0.8028387096774193,0.7612903225806451,1.2565828830189562e-10,0.9014193548387096,0.9014193548387096,0.6225609189811969
weda_fall_vs_nonfall,az_min,25,155,-15.666666030883789,-1.7105262279510498,11.98438835144043,7.706619322299957,-1.8445219834841975,-0.7971612903225807,0.6696774193548387,1.6896387039356256e-10,0.10141935483870966,0.8985806451612903,0.07995064964966876
weda_fall_vs_nonfall,jerk_std,25,155,94.32586669921875,31.308502197265625,30.29631805419922,41.589667320251465,1.6690545082587764,0.7873548387096774,0.8451612903225807,2.8283289838771935e-10,0.8936774193548388,0.8936774193548388,0.46009005903617795
weda_fall_vs_nonfall,gyro_mag_std,25,155,2.43583345413208,0.8946061134338379,0.6849348545074463,1.1152403056621552,1.5145970308869505,0.776,0.712258064516129,5.070458183278744e-10,0.888,0.888,0.4140497252762199
weda_fall_vs_nonfall,ay_range,25,155,32.002105712890625,9.237863540649414,16.09720802307129,14.356636047363281,1.695985114614398,0.7713548387096775,0.7070967741935484,6.410449188516906e-10,0.8856774193548387,0.8856774193548387,0.5047407690466814
weda_fall_vs_nonfall,acc_mag_p95,25,155,23.850552845001204,12.599883270263671,7.9743741035461255,5.214267158508294,1.6765119232072991,0.7708387096774194,0.7664516129032258,6.58296316454109e-10,0.8854193548387097,0.8854193548387097,0.4476195410974318
weda_fall_vs_nonfall,az_std,25,155,7.130583763122559,2.5894582271575928,3.142922878265381,3.352899670600891,1.6418654935236343,0.7698064516129032,0.6541935483870968,6.947804499973712e-10,0.8849032258064515,0.8849032258064515,0.4960221108209336
weda_fall_vs_nonfall,pitch_std,25,155,0.5777478218078613,0.24417223036289215,0.1514323353767395,0.2964673489332199,1.469988783486213,0.759483870967742,0.7264516129032258,1.1682210367350962e-09,0.8797419354838709,0.8797419354838709,0.42830988507214696
weda_fall_vs_nonfall,gyro_mag_range,25,155,10.61153507232666,3.972357749938965,5.490708351135254,4.536560773849487,1.5346265675154376,0.7589677419354839,0.7083870967741935,1.1975457024981114e-09,0.8794838709677419,0.8794838709677419,0.4595682809275294
weda_fall_vs_nonfall,ax_min,25,155,-22.799999237060547,-9.683333396911621,11.43545913696289,8.12574291229248,-1.9553017150974046,-0.7553548387096775,0.6903225806451613,1.4302818200542252e-09,0.12232258064516127,0.8776774193548387,0.0803168915379548
weda_fall_vs_nonfall,gyro_mag_max,25,155,10.777684211730957,4.106585502624512,5.385956764221191,4.785730481147766,1.5427594569292338,0.7553548387096775,0.7083870967741935,1.4300329497738707e-09,0.8776774193548387,0.8776774193548387,0.47547823706653347
weda_fall_vs_nonfall,gyro_peak_distance_from_center,25,155,1.0,14.0,5.0,12.5,-1.3942882582544827,-0.7452903225806452,0.68,2.2740263065287045e-09,0.12735483870967743,0.8726451612903225,0.09199323175374269
weda_fall_vs_nonfall,ay_max,25,155,12.574999809265137,1.7696629762649536,15.625219821929932,7.904297828674316,2.0096234612669006,0.7414193548387097,0.6632258064516129,2.8430008572596386e-09,0.8707096774193549,0.8707096774193549,0.6683201335139766
weda_fall_vs_nonfall,jerk_max,25,155,315.3614501953125,105.32037353515625,126.81185913085938,176.0219268798828,1.5878193516869041,0.7367741935483871,0.6967741935483871,3.568199206899446e-09,0.8683870967741936,0.8683870967741936,0.49795778123720796
weda_fall_vs_nonfall,gy_mean,25,155,-0.5173450112342834,0.018841130658984184,0.46162593364715576,0.28505200520157814,-1.5139255392768758,-0.7326451612903225,0.6967741935483871,4.3721846612422766e-09,0.1336774193548387,0.8663225806451613,0.08187770723471965
weda_fall_vs_nonfall,jerk_p95,25,155,151.2115562438964,37.089946365356404,61.86073646545408,60.16977353096004,1.3174746414648415,0.728,0.7483870967741936,5.465233477271298e-09,0.864,0.864,0.3605189849284247
weda_fall_vs_nonfall,gyro_mag_p95,25,155,7.4111542463302555,3.273096680641169,2.147098803520203,3.9766943573951714,1.3535179454081914,0.7249032258064516,0.6838709677419355,6.3360163746114785e-09,0.8624516129032258,0.8624516129032258,0.37233173422611754
weda_fall_vs_nonfall,pitch_range,25,155,2.222620964050293,1.1847939491271973,0.6057276725769043,1.092772662639618,1.3781052488521213,0.7238709677419355,0.7135483870967742,6.658646518931795e-09,0.8619354838709677,0.8619354838709677,0.3725325478969458
weda_fall_vs_nonfall,gx_max,25,155,5.073684215545654,2.0514562129974365,2.3019537925720215,2.7715952396392822,1.1077359728435219,0.7068387096774194,0.6064516129032258,1.484882912533414e-08,0.8534193548387097,0.8534193548387097,0.41812205194442625
weda_fall_vs_nonfall,ay_std,25,155,6.301863193511963,1.6355715990066528,2.2072277069091797,3.179137647151947,1.3414842020793651,0.7063225806451613,0.7225806451612903,1.5269871060162817e-08,0.8531612903225807,0.8531612903225807,0.33874177311321374
weda_fall_vs_nonfall,tilt_delta_p95,25,155,10.05549869537353,3.3147318482398958,2.653739380836493,5.688515481352804,1.051233958970202,0.6985806451612904,0.6825806451612904,2.1856428574397034e-08,0.8492903225806452,0.8492903225806452,0.33682612275280716
weda_fall_vs_nonfall,gy_std,25,155,2.1730849742889404,0.8348112106323242,0.8878438472747803,1.1023598313331604,1.4465264319235234,0.6980645161290323,0.6,2.2404902289560608e-08,0.8490322580645162,0.8490322580645162,0.4822457182255679
weda_fall_vs_nonfall,gz_range,25,155,8.635483741760254,2.5157480239868164,5.4273176193237305,3.4466137290000916,1.1785147626308883,0.6727741935483871,0.6774193548387096,7.049487975976991e-08,0.8363870967741937,0.8363870967741937,0.38805189307687227
weda_fall_vs_nonfall,gz_min,25,155,-3.882352828979492,-1.1984375715255737,3.2636361122131348,1.598308026790619,-0.999424810000532,-0.6510967741935484,0.6967741935483871,1.823163134261263e-07,0.1744516129032258,0.8255483870967741,0.08706827025035974
weda_fall_vs_nonfall,gx_range,25,155,10.804157257080078,5.280421257019043,3.3628244400024414,6.687119126319885,1.0081553631395255,0.6397419354838709,0.6064516129032258,2.973075629030193e-07,0.8198709677419355,0.8198709677419355,0.3073043904937119
weda_fall_vs_nonfall,gz_max,25,155,3.518749952316284,1.2000000476837158,3.5301241874694824,1.835660457611084,1.1682743956974404,0.6361290322580645,0.5548387096774193,3.45684839801048e-07,0.8180645161290323,0.8180645161290323,0.3880438662484315
weda_fall_vs_nonfall,ax_max,25,155,14.797894477844238,1.9894737005233765,6.4034318923950195,11.614884853363037,1.0167392188162094,0.6234838709677419,0.5948387096774194,5.881706209066867e-07,0.811741935483871,0.811741935483871,0.3113258479117867
weda_fall_vs_nonfall,tilt_delta_max,25,155,16.117477416992188,7.678134918212891,6.513589859008789,9.292667031288147,1.0025755773674785,0.6221935483870967,0.5767741935483871,6.204596598594034e-07,0.8110967741935484,0.8110967741935484,0.31159707340772413
weda_fall_vs_nonfall,acc_mag_mean,25,155,12.033856391906738,10.201560020446777,1.6187801361083984,1.2816948890686035,0.8222845659879946,0.6196129032258064,0.6374193548387097,6.919858053315307e-07,0.8098064516129032,0.8098064516129032,0.2862040739330641
weda_fall_vs_nonfall,tilt_delta_std,25,155,6.304437160491943,2.64339280128479,2.034142017364502,4.442303121089935,0.9861110963867312,0.6098064516129033,0.6116129032258064,1.034240610387422e-06,0.8049032258064516,0.8049032258064516,0.28030934902404064
weda_fall_vs_nonfall,post_impact_energy,25,155,183.8772265625,101.485517578125,60.76679687499998,114.26097412109378,1.0348767785069042,0.6067096774193549,0.52,1.1727247546352883e-06,0.8033548387096774,0.8033548387096774,0.34239757658086856
weda_fall_vs_nonfall,gz_std,25,155,1.5276087522506714,0.5426546931266785,1.006510853767395,0.7344859838485718,0.8579205353701803,0.600516129032258,0.6103225806451613,1.5050981079421245e-06,0.800258064516129,0.800258064516129,0.2760846340435934
weda_fall_vs_nonfall,gyro_mag_mean,25,155,2.8807742595672607,1.3343297243118286,0.5327670574188232,1.725657045841217,0.9753041525108733,0.5974193548387097,0.6580645161290323,1.7036090213567052e-06,0.7987096774193548,0.7987096774193548,0.2675583958864665
weda_fall_vs_nonfall,gx_std,25,155,2.176664113998413,0.9798392653465271,0.9694641828536987,1.3884357511997223,0.9092471851928409,0.5747096774193549,0.5935483870967742,4.149734783463392e-06,0.7873548387096774,0.7873548387096774,0.2747386406309377
weda_fall_vs_nonfall,az_max,25,155,23.943010330200195,10.850666999816895,21.56087017059326,8.889548063278198,1.512806331880067,0.5625806451612904,0.5212903225806451,6.57525679596864e-06,0.7812903225806452,0.7812903225806452,0.6266856614396811
weda_fall_vs_nonfall,roll_std,25,155,1.3046464920043945,0.4712584912776947,0.6158620119094849,0.9699384123086929,1.0106613391859736,0.552,0.5470967741935484,9.790929911470134e-06,0.7759999999999999,0.7759999999999999,0.31895503168631884
weda_fall_vs_nonfall,gy_max,25,155,4.085714340209961,2.118032932281494,2.2400002479553223,2.6933159232139587,1.102729953726212,0.5494193548387096,0.4967741935483871,1.0741993574632937e-05,0.7747096774193548,0.7747096774193548,0.3986834506860764
weda_fall_vs_nonfall,ay_min,25,155,-16.138822555541992,-8.399999618530273,10.066783905029297,9.998469352722168,-0.8642959611780164,-0.5277419354838709,0.5096774193548387,2.3602637572139322e-05,0.23612903225806453,0.7638709677419355,0.09064630709320792
weda_fall_vs_nonfall,gx_min,25,155,-5.715789794921875,-2.598989963531494,3.861557722091675,4.415792226791382,-0.6547993334605119,-0.5138064516129033,0.5548387096774193,3.854360560349967e-05,0.24309677419354841,0.7569032258064516,0.09182508465361433
weda_fall_vs_nonfall,roll_range,25,155,5.595306396484375,1.9045674800872803,1.2794408798217773,4.724403023719788,1.0377209610336924,0.4910967741935484,0.5922580645161291,8.358931575919481e-05,0.7455483870967742,0.7455483870967742,0.240217727021876
weda_fall_vs_nonfall,pitch_max,25,155,1.3662222623825073,0.9036347270011902,0.29136133193969727,0.9412737935781479,0.903753231393831,0.456,0.5161290322580645,0.0002594674481273874,0.728,0.728,0.25575651376563335
weda_fall_vs_nonfall,roll_max,25,155,2.895796298980713,0.4158647358417511,1.1315126419067383,3.173314794898033,0.9697584164902265,0.4410322580645161,0.5535483870967742,0.0004105661279806827,0.720516129032258,0.720516129032258,0.22361386094987412
weda_fall_vs_nonfall,roll_min,25,155,-2.9200236797332764,-2.349606990814209,0.2479267120361328,1.869952917098999,-0.9080802982388406,-0.4209032258064516,0.48,0.0007477185992347893,0.28954838709677416,0.7104516129032259,0.0972892471822675
weda_fall_vs_nonfall,tilt_delta_mean,25,155,-0.13782137632369995,0.04367576539516449,0.4393339343369007,0.3675868958234787,-0.3923494423882432,-0.3558709677419355,0.44387096774193546,0.00437283908418555,0.32206451612903225,0.6779354838709677,0.1327310107624491
weda_fall_vs_nonfall,pitch_min,25,155,-0.8886191844940186,-0.33247852325439453,0.46151798963546753,1.5107181668281555,-0.6921866858990242,-0.3470967741935484,0.4503225806451613,0.0054384453921928365,0.32645161290322583,0.6735483870967742,0.10157929881503522
weda_fall_vs_nonfall,jerk_mean,25,155,0.889448881149292,0.06316521763801575,2.1351471096277237,1.7997522354125977,0.28434615853281814,0.31509677419354837,0.37032258064516127,0.011630445847703836,0.6575483870967742,0.6575483870967742,0.20839956822622765
weda_fall_vs_nonfall,roll_mean,25,155,-0.33697158098220825,-0.5592959523200989,0.7747950479388237,0.8793458342552185,0.4955137712772016,0.2629677419354839,0.26193548387096777,0.035257074746125903,0.631483870967742,0.631483870967742,0.28785902367949395
weda_fall_vs_nonfall,pre_post_energy_ratio,25,155,0.6563044698504499,1.2387090029272954,0.5597891078922631,3.320412476273043,-0.42859584715550225,-0.24129032258064517,0.4645161290322581,0.05340056422813505,0.3793548387096774,0.6206451612903225,0.1100813757326056
weda_fall_vs_nonfall,roll_final_initial,25,155,0.3710941672325134,-0.047534648329019547,2.406111478805542,1.299830138683319,0.5205638357583459,0.20309677419354838,0.33806451612903227,0.10403928353038953,0.6015483870967742,0.6015483870967742,0.2857442858244901
weda_fall_vs_nonfall,pitch_mean,25,155,0.5833345055580139,0.1584019958972931,0.22078701853752136,1.112527258694172,0.3079256327490797,0.18296774193548387,0.4154838709677419,0.14312241957422311,0.5914838709677419,0.5914838709677419,0.15802715230272985
weda_fall_vs_nonfall,az_mean,25,155,3.639878511428833,4.001935958862305,3.637651801109314,4.937221884727478,-0.4304279881383272,-0.1814193548387097,0.2967741935483871,0.1465425277261405,0.4092903225806451,0.5907096774193549,0.11393301375977644
weda_fall_vs_nonfall,ax_mean,25,155,-4.884392261505127,-1.8261014223098755,2.2502894401550293,9.16602075099945,-0.39194060082554605,-0.17161290322580644,0.3574193548387097,0.1696707510752169,0.41419354838709677,0.5858064516129032,0.1151588630367241
weda_fall_vs_nonfall,ay_mean,25,155,-2.3093698024749756,-2.930446147918701,4.206580081023276,3.8681748509407043,0.3032036302587296,0.13703225806451613,0.16774193548387098,0.27302266956169674,0.5685161290322581,0.5685161290322581,0.2316559776032062
weda_fall_vs_nonfall,gyro_peak_index,25,155,26.0,25.0,5.0,28.0,0.24927486121571918,0.12412903225806451,0.4838709677419355,0.3206726588147296,0.5620645161290323,0.5620645161290323,0.16517739475563184
weda_fall_vs_nonfall,pre_impact_energy,25,155,118.85255859375,126.15396484375,70.260390625,121.23047607421876,0.06152701169255463,0.09367741935483871,0.327741935483871,0.45405236107708513,0.5468387096774193,0.5468387096774193,0.1446544093303292
weda_fall_vs_nonfall,impact_index,25,155,25.0,26.0,0.0,24.5,-0.10001263468683426,-0.07096774193548387,0.5225806451612903,0.5700394602148191,0.4645161290322581,0.5354838709677419,0.22727272727272727
weda_fall_vs_nonfall,gx_mean,25,155,-0.08713006973266602,-0.0788680836558342,0.5240674614906311,0.4510541148483753,0.062004976367157724,0.02503225806451613,0.1664516129032258,0.8426194799080275,0.5125161290322581,0.5125161290322581,0.20585720809462077
weda_fall_vs_nonfall,tilt_delta_final,25,155,-0.2973422408103943,0.10399147868156433,3.7377357482910156,1.9180875420570374,0.11568301671161499,0.010580645161290323,0.17806451612903226,0.9340688878321445,0.5052903225806452,0.5052903225806452,0.168417940385516
weda_fall_vs_nonfall,gz_mean,25,155,-0.01249680481851101,0.0014339969493448734,0.8129230439662933,0.20666276663541794,0.12796703376920615,-0.0018064516129032257,0.24129032258064517,0.9900993005698525,0.4990967741935484,0.5009032258064516,0.3168442300269344
