run_id,experiment_id,train_protocol,model_name,seed,learning_rate,best_epoch,best_val_macro_f1,best_val_loss,direction_macro_f1,direction_accuracy,forward_f1,backward_f1,lateral_f1,direction_n_supervised,historical_A5_reference_macro_f1,delta_vs_historical_A5,params,estimated_fp32_kb,estimated_int8_kb,cm_00,cm_01,cm_02,cm_10,cm_11,cm_12,cm_20,cm_21,cm_22,params_reduction_vs_A5_Direction_Only,params_reduction_vs_historical_A5,edge_suitability,tflite_convert,int8_tflite_convert,macs_estimate,complexity_note
A5_Direction_Only_E1_BITS_TO_BITS_seed42_lr0.001,E1_BITS_TO_BITS,E1_BITS_TO_BITS,A5_Direction_Only,42,0.001,5,0.8061497326203209,0.46299391984939575,0.7549549549549549,0.7777777777777778,0.8648648648648649,0.8,0.6,36,,,57268,223.703125,55.92578125,16,0,2,0,6,0,3,3,6,,0.1317636713716096,medium,not_available_tensorflow_import_failed,not_available_tensorflow_import_failed,,A5_Direction_Only; PyTorch implementation; TensorFlow available=False
A5_Direction_Only_E2_WEDA_TO_WEDA_seed42_lr0.001,E2_WEDA_TO_WEDA,E2_WEDA_TO_WEDA,A5_Direction_Only,42,0.001,25,0.8334083070925176,0.9194989204406738,0.7540911101282619,0.76,0.7058823529411765,0.8421052631578947,0.7142857142857143,25,,,57268,223.703125,55.92578125,6,2,1,0,8,1,2,0,5,,0.1317636713716096,medium,not_available_tensorflow_import_failed,not_available_tensorflow_import_failed,,A5_Direction_Only; PyTorch implementation; TensorFlow available=False
A5_Direction_Only_E3_BITS_WEDA_MIXED_seed42_lr0.001,E3_BITS_WEDA_MIXED,E3_BITS_WEDA_MIXED,A5_Direction_Only,42,0.001,6,0.8845870088211708,0.3568202555179596,0.8966493168510085,0.9016393442622951,0.9433962264150944,0.896551724137931,0.85,61,0.8967,-5.068314899159265e-05,57268,223.703125,55.92578125,25,0,2,0,13,2,1,1,17,,0.1317636713716096,medium,not_available_tensorflow_import_failed,not_available_tensorflow_import_failed,,A5_Direction_Only; PyTorch implementation; TensorFlow available=False
A5_Direction_Only_E3_BITS_WEDA_MIXED_seed42_lr0.001,E6_E3_MIXED_TEST_BITS,E3_BITS_WEDA_MIXED,A5_Direction_Only,42,0.001,6,0.8845870088211708,0.3568202555179596,0.8898434898434898,0.8888888888888888,0.9142857142857143,0.9090909090909091,0.8461538461538461,36,0.935,-0.04515651015651023,57268,223.703125,55.92578125,16,0,2,0,5,1,1,0,11,,0.1317636713716096,medium,not_available_tensorflow_import_failed,not_available_tensorflow_import_failed,,A5_Direction_Only; PyTorch implementation; TensorFlow available=False
A5_Direction_Only_E3_BITS_WEDA_MIXED_seed42_lr0.001,E7_E3_MIXED_TEST_WEDA,E3_BITS_WEDA_MIXED,A5_Direction_Only,42,0.001,6,0.8845870088211708,0.3568202555179596,0.9153439153439153,0.92,1.0,0.8888888888888888,0.8571428571428571,25,0.839,0.07634391534391538,57268,223.703125,55.92578125,9,0,0,0,8,1,0,1,6,,0.1317636713716096,medium,not_available_tensorflow_import_failed,not_available_tensorflow_import_failed,,A5_Direction_Only; PyTorch implementation; TensorFlow available=False
A5_Direction_Only_E4_BITS_TO_WEDA_seed42_lr0.001,E4_BITS_TO_WEDA,E4_BITS_TO_WEDA,A5_Direction_Only,42,0.001,5,0.8061497326203209,0.46299391984939575,0.3910631279052332,0.4,0.42105263157894735,0.3076923076923077,0.4444444444444444,25,,,57268,223.703125,55.92578125,4,0,5,5,2,2,1,2,4,,0.1317636713716096,medium,not_available_tensorflow_import_failed,not_available_tensorflow_import_failed,,A5_Direction_Only; PyTorch implementation; TensorFlow available=False
A5_Direction_Only_E5_WEDA_TO_BITS_seed42_lr0.001,E5_WEDA_TO_BITS,E5_WEDA_TO_BITS,A5_Direction_Only,42,0.001,25,0.8334083070925176,0.9194989204406738,0.6126180836707152,0.6944444444444444,0.85,0.46153846153846156,0.5263157894736842,36,,,57268,223.703125,55.92578125,17,1,0,1,3,2,4,3,5,,0.1317636713716096,medium,not_available_tensorflow_import_failed,not_available_tensorflow_import_failed,,A5_Direction_Only; PyTorch implementation; TensorFlow available=False
A5_Direction_Only_E1_BITS_TO_BITS_seed42_lr0.0005,E1_BITS_TO_BITS,E1_BITS_TO_BITS,A5_Direction_Only,42,0.0005,7,0.8061497326203209,0.44309598207473755,0.7756132756132756,0.7777777777777778,0.8333333333333334,0.8571428571428571,0.6363636363636364,36,,,57268,223.703125,55.92578125,15,0,3,0,6,0,3,2,7,,0.1317636713716096,medium,not_available_tensorflow_import_failed,not_available_tensorflow_import_failed,,A5_Direction_Only; PyTorch implementation; TensorFlow available=False
A5_Direction_Only_E2_WEDA_TO_WEDA_seed42_lr0.0005,E2_WEDA_TO_WEDA,E2_WEDA_TO_WEDA,A5_Direction_Only,42,0.0005,12,0.8306878306878307,0.7712780833244324,0.62748845357541,0.64,0.6956521739130435,0.5714285714285714,0.6153846153846154,25,,,57268,223.703125,55.92578125,8,1,0,3,4,2,3,0,4,,0.1317636713716096,medium,not_available_tensorflow_import_failed,not_available_tensorflow_import_failed,,A5_Direction_Only; PyTorch implementation; TensorFlow available=False
A5_Direction_Only_E3_BITS_WEDA_MIXED_seed42_lr0.0005,E3_BITS_WEDA_MIXED,E3_BITS_WEDA_MIXED,A5_Direction_Only,42,0.0005,19,0.8161268556005399,0.6101688146591187,0.7844813138930786,0.7868852459016393,0.8076923076923077,0.8235294117647058,0.7222222222222222,61,0.8967,-0.11221868610692143,57268,223.703125,55.92578125,21,2,4,1,14,0,3,3,13,,0.1317636713716096,medium,not_available_tensorflow_import_failed,not_available_tensorflow_import_failed,,A5_Direction_Only; PyTorch implementation; TensorFlow available=False
A5_Direction_Only_E3_BITS_WEDA_MIXED_seed42_lr0.0005,E6_E3_MIXED_TEST_BITS,E3_BITS_WEDA_MIXED,A5_Direction_Only,42,0.0005,19,0.8161268556005399,0.6101688146591187,0.9123621949708905,0.9166666666666666,0.9444444444444444,0.9230769230769231,0.8695652173913043,36,0.935,-0.022637805029109503,57268,223.703125,55.92578125,17,0,1,0,6,0,1,1,10,,0.1317636713716096,medium,not_available_tensorflow_import_failed,not_available_tensorflow_import_failed,,A5_Direction_Only; PyTorch implementation; TensorFlow available=False
A5_Direction_Only_E3_BITS_WEDA_MIXED_seed42_lr0.0005,E7_E3_MIXED_TEST_WEDA,E3_BITS_WEDA_MIXED,A5_Direction_Only,42,0.0005,19,0.8161268556005399,0.6101688146591187,0.5744810744810745,0.6,0.5,0.7619047619047619,0.46153846153846156,25,0.839,-0.2645189255189254,57268,223.703125,55.92578125,4,2,3,1,8,0,2,2,3,,0.1317636713716096,medium,not_available_tensorflow_import_failed,not_available_tensorflow_import_failed,,A5_Direction_Only; PyTorch implementation; TensorFlow available=False
A5_Direction_Only_E4_BITS_TO_WEDA_seed42_lr0.0005,E4_BITS_TO_WEDA,E4_BITS_TO_WEDA,A5_Direction_Only,42,0.0005,7,0.8061497326203209,0.44309598207473755,0.3634632034632035,0.4,0.48,0.18181818181818182,0.42857142857142855,25,,,57268,223.703125,55.92578125,6,0,3,7,1,1,3,1,3,,0.1317636713716096,medium,not_available_tensorflow_import_failed,not_available_tensorflow_import_failed,,A5_Direction_Only; PyTorch implementation; TensorFlow available=False
A5_Direction_Only_E5_WEDA_TO_BITS_seed42_lr0.0005,E5_WEDA_TO_BITS,E5_WEDA_TO_BITS,A5_Direction_Only,42,0.0005,12,0.8306878306878307,0.7712780833244324,0.6046070460704608,0.6666666666666666,0.7804878048780488,0.5333333333333333,0.5,36,,,57268,223.703125,55.92578125,16,2,0,2,4,0,5,3,4,,0.1317636713716096,medium,not_available_tensorflow_import_failed,not_available_tensorflow_import_failed,,A5_Direction_Only; PyTorch implementation; TensorFlow available=False
A5_Direction_Only_E1_BITS_TO_BITS_seed43_lr0.001,E1_BITS_TO_BITS,E1_BITS_TO_BITS,A5_Direction_Only,43,0.001,7,0.8121977584343175,0.4231163263320923,0.8428731762065095,0.8055555555555556,0.7878787878787878,1.0,0.7407407407407407,36,,,57268,223.703125,55.92578125,13,0,5,0,6,0,2,0,10,,0.1317636713716096,medium,not_available_tensorflow_import_failed,not_available_tensorflow_import_failed,,A5_Direction_Only; PyTorch implementation; TensorFlow available=False
A5_Direction_Only_E2_WEDA_TO_WEDA_seed43_lr0.001,E2_WEDA_TO_WEDA,E2_WEDA_TO_WEDA,A5_Direction_Only,43,0.001,18,0.8382352941176471,0.7998369932174683,0.6666666666666666,0.68,0.5714285714285714,0.7619047619047619,0.6666666666666666,25,,,57268,223.703125,55.92578125,4,3,2,0,8,1,1,1,5,,0.1317636713716096,medium,not_available_tensorflow_import_failed,not_available_tensorflow_import_failed,,A5_Direction_Only; PyTorch implementation; TensorFlow available=False
A5_Direction_Only_E3_BITS_WEDA_MIXED_seed43_lr0.001,E3_BITS_WEDA_MIXED,E3_BITS_WEDA_MIXED,A5_Direction_Only,43,0.001,11,0.8776895943562609,0.5121282339096069,0.734430940267571,0.7540983606557377,0.819672131147541,0.7586206896551724,0.625,61,0.8967,-0.162269059732429,57268,223.703125,55.92578125,25,0,2,3,11,1,6,3,10,,0.1317636713716096,medium,not_available_tensorflow_import_failed,not_available_tensorflow_import_failed,,A5_Direction_Only; PyTorch implementation; TensorFlow available=False
A5_Direction_Only_E3_BITS_WEDA_MIXED_seed43_lr0.001,E6_E3_MIXED_TEST_BITS,E3_BITS_WEDA_MIXED,A5_Direction_Only,43,0.001,11,0.8776895943562609,0.5121282339096069,0.8648581692059953,0.8611111111111112,0.8888888888888888,0.9230769230769231,0.782608695652174,36,0.935,-0.07014183079400471,57268,223.703125,55.92578125,16,0,2,0,6,0,2,1,9,,0.1317636713716096,medium,not_available_tensorflow_import_failed,not_available_tensorflow_import_failed,,A5_Direction_Only; PyTorch implementation; TensorFlow available=False
A5_Direction_Only_E3_BITS_WEDA_MIXED_seed43_lr0.001,E7_E3_MIXED_TEST_WEDA,E3_BITS_WEDA_MIXED,A5_Direction_Only,43,0.001,11,0.8776895943562609,0.5121282339096069,0.5224074074074073,0.6,0.72,0.625,0.2222222222222222,25,0.839,-0.31659259259259265,57268,223.703125,55.92578125,9,0,0,3,5,1,4,2,1,,0.1317636713716096,medium,not_available_tensorflow_import_failed,not_available_tensorflow_import_failed,,A5_Direction_Only; PyTorch implementation; TensorFlow available=False
A5_Direction_Only_E4_BITS_TO_WEDA_seed43_lr0.001,E4_BITS_TO_WEDA,E4_BITS_TO_WEDA,A5_Direction_Only,43,0.001,7,0.8121977584343175,0.4231163263320923,0.14583333333333334,0.28,0.0,0.0,0.4375,25,,,57268,223.703125,55.92578125,0,0,9,0,0,9,0,0,7,,0.1317636713716096,medium,not_available_tensorflow_import_failed,not_available_tensorflow_import_failed,,A5_Direction_Only; PyTorch implementation; TensorFlow available=False
A5_Direction_Only_E5_WEDA_TO_BITS_seed43_lr0.001,E5_WEDA_TO_BITS,E5_WEDA_TO_BITS,A5_Direction_Only,43,0.001,18,0.8382352941176471,0.7998369932174683,0.5713937621832359,0.6666666666666666,0.8947368421052632,0.375,0.4444444444444444,36,,,57268,223.703125,55.92578125,17,1,0,1,3,2,2,6,4,,0.1317636713716096,medium,not_available_tensorflow_import_failed,not_available_tensorflow_import_failed,,A5_Direction_Only; PyTorch implementation; TensorFlow available=False
A5_Direction_Only_E1_BITS_TO_BITS_seed43_lr0.0005,E1_BITS_TO_BITS,E1_BITS_TO_BITS,A5_Direction_Only,43,0.0005,12,0.8927738927738927,0.4159986674785614,0.9314285714285714,0.9166666666666666,0.9142857142857143,1.0,0.88,36,,,57268,223.703125,55.92578125,16,0,2,0,6,0,1,0,11,,0.1317636713716096,medium,not_available_tensorflow_import_failed,not_available_tensorflow_import_failed,,A5_Direction_Only; PyTorch implementation; TensorFlow available=False
A5_Direction_Only_E2_WEDA_TO_WEDA_seed43_lr0.0005,E2_WEDA_TO_WEDA,E2_WEDA_TO_WEDA,A5_Direction_Only,43,0.0005,14,0.8004357298474946,0.7407917976379395,0.5148148148148147,0.52,0.6,0.4444444444444444,0.5,25,,,57268,223.703125,55.92578125,6,3,0,3,4,2,2,2,3,,0.1317636713716096,medium,not_available_tensorflow_import_failed,not_available_tensorflow_import_failed,,A5_Direction_Only; PyTorch implementation; TensorFlow available=False
A5_Direction_Only_E3_BITS_WEDA_MIXED_seed43_lr0.0005,E3_BITS_WEDA_MIXED,E3_BITS_WEDA_MIXED,A5_Direction_Only,43,0.0005,15,0.8709783430280326,0.5168944001197815,0.8338182584861903,0.8360655737704918,0.8627450980392157,0.8387096774193549,0.8,61,0.8967,-0.06288174151380976,57268,223.703125,55.92578125,22,2,3,0,13,2,2,1,16,,0.1317636713716096,medium,not_available_tensorflow_import_failed,not_available_tensorflow_import_failed,,A5_Direction_Only; PyTorch implementation; TensorFlow available=False
A5_Direction_Only_E3_BITS_WEDA_MIXED_seed43_lr0.0005,E6_E3_MIXED_TEST_BITS,E3_BITS_WEDA_MIXED,A5_Direction_Only,43,0.0005,15,0.8709783430280326,0.5168944001197815,0.8492063492063492,0.8611111111111112,0.9142857142857143,0.8333333333333334,0.8,36,0.935,-0.08579365079365087,57268,223.703125,55.92578125,16,0,2,0,5,1,1,1,10,,0.1317636713716096,medium,not_available_tensorflow_import_failed,not_available_tensorflow_import_failed,,A5_Direction_Only; PyTorch implementation; TensorFlow available=False
A5_Direction_Only_E3_BITS_WEDA_MIXED_seed43_lr0.0005,E7_E3_MIXED_TEST_WEDA,E3_BITS_WEDA_MIXED,A5_Direction_Only,43,0.0005,15,0.8709783430280326,0.5168944001197815,0.7973684210526315,0.8,0.75,0.8421052631578947,0.8,25,0.839,-0.041631578947368464,57268,223.703125,55.92578125,6,2,1,0,8,1,1,0,6,,0.1317636713716096,medium,not_available_tensorflow_import_failed,not_available_tensorflow_import_failed,,A5_Direction_Only; PyTorch implementation; TensorFlow available=False
A5_Direction_Only_E4_BITS_TO_WEDA_seed43_lr0.0005,E4_BITS_TO_WEDA,E4_BITS_TO_WEDA,A5_Direction_Only,43,0.0005,12,0.8927738927738927,0.4159986674785614,0.19555555555555557,0.24,0.26666666666666666,0.0,0.32,25,,,57268,223.703125,55.92578125,2,0,7,2,0,7,2,1,4,,0.1317636713716096,medium,not_available_tensorflow_import_failed,not_available_tensorflow_import_failed,,A5_Direction_Only; PyTorch implementation; TensorFlow available=False
A5_Direction_Only_E5_WEDA_TO_BITS_seed43_lr0.0005,E5_WEDA_TO_BITS,E5_WEDA_TO_BITS,A5_Direction_Only,43,0.0005,14,0.8004357298474946,0.7407917976379395,0.62010582010582,0.6944444444444444,0.8888888888888888,0.4,0.5714285714285714,36,,,57268,223.703125,55.92578125,16,1,1,1,3,2,1,5,6,,0.1317636713716096,medium,not_available_tensorflow_import_failed,not_available_tensorflow_import_failed,,A5_Direction_Only; PyTorch implementation; TensorFlow available=False
A5_Direction_Only_E1_BITS_TO_BITS_seed44_lr0.001,E1_BITS_TO_BITS,E1_BITS_TO_BITS,A5_Direction_Only,44,0.001,6,0.8709639126305793,0.3519497215747833,0.9111784511784511,0.9166666666666666,0.9444444444444444,0.9090909090909091,0.88,36,,,57268,223.703125,55.92578125,17,0,1,0,5,1,1,0,11,,0.1317636713716096,medium,not_available_tensorflow_import_failed,not_available_tensorflow_import_failed,,A5_Direction_Only; PyTorch implementation; TensorFlow available=False
A5_Direction_Only_E2_WEDA_TO_WEDA_seed44_lr0.001,E2_WEDA_TO_WEDA,E2_WEDA_TO_WEDA,A5_Direction_Only,44,0.001,6,0.8766884531590414,0.5113512277603149,0.7851851851851852,0.8,0.8,0.8888888888888888,0.6666666666666666,25,,,57268,223.703125,55.92578125,8,0,1,1,8,0,2,1,4,,0.1317636713716096,medium,not_available_tensorflow_import_failed,not_available_tensorflow_import_failed,,A5_Direction_Only; PyTorch implementation; TensorFlow available=False
A5_Direction_Only_E3_BITS_WEDA_MIXED_seed44_lr0.001,E3_BITS_WEDA_MIXED,E3_BITS_WEDA_MIXED,A5_Direction_Only,44,0.001,4,0.8362260374644276,0.5349994897842407,0.6745548794230336,0.7049180327868853,0.8275862068965517,0.6666666666666666,0.5294117647058824,61,0.8967,-0.22214512057696645,57268,223.703125,55.92578125,24,0,3,2,10,3,5,5,9,,0.1317636713716096,medium,not_available_tensorflow_import_failed,not_available_tensorflow_import_failed,,A5_Direction_Only; PyTorch implementation; TensorFlow available=False
A5_Direction_Only_E3_BITS_WEDA_MIXED_seed44_lr0.001,E6_E3_MIXED_TEST_BITS,E3_BITS_WEDA_MIXED,A5_Direction_Only,44,0.001,4,0.8362260374644276,0.5349994897842407,0.8354497354497354,0.8611111111111112,0.9444444444444444,0.8,0.7619047619047619,36,0.935,-0.09955026455026461,57268,223.703125,55.92578125,17,0,1,0,6,0,1,3,8,,0.1317636713716096,medium,not_available_tensorflow_import_failed,not_available_tensorflow_import_failed,,A5_Direction_Only; PyTorch implementation; TensorFlow available=False
A5_Direction_Only_E3_BITS_WEDA_MIXED_seed44_lr0.001,E7_E3_MIXED_TEST_WEDA,E3_BITS_WEDA_MIXED,A5_Direction_Only,44,0.001,4,0.8362260374644276,0.5349994897842407,0.44118104118104123,0.48,0.6363636363636364,0.5333333333333333,0.15384615384615385,25,0.839,-0.39781895881895873,57268,223.703125,55.92578125,7,0,2,2,4,3,4,2,1,,0.1317636713716096,medium,not_available_tensorflow_import_failed,not_available_tensorflow_import_failed,,A5_Direction_Only; PyTorch implementation; TensorFlow available=False
A5_Direction_Only_E4_BITS_TO_WEDA_seed44_lr0.001,E4_BITS_TO_WEDA,E4_BITS_TO_WEDA,A5_Direction_Only,44,0.001,6,0.8709639126305793,0.3519497215747833,0.2767676767676768,0.36,0.36363636363636365,0.0,0.4666666666666667,25,,,57268,223.703125,55.92578125,2,0,7,0,0,9,0,0,7,,0.1317636713716096,medium,not_available_tensorflow_import_failed,not_available_tensorflow_import_failed,,A5_Direction_Only; PyTorch implementation; TensorFlow available=False
A5_Direction_Only_E5_WEDA_TO_BITS_seed44_lr0.001,E5_WEDA_TO_BITS,E5_WEDA_TO_BITS,A5_Direction_Only,44,0.001,6,0.8766884531590414,0.5113512277603149,0.7267917267917268,0.7222222222222222,0.7777777777777778,0.8571428571428571,0.5454545454545454,36,,,57268,223.703125,55.92578125,14,0,4,0,6,0,4,2,6,,0.1317636713716096,medium,not_available_tensorflow_import_failed,not_available_tensorflow_import_failed,,A5_Direction_Only; PyTorch implementation; TensorFlow available=False
A5_Direction_Only_E1_BITS_TO_BITS_seed44_lr0.0005,E1_BITS_TO_BITS,E1_BITS_TO_BITS,A5_Direction_Only,44,0.0005,11,0.8684766214177979,0.4081360697746277,0.9111784511784511,0.9166666666666666,0.9444444444444444,0.9090909090909091,0.88,36,,,57268,223.703125,55.92578125,17,0,1,0,5,1,1,0,11,,0.1317636713716096,medium,not_available_tensorflow_import_failed,not_available_tensorflow_import_failed,,A5_Direction_Only; PyTorch implementation; TensorFlow available=False
A5_Direction_Only_E2_WEDA_TO_WEDA_seed44_lr0.0005,E2_WEDA_TO_WEDA,E2_WEDA_TO_WEDA,A5_Direction_Only,44,0.0005,14,0.8684960263907632,0.3741755485534668,0.722004357298475,0.72,0.5882352941176471,0.7777777777777778,0.8,25,,,57268,223.703125,55.92578125,5,2,2,2,7,0,1,0,6,,0.1317636713716096,medium,not_available_tensorflow_import_failed,not_available_tensorflow_import_failed,,A5_Direction_Only; PyTorch implementation; TensorFlow available=False
A5_Direction_Only_E3_BITS_WEDA_MIXED_seed44_lr0.0005,E3_BITS_WEDA_MIXED,E3_BITS_WEDA_MIXED,A5_Direction_Only,44,0.0005,22,0.8115384615384617,0.8052287697792053,0.7453203916669336,0.7540983606557377,0.8301886792452831,0.7741935483870968,0.631578947368421,61,0.8967,-0.1513796083330664,57268,223.703125,55.92578125,22,1,4,0,12,3,4,3,12,,0.1317636713716096,medium,not_available_tensorflow_import_failed,not_available_tensorflow_import_failed,,A5_Direction_Only; PyTorch implementation; TensorFlow available=False
A5_Direction_Only_E3_BITS_WEDA_MIXED_seed44_lr0.0005,E6_E3_MIXED_TEST_BITS,E3_BITS_WEDA_MIXED,A5_Direction_Only,44,0.0005,22,0.8115384615384617,0.8052287697792053,0.8240740740740741,0.8333333333333334,0.8888888888888888,0.8333333333333334,0.75,36,0.935,-0.11092592592592598,57268,223.703125,55.92578125,16,0,2,0,5,1,2,1,9,,0.1317636713716096,medium,not_available_tensorflow_import_failed,not_available_tensorflow_import_failed,,A5_Direction_Only; PyTorch implementation; TensorFlow available=False
A5_Direction_Only_E3_BITS_WEDA_MIXED_seed44_lr0.0005,E7_E3_MIXED_TEST_WEDA,E3_BITS_WEDA_MIXED,A5_Direction_Only,44,0.0005,22,0.8115384615384617,0.8052287697792053,0.623765295591921,0.64,0.7058823529411765,0.7368421052631579,0.42857142857142855,25,0.839,-0.21523470440807901,57268,223.703125,55.92578125,6,1,2,0,7,2,2,2,3,,0.1317636713716096,medium,not_available_tensorflow_import_failed,not_available_tensorflow_import_failed,,A5_Direction_Only; PyTorch implementation; TensorFlow available=False
A5_Direction_Only_E4_BITS_TO_WEDA_seed44_lr0.0005,E4_BITS_TO_WEDA,E4_BITS_TO_WEDA,A5_Direction_Only,44,0.0005,11,0.8684766214177979,0.4081360697746277,0.35909822866344604,0.44,0.5555555555555556,0.0,0.5217391304347826,25,,,57268,223.703125,55.92578125,5,0,4,3,0,6,1,0,6,,0.1317636713716096,medium,not_available_tensorflow_import_failed,not_available_tensorflow_import_failed,,A5_Direction_Only; PyTorch implementation; TensorFlow available=False
A5_Direction_Only_E5_WEDA_TO_BITS_seed44_lr0.0005,E5_WEDA_TO_BITS,E5_WEDA_TO_BITS,A5_Direction_Only,44,0.0005,14,0.8684960263907632,0.3741755485534668,0.7063279857397505,0.7222222222222222,0.8235294117647058,0.75,0.5454545454545454,36,,,57268,223.703125,55.92578125,14,0,4,0,6,0,2,4,6,,0.1317636713716096,medium,not_available_tensorflow_import_failed,not_available_tensorflow_import_failed,,A5_Direction_Only; PyTorch implementation; TensorFlow available=False
A5_Direction_Only_E1_BITS_TO_BITS_seed45_lr0.001,E1_BITS_TO_BITS,E1_BITS_TO_BITS,A5_Direction_Only,45,0.001,16,0.9095022624434389,0.340000182390213,0.8877665544332212,0.8611111111111112,0.8484848484848485,1.0,0.8148148148148148,36,,,57268,223.703125,55.92578125,14,0,4,0,6,0,1,0,11,,0.1317636713716096,medium,not_available_tensorflow_import_failed,not_available_tensorflow_import_failed,,A5_Direction_Only; PyTorch implementation; TensorFlow available=False
A5_Direction_Only_E2_WEDA_TO_WEDA_seed45_lr0.001,E2_WEDA_TO_WEDA,E2_WEDA_TO_WEDA,A5_Direction_Only,45,0.001,17,0.9191176470588235,0.2753315269947052,0.8288770053475935,0.84,0.8181818181818182,0.9411764705882353,0.7272727272727273,25,,,57268,223.703125,55.92578125,9,0,0,1,8,0,3,0,4,,0.1317636713716096,medium,not_available_tensorflow_import_failed,not_available_tensorflow_import_failed,,A5_Direction_Only; PyTorch implementation; TensorFlow available=False
A5_Direction_Only_E3_BITS_WEDA_MIXED_seed45_lr0.001,E3_BITS_WEDA_MIXED,E3_BITS_WEDA_MIXED,A5_Direction_Only,45,0.001,13,0.8495798229597121,0.48101580142974854,0.7419103313840156,0.7704918032786885,0.8888888888888888,0.7368421052631579,0.6,61,0.8967,-0.15478966861598442,57268,223.703125,55.92578125,24,1,2,1,14,0,2,8,9,,0.1317636713716096,medium,not_available_tensorflow_import_failed,not_available_tensorflow_import_failed,,A5_Direction_Only; PyTorch implementation; TensorFlow available=False
A5_Direction_Only_E3_BITS_WEDA_MIXED_seed45_lr0.001,E6_E3_MIXED_TEST_BITS,E3_BITS_WEDA_MIXED,A5_Direction_Only,45,0.001,13,0.8495798229597121,0.48101580142974854,0.7851851851851852,0.8055555555555556,0.8888888888888888,0.8,0.6666666666666666,36,0.935,-0.14981481481481485,57268,223.703125,55.92578125,16,0,2,0,6,0,2,3,7,,0.1317636713716096,medium,not_available_tensorflow_import_failed,not_available_tensorflow_import_failed,,A5_Direction_Only; PyTorch implementation; TensorFlow available=False
A5_Direction_Only_E3_BITS_WEDA_MIXED_seed45_lr0.001,E7_E3_MIXED_TEST_WEDA,E3_BITS_WEDA_MIXED,A5_Direction_Only,45,0.001,13,0.8495798229597121,0.48101580142974854,0.6763285024154589,0.72,0.8888888888888888,0.6956521739130435,0.4444444444444444,25,0.839,-0.16267149758454102,57268,223.703125,55.92578125,8,1,0,1,8,0,0,5,2,,0.1317636713716096,medium,not_available_tensorflow_import_failed,not_available_tensorflow_import_failed,,A5_Direction_Only; PyTorch implementation; TensorFlow available=False
A5_Direction_Only_E4_BITS_TO_WEDA_seed45_lr0.001,E4_BITS_TO_WEDA,E4_BITS_TO_WEDA,A5_Direction_Only,45,0.001,16,0.9095022624434389,0.340000182390213,0.501010101010101,0.56,0.6666666666666666,0.2,0.6363636363636364,25,,,57268,223.703125,55.92578125,6,0,3,3,1,5,0,0,7,,0.1317636713716096,medium,not_available_tensorflow_import_failed,not_available_tensorflow_import_failed,,A5_Direction_Only; PyTorch implementation; TensorFlow available=False
A5_Direction_Only_E5_WEDA_TO_BITS_seed45_lr0.001,E5_WEDA_TO_BITS,E5_WEDA_TO_BITS,A5_Direction_Only,45,0.001,17,0.9191176470588235,0.2753315269947052,0.6130604288499025,0.6944444444444444,0.8947368421052632,0.5,0.4444444444444444,36,,,57268,223.703125,55.92578125,17,0,1,1,4,1,2,6,4,,0.1317636713716096,medium,not_available_tensorflow_import_failed,not_available_tensorflow_import_failed,,A5_Direction_Only; PyTorch implementation; TensorFlow available=False
A5_Direction_Only_E1_BITS_TO_BITS_seed45_lr0.0005,E1_BITS_TO_BITS,E1_BITS_TO_BITS,A5_Direction_Only,45,0.0005,12,0.8513457556935817,0.4059147536754608,0.8684766214177979,0.8611111111111112,0.8823529411764706,0.9230769230769231,0.8,36,,,57268,223.703125,55.92578125,15,0,3,0,6,0,1,1,10,,0.1317636713716096,medium,not_available_tensorflow_import_failed,not_available_tensorflow_import_failed,,A5_Direction_Only; PyTorch implementation; TensorFlow available=False
A5_Direction_Only_E2_WEDA_TO_WEDA_seed45_lr0.0005,E2_WEDA_TO_WEDA,E2_WEDA_TO_WEDA,A5_Direction_Only,45,0.0005,32,1.0,0.05922723934054375,0.8742690058479532,0.88,0.8421052631578947,0.9473684210526315,0.8333333333333334,25,,,57268,223.703125,55.92578125,8,1,0,0,9,0,2,0,5,,0.1317636713716096,medium,not_available_tensorflow_import_failed,not_available_tensorflow_import_failed,,A5_Direction_Only; PyTorch implementation; TensorFlow available=False
A5_Direction_Only_E3_BITS_WEDA_MIXED_seed45_lr0.0005,E3_BITS_WEDA_MIXED,E3_BITS_WEDA_MIXED,A5_Direction_Only,45,0.0005,17,0.8594288290028654,0.5992542505264282,0.7552825552825553,0.7868852459016393,0.9090909090909091,0.7567567567567568,0.6,61,0.8967,-0.14141744471744477,57268,223.703125,55.92578125,25,0,2,1,14,0,2,8,9,,0.1317636713716096,medium,not_available_tensorflow_import_failed,not_available_tensorflow_import_failed,,A5_Direction_Only; PyTorch implementation; TensorFlow available=False
A5_Direction_Only_E3_BITS_WEDA_MIXED_seed45_lr0.0005,E6_E3_MIXED_TEST_BITS,E3_BITS_WEDA_MIXED,A5_Direction_Only,45,0.0005,17,0.8594288290028654,0.5992542505264282,0.7309941520467836,0.7777777777777778,0.8947368421052632,0.6666666666666666,0.631578947368421,36,0.935,-0.2040058479532164,57268,223.703125,55.92578125,17,0,1,1,5,0,2,4,6,,0.1317636713716096,medium,not_available_tensorflow_import_failed,not_available_tensorflow_import_failed,,A5_Direction_Only; PyTorch implementation; TensorFlow available=False
A5_Direction_Only_E3_BITS_WEDA_MIXED_seed45_lr0.0005,E7_E3_MIXED_TEST_WEDA,E3_BITS_WEDA_MIXED,A5_Direction_Only,45,0.0005,17,0.8594288290028654,0.5992542505264282,0.7682709447415329,0.8,0.9411764705882353,0.8181818181818182,0.5454545454545454,25,0.839,-0.07072905525846707,57268,223.703125,55.92578125,8,0,1,0,9,0,0,4,3,,0.1317636713716096,medium,not_available_tensorflow_import_failed,not_available_tensorflow_import_failed,,A5_Direction_Only; PyTorch implementation; TensorFlow available=False
A5_Direction_Only_E4_BITS_TO_WEDA_seed45_lr0.0005,E4_BITS_TO_WEDA,E4_BITS_TO_WEDA,A5_Direction_Only,45,0.0005,12,0.8513457556935817,0.4059147536754608,0.3333333333333333,0.4,0.6,0.0,0.4,25,,,57268,223.703125,55.92578125,6,0,3,3,0,6,2,1,4,,0.1317636713716096,medium,not_available_tensorflow_import_failed,not_available_tensorflow_import_failed,,A5_Direction_Only; PyTorch implementation; TensorFlow available=False
A5_Direction_Only_E5_WEDA_TO_BITS_seed45_lr0.0005,E5_WEDA_TO_BITS,E5_WEDA_TO_BITS,A5_Direction_Only,45,0.0005,32,1.0,0.05922723934054375,0.5752811635164576,0.6388888888888888,0.8108108108108109,0.47058823529411764,0.4444444444444444,36,,,57268,223.703125,55.92578125,15,1,2,2,4,0,2,6,4,,0.1317636713716096,medium,not_available_tensorflow_import_failed,not_available_tensorflow_import_failed,,A5_Direction_Only; PyTorch implementation; TensorFlow available=False
A5_Direction_Only_E1_BITS_TO_BITS_seed46_lr0.001,E1_BITS_TO_BITS,E1_BITS_TO_BITS,A5_Direction_Only,46,0.001,11,0.8513457556935817,0.4938577711582184,0.8902319902319903,0.8888888888888888,0.9142857142857143,0.9230769230769231,0.8333333333333334,36,,,57268,223.703125,55.92578125,16,0,2,0,6,0,1,1,10,,0.1317636713716096,medium,not_available_tensorflow_import_failed,not_available_tensorflow_import_failed,,A5_Direction_Only; PyTorch implementation; TensorFlow available=False
A5_Direction_Only_E2_WEDA_TO_WEDA_seed46_lr0.001,E2_WEDA_TO_WEDA,E2_WEDA_TO_WEDA,A5_Direction_Only,46,0.001,14,0.8009259259259259,1.1238555908203125,0.7821262558104664,0.8,0.8421052631578947,0.8888888888888888,0.6153846153846154,25,,,57268,223.703125,55.92578125,8,0,1,0,8,1,2,1,4,,0.1317636713716096,medium,not_available_tensorflow_import_failed,not_available_tensorflow_import_failed,,A5_Direction_Only; PyTorch implementation; TensorFlow available=False
A5_Direction_Only_E3_BITS_WEDA_MIXED_seed46_lr0.001,E3_BITS_WEDA_MIXED,E3_BITS_WEDA_MIXED,A5_Direction_Only,46,0.001,4,0.8717846327909221,0.40599822998046875,0.7714833059660645,0.7868852459016393,0.8620689655172413,0.7857142857142857,0.6666666666666666,61,0.8967,-0.12521669403393554,57268,223.703125,55.92578125,25,0,2,1,11,3,5,2,12,,0.1317636713716096,medium,not_available_tensorflow_import_failed,not_available_tensorflow_import_failed,,A5_Direction_Only; PyTorch implementation; TensorFlow available=False
A5_Direction_Only_E3_BITS_WEDA_MIXED_seed46_lr0.001,E6_E3_MIXED_TEST_BITS,E3_BITS_WEDA_MIXED,A5_Direction_Only,46,0.001,4,0.8717846327909221,0.40599822998046875,0.7838827838827839,0.8333333333333334,0.9230769230769231,0.6666666666666666,0.7619047619047619,36,0.935,-0.15111721611721618,57268,223.703125,55.92578125,18,0,0,1,4,1,2,2,8,,0.1317636713716096,medium,not_available_tensorflow_import_failed,not_available_tensorflow_import_failed,,A5_Direction_Only; PyTorch implementation; TensorFlow available=False
A5_Direction_Only_E3_BITS_WEDA_MIXED_seed46_lr0.001,E7_E3_MIXED_TEST_WEDA,E3_BITS_WEDA_MIXED,A5_Direction_Only,46,0.001,4,0.8717846327909221,0.40599822998046875,0.7150584795321637,0.72,0.7368421052631579,0.875,0.5333333333333333,25,0.839,-0.12394152046783624,57268,223.703125,55.92578125,7,0,2,0,7,2,3,0,4,,0.1317636713716096,medium,not_available_tensorflow_import_failed,not_available_tensorflow_import_failed,,A5_Direction_Only; PyTorch implementation; TensorFlow available=False
A5_Direction_Only_E4_BITS_TO_WEDA_seed46_lr0.001,E4_BITS_TO_WEDA,E4_BITS_TO_WEDA,A5_Direction_Only,46,0.001,11,0.8513457556935817,0.4938577711582184,0.3288267288267288,0.36,0.3076923076923077,0.5454545454545454,0.13333333333333333,25,,,57268,223.703125,55.92578125,2,1,6,2,6,1,0,6,1,,0.1317636713716096,medium,not_available_tensorflow_import_failed,not_available_tensorflow_import_failed,,A5_Direction_Only; PyTorch implementation; TensorFlow available=False
A5_Direction_Only_E5_WEDA_TO_BITS_seed46_lr0.001,E5_WEDA_TO_BITS,E5_WEDA_TO_BITS,A5_Direction_Only,46,0.001,14,0.8009259259259259,1.1238555908203125,0.5805617147080562,0.6944444444444444,0.8780487804878049,0.36363636363636365,0.5,36,,,57268,223.703125,55.92578125,18,0,0,1,2,3,4,3,5,,0.1317636713716096,medium,not_available_tensorflow_import_failed,not_available_tensorflow_import_failed,,A5_Direction_Only; PyTorch implementation; TensorFlow available=False
A5_Direction_Only_E1_BITS_TO_BITS_seed46_lr0.0005,E1_BITS_TO_BITS,E1_BITS_TO_BITS,A5_Direction_Only,46,0.0005,14,0.8138528138528139,0.519839346408844,0.8079365079365078,0.8333333333333334,0.9,0.8571428571428571,0.6666666666666666,36,,,57268,223.703125,55.92578125,18,0,0,0,6,0,4,2,6,,0.1317636713716096,medium,not_available_tensorflow_import_failed,not_available_tensorflow_import_failed,,A5_Direction_Only; PyTorch implementation; TensorFlow available=False
A5_Direction_Only_E2_WEDA_TO_WEDA_seed46_lr0.0005,E2_WEDA_TO_WEDA,E2_WEDA_TO_WEDA,A5_Direction_Only,46,0.0005,18,0.7592592592592592,1.154614806175232,0.5970809376382132,0.6,0.631578947368421,0.5714285714285714,0.5882352941176471,25,,,57268,223.703125,55.92578125,6,1,2,2,4,3,2,0,5,,0.1317636713716096,medium,not_available_tensorflow_import_failed,not_available_tensorflow_import_failed,,A5_Direction_Only; PyTorch implementation; TensorFlow available=False
A5_Direction_Only_E3_BITS_WEDA_MIXED_seed46_lr0.0005,E3_BITS_WEDA_MIXED,E3_BITS_WEDA_MIXED,A5_Direction_Only,46,0.0005,4,0.8736113736113736,0.46063873171806335,0.7887955182072829,0.819672131147541,0.9,0.8235294117647058,0.6428571428571429,61,0.8967,-0.10790448179271717,57268,223.703125,55.92578125,27,0,0,1,14,0,5,5,9,,0.1317636713716096,medium,not_available_tensorflow_import_failed,not_available_tensorflow_import_failed,,A5_Direction_Only; PyTorch implementation; TensorFlow available=False
A5_Direction_Only_E3_BITS_WEDA_MIXED_seed46_lr0.0005,E6_E3_MIXED_TEST_BITS,E3_BITS_WEDA_MIXED,A5_Direction_Only,46,0.0005,4,0.8736113736113736,0.46063873171806335,0.7627450980392158,0.8055555555555556,0.9,0.8,0.5882352941176471,36,0.935,-0.1722549019607843,57268,223.703125,55.92578125,18,0,0,0,6,0,4,3,5,,0.1317636713716096,medium,not_available_tensorflow_import_failed,not_available_tensorflow_import_failed,,A5_Direction_Only; PyTorch implementation; TensorFlow available=False
A5_Direction_Only_E3_BITS_WEDA_MIXED_seed46_lr0.0005,E7_E3_MIXED_TEST_WEDA,E3_BITS_WEDA_MIXED,A5_Direction_Only,46,0.0005,4,0.8736113736113736,0.46063873171806335,0.8231259968102073,0.84,0.9,0.8421052631578947,0.7272727272727273,25,0.839,-0.015874003189792707,57268,223.703125,55.92578125,9,0,0,1,8,0,1,2,4,,0.1317636713716096,medium,not_available_tensorflow_import_failed,not_available_tensorflow_import_failed,,A5_Direction_Only; PyTorch implementation; TensorFlow available=False
A5_Direction_Only_E4_BITS_TO_WEDA_seed46_lr0.0005,E4_BITS_TO_WEDA,E4_BITS_TO_WEDA,A5_Direction_Only,46,0.0005,14,0.8138528138528139,0.519839346408844,0.2716049382716049,0.36,0.5925925925925926,0.0,0.2222222222222222,25,,,57268,223.703125,55.92578125,8,1,0,8,0,1,2,4,1,,0.1317636713716096,medium,not_available_tensorflow_import_failed,not_available_tensorflow_import_failed,,A5_Direction_Only; PyTorch implementation; TensorFlow available=False
A5_Direction_Only_E5_WEDA_TO_BITS_seed46_lr0.0005,E5_WEDA_TO_BITS,E5_WEDA_TO_BITS,A5_Direction_Only,46,0.0005,18,0.7592592592592592,1.154614806175232,0.5373015873015873,0.6388888888888888,0.85,0.42857142857142855,0.3333333333333333,36,,,57268,223.703125,55.92578125,17,1,0,0,3,3,5,4,3,,0.1317636713716096,medium,not_available_tensorflow_import_failed,not_available_tensorflow_import_failed,,A5_Direction_Only; PyTorch implementation; TensorFlow available=False
LDX1_D1_Wide_DSConv_E1_BITS_TO_BITS_seed42_lr0.001,E1_BITS_TO_BITS,E1_BITS_TO_BITS,LDX1_D1_Wide_DSConv,42,0.001,13,0.8772175536881419,0.40127184987068176,0.7486057486057486,0.7777777777777778,0.8648648648648649,0.7142857142857143,0.6666666666666666,36,,,5699,22.26171875,5.5654296875,16,0,2,1,5,0,2,3,7,,0.913597841083097,high,not_available_tensorflow_import_failed,not_available_tensorflow_import_failed,,LDX1_D1_Wide_DSConv; PyTorch implementation; TensorFlow available=False
LDX1_D1_Wide_DSConv_E2_WEDA_TO_WEDA_seed42_lr0.001,E2_WEDA_TO_WEDA,E2_WEDA_TO_WEDA,LDX1_D1_Wide_DSConv,42,0.001,31,0.9191176470588235,0.23667098581790924,0.9568151147098515,0.96,0.9473684210526315,1.0,0.9230769230769231,25,,,5699,22.26171875,5.5654296875,9,0,0,0,9,0,1,0,6,,0.913597841083097,high,not_available_tensorflow_import_failed,not_available_tensorflow_import_failed,,LDX1_D1_Wide_DSConv; PyTorch implementation; TensorFlow available=False
LDX1_D1_Wide_DSConv_E3_BITS_WEDA_MIXED_seed42_lr0.001,E3_BITS_WEDA_MIXED,E3_BITS_WEDA_MIXED,LDX1_D1_Wide_DSConv,42,0.001,11,0.8928812415654521,0.40853050351142883,0.8829185520361991,0.8852459016393442,0.9019607843137255,0.875,0.8717948717948718,61,0.8967,-0.013781447963800986,5699,22.26171875,5.5654296875,23,2,2,0,14,1,1,1,17,,0.913597841083097,high,not_available_tensorflow_import_failed,not_available_tensorflow_import_failed,,LDX1_D1_Wide_DSConv; PyTorch implementation; TensorFlow available=False
LDX1_D1_Wide_DSConv_E3_BITS_WEDA_MIXED_seed42_lr0.001,E6_E3_MIXED_TEST_BITS,E3_BITS_WEDA_MIXED,LDX1_D1_Wide_DSConv,42,0.001,11,0.8928812415654521,0.40853050351142883,0.8902319902319903,0.8888888888888888,0.9142857142857143,0.9230769230769231,0.8333333333333334,36,0.935,-0.044768009768009764,5699,22.26171875,5.5654296875,16,0,2,0,6,0,1,1,10,,0.913597841083097,high,not_available_tensorflow_import_failed,not_available_tensorflow_import_failed,,LDX1_D1_Wide_DSConv; PyTorch implementation; TensorFlow available=False
LDX1_D1_Wide_DSConv_E3_BITS_WEDA_MIXED_seed42_lr0.001,E7_E3_MIXED_TEST_WEDA,E3_BITS_WEDA_MIXED,LDX1_D1_Wide_DSConv,42,0.001,11,0.8928812415654521,0.40853050351142883,0.8834795321637428,0.88,0.875,0.8421052631578947,0.9333333333333333,25,0.839,0.044479532163742785,5699,22.26171875,5.5654296875,7,2,0,0,8,1,0,0,7,,0.913597841083097,high,not_available_tensorflow_import_failed,not_available_tensorflow_import_failed,,LDX1_D1_Wide_DSConv; PyTorch implementation; TensorFlow available=False
LDX1_D1_Wide_DSConv_E4_BITS_TO_WEDA_seed42_lr0.001,E4_BITS_TO_WEDA,E4_BITS_TO_WEDA,LDX1_D1_Wide_DSConv,42,0.001,13,0.8772175536881419,0.40127184987068176,0.3354978354978355,0.44,0.6428571428571429,0.18181818181818182,0.18181818181818182,25,,,5699,22.26171875,5.5654296875,9,0,0,5,1,3,5,1,1,,0.913597841083097,high,not_available_tensorflow_import_failed,not_available_tensorflow_import_failed,,LDX1_D1_Wide_DSConv; PyTorch implementation; TensorFlow available=False
LDX1_D1_Wide_DSConv_E5_WEDA_TO_BITS_seed42_lr0.001,E5_WEDA_TO_BITS,E5_WEDA_TO_BITS,LDX1_D1_Wide_DSConv,42,0.001,31,0.9191176470588235,0.23667098581790924,0.7321123321123321,0.7777777777777778,0.9142857142857143,0.6153846153846154,0.6666666666666666,36,,,5699,22.26171875,5.5654296875,16,0,2,0,4,2,1,3,8,,0.913597841083097,high,not_available_tensorflow_import_failed,not_available_tensorflow_import_failed,,LDX1_D1_Wide_DSConv; PyTorch implementation; TensorFlow available=False
LDX1_D1_Wide_DSConv_E1_BITS_TO_BITS_seed42_lr0.0005,E1_BITS_TO_BITS,E1_BITS_TO_BITS,LDX1_D1_Wide_DSConv,42,0.0005,24,0.8772175536881419,0.40039607882499695,0.8513457556935817,0.8611111111111112,0.9142857142857143,0.8571428571428571,0.782608695652174,36,,,5699,22.26171875,5.5654296875,16,0,2,0,6,0,1,2,9,,0.913597841083097,high,not_available_tensorflow_import_failed,not_available_tensorflow_import_failed,,LDX1_D1_Wide_DSConv; PyTorch implementation; TensorFlow available=False
LDX1_D1_Wide_DSConv_E2_WEDA_TO_WEDA_seed42_lr0.0005,E2_WEDA_TO_WEDA,E2_WEDA_TO_WEDA,LDX1_D1_Wide_DSConv,42,0.0005,7,0.9166666666666666,0.8628743886947632,0.6,0.6,0.5,0.7,0.6,25,,,5699,22.26171875,5.5654296875,5,4,0,2,7,0,4,0,3,,0.913597841083097,high,not_available_tensorflow_import_failed,not_available_tensorflow_import_failed,,LDX1_D1_Wide_DSConv; PyTorch implementation; TensorFlow available=False
LDX1_D1_Wide_DSConv_E3_BITS_WEDA_MIXED_seed42_lr0.0005,E3_BITS_WEDA_MIXED,E3_BITS_WEDA_MIXED,LDX1_D1_Wide_DSConv,42,0.0005,23,0.8928812415654521,0.42846181988716125,0.8444155280850142,0.8524590163934426,0.9056603773584906,0.8275862068965517,0.8,61,0.8967,-0.052284471914985864,5699,22.26171875,5.5654296875,24,1,2,0,12,3,2,1,16,,0.913597841083097,high,not_available_tensorflow_import_failed,not_available_tensorflow_import_failed,,LDX1_D1_Wide_DSConv; PyTorch implementation; TensorFlow available=False
LDX1_D1_Wide_DSConv_E3_BITS_WEDA_MIXED_seed42_lr0.0005,E6_E3_MIXED_TEST_BITS,E3_BITS_WEDA_MIXED,LDX1_D1_Wide_DSConv,42,0.0005,23,0.8928812415654521,0.42846181988716125,0.8492063492063492,0.8611111111111112,0.9142857142857143,0.8333333333333334,0.8,36,0.935,-0.08579365079365087,5699,22.26171875,5.5654296875,16,0,2,0,5,1,1,1,10,,0.913597841083097,high,not_available_tensorflow_import_failed,not_available_tensorflow_import_failed,,LDX1_D1_Wide_DSConv; PyTorch implementation; TensorFlow available=False
LDX1_D1_Wide_DSConv_E3_BITS_WEDA_MIXED_seed42_lr0.0005,E7_E3_MIXED_TEST_WEDA,E3_BITS_WEDA_MIXED,LDX1_D1_Wide_DSConv,42,0.0005,23,0.8928812415654521,0.42846181988716125,0.8374727668845315,0.84,0.8888888888888888,0.8235294117647058,0.8,25,0.839,-0.0015272331154684293,5699,22.26171875,5.5654296875,8,1,0,0,7,2,1,0,6,,0.913597841083097,high,not_available_tensorflow_import_failed,not_available_tensorflow_import_failed,,LDX1_D1_Wide_DSConv; PyTorch implementation; TensorFlow available=False
LDX1_D1_Wide_DSConv_E4_BITS_TO_WEDA_seed42_lr0.0005,E4_BITS_TO_WEDA,E4_BITS_TO_WEDA,LDX1_D1_Wide_DSConv,42,0.0005,24,0.8772175536881419,0.40039607882499695,0.3383838383838384,0.44,0.6666666666666666,0.16666666666666666,0.18181818181818182,25,,,5699,22.26171875,5.5654296875,9,0,0,5,1,3,4,2,1,,0.913597841083097,high,not_available_tensorflow_import_failed,not_available_tensorflow_import_failed,,LDX1_D1_Wide_DSConv; PyTorch implementation; TensorFlow available=False
LDX1_D1_Wide_DSConv_E5_WEDA_TO_BITS_seed42_lr0.0005,E5_WEDA_TO_BITS,E5_WEDA_TO_BITS,LDX1_D1_Wide_DSConv,42,0.0005,7,0.9166666666666666,0.8628743886947632,0.7424501424501425,0.7777777777777778,0.8717948717948718,0.8,0.5555555555555556,36,,,5699,22.26171875,5.5654296875,17,0,1,0,6,0,4,3,5,,0.913597841083097,high,not_available_tensorflow_import_failed,not_available_tensorflow_import_failed,,LDX1_D1_Wide_DSConv; PyTorch implementation; TensorFlow available=False
LDX1_D1_Wide_DSConv_E1_BITS_TO_BITS_seed43_lr0.001,E1_BITS_TO_BITS,E1_BITS_TO_BITS,LDX1_D1_Wide_DSConv,43,0.001,29,0.8993788819875776,0.32943034172058105,0.8534618534618535,0.8888888888888888,0.972972972972973,0.7692307692307693,0.8181818181818182,36,,,5699,22.26171875,5.5654296875,18,0,0,0,5,1,1,2,9,,0.913597841083097,high,not_available_tensorflow_import_failed,not_available_tensorflow_import_failed,,LDX1_D1_Wide_DSConv; PyTorch implementation; TensorFlow available=False
LDX1_D1_Wide_DSConv_E2_WEDA_TO_WEDA_seed43_lr0.001,E2_WEDA_TO_WEDA,E2_WEDA_TO_WEDA,LDX1_D1_Wide_DSConv,43,0.001,14,0.9581699346405229,0.28886836767196655,0.9197780776728145,0.92,0.8888888888888888,0.9473684210526315,0.9230769230769231,25,,,5699,22.26171875,5.5654296875,8,1,0,0,9,0,1,0,6,,0.913597841083097,high,not_available_tensorflow_import_failed,not_available_tensorflow_import_failed,,LDX1_D1_Wide_DSConv; PyTorch implementation; TensorFlow available=False
LDX1_D1_Wide_DSConv_E3_BITS_WEDA_MIXED_seed43_lr0.001,E3_BITS_WEDA_MIXED,E3_BITS_WEDA_MIXED,LDX1_D1_Wide_DSConv,43,0.001,13,0.8916293916293917,0.3871763348579407,0.8716991341991341,0.8852459016393442,0.9454545454545454,0.8571428571428571,0.8125,61,0.8967,-0.025000865800865912,5699,22.26171875,5.5654296875,26,1,0,0,15,0,2,4,13,,0.913597841083097,high,not_available_tensorflow_import_failed,not_available_tensorflow_import_failed,,LDX1_D1_Wide_DSConv; PyTorch implementation; TensorFlow available=False
LDX1_D1_Wide_DSConv_E3_BITS_WEDA_MIXED_seed43_lr0.001,E6_E3_MIXED_TEST_BITS,E3_BITS_WEDA_MIXED,LDX1_D1_Wide_DSConv,43,0.001,13,0.8916293916293917,0.3871763348579407,0.8681704260651628,0.8888888888888888,0.9473684210526315,0.8571428571428571,0.8,36,0.935,-0.06682957393483724,5699,22.26171875,5.5654296875,18,0,0,0,6,0,2,2,8,,0.913597841083097,high,not_available_tensorflow_import_failed,not_available_tensorflow_import_failed,,LDX1_D1_Wide_DSConv; PyTorch implementation; TensorFlow available=False
LDX1_D1_Wide_DSConv_E3_BITS_WEDA_MIXED_seed43_lr0.001,E7_E3_MIXED_TEST_WEDA,E3_BITS_WEDA_MIXED,LDX1_D1_Wide_DSConv,43,0.001,13,0.8916293916293917,0.3871763348579407,0.8772175536881419,0.88,0.9411764705882353,0.8571428571428571,0.8333333333333334,25,0.839,0.03821755368814195,5699,22.26171875,5.5654296875,8,1,0,0,9,0,0,2,5,,0.913597841083097,high,not_available_tensorflow_import_failed,not_available_tensorflow_import_failed,,LDX1_D1_Wide_DSConv; PyTorch implementation; TensorFlow available=False
LDX1_D1_Wide_DSConv_E4_BITS_TO_WEDA_seed43_lr0.001,E4_BITS_TO_WEDA,E4_BITS_TO_WEDA,LDX1_D1_Wide_DSConv,43,0.001,29,0.8993788819875776,0.32943034172058105,0.3742985409652076,0.44,0.5925925925925926,0.16666666666666666,0.36363636363636365,25,,,5699,22.26171875,5.5654296875,8,0,1,7,1,1,3,2,2,,0.913597841083097,high,not_available_tensorflow_import_failed,not_available_tensorflow_import_failed,,LDX1_D1_Wide_DSConv; PyTorch implementation; TensorFlow available=False
LDX1_D1_Wide_DSConv_E5_WEDA_TO_BITS_seed43_lr0.001,E5_WEDA_TO_BITS,E5_WEDA_TO_BITS,LDX1_D1_Wide_DSConv,43,0.001,14,0.9581699346405229,0.28886836767196655,0.6749999999999999,0.75,0.9,0.625,0.5,36,,,5699,22.26171875,5.5654296875,18,0,0,1,5,0,3,5,4,,0.913597841083097,high,not_available_tensorflow_import_failed,not_available_tensorflow_import_failed,,LDX1_D1_Wide_DSConv; PyTorch implementation; TensorFlow available=False
LDX1_D1_Wide_DSConv_E1_BITS_TO_BITS_seed43_lr0.0005,E1_BITS_TO_BITS,E1_BITS_TO_BITS,LDX1_D1_Wide_DSConv,43,0.0005,6,0.8412617220801364,0.9288222789764404,0.8244348244348245,0.8333333333333334,0.8888888888888888,0.8571428571428571,0.7272727272727273,36,,,5699,22.26171875,5.5654296875,16,0,2,0,6,0,2,2,8,,0.913597841083097,high,not_available_tensorflow_import_failed,not_available_tensorflow_import_failed,,LDX1_D1_Wide_DSConv; PyTorch implementation; TensorFlow available=False
LDX1_D1_Wide_DSConv_E2_WEDA_TO_WEDA_seed43_lr0.0005,E2_WEDA_TO_WEDA,E2_WEDA_TO_WEDA,LDX1_D1_Wide_DSConv,43,0.0005,22,0.9581699346405229,0.3224090039730072,0.8288770053475935,0.84,0.8181818181818182,0.9411764705882353,0.7272727272727273,25,,,5699,22.26171875,5.5654296875,9,0,0,1,8,0,3,0,4,,0.913597841083097,high,not_available_tensorflow_import_failed,not_available_tensorflow_import_failed,,LDX1_D1_Wide_DSConv; PyTorch implementation; TensorFlow available=False
LDX1_D1_Wide_DSConv_E3_BITS_WEDA_MIXED_seed43_lr0.0005,E3_BITS_WEDA_MIXED,E3_BITS_WEDA_MIXED,LDX1_D1_Wide_DSConv,43,0.0005,16,0.8914640914640914,0.4659833610057831,0.8439325419257585,0.8524590163934426,0.8852459016393442,0.896551724137931,0.75,61,0.8967,-0.05276745807424155,5699,22.26171875,5.5654296875,27,0,0,1,13,1,6,1,12,,0.913597841083097,high,not_available_tensorflow_import_failed,not_available_tensorflow_import_failed,,LDX1_D1_Wide_DSConv; PyTorch implementation; TensorFlow available=False
LDX1_D1_Wide_DSConv_E3_BITS_WEDA_MIXED_seed43_lr0.0005,E6_E3_MIXED_TEST_BITS,E3_BITS_WEDA_MIXED,LDX1_D1_Wide_DSConv,43,0.0005,16,0.8914640914640914,0.4659833610057831,0.8111111111111112,0.8333333333333334,0.9,0.8333333333333334,0.7,36,0.935,-0.12388888888888883,5699,22.26171875,5.5654296875,18,0,0,0,5,1,4,1,7,,0.913597841083097,high,not_available_tensorflow_import_failed,not_available_tensorflow_import_failed,,LDX1_D1_Wide_DSConv; PyTorch implementation; TensorFlow available=False
LDX1_D1_Wide_DSConv_E3_BITS_WEDA_MIXED_seed43_lr0.0005,E7_E3_MIXED_TEST_WEDA,E3_BITS_WEDA_MIXED,LDX1_D1_Wide_DSConv,43,0.0005,16,0.8914640914640914,0.4659833610057831,0.8772175536881419,0.88,0.8571428571428571,0.9411764705882353,0.8333333333333334,25,0.839,0.03821755368814195,5699,22.26171875,5.5654296875,9,0,0,1,8,0,2,0,5,,0.913597841083097,high,not_available_tensorflow_import_failed,not_available_tensorflow_import_failed,,LDX1_D1_Wide_DSConv; PyTorch implementation; TensorFlow available=False
LDX1_D1_Wide_DSConv_E4_BITS_TO_WEDA_seed43_lr0.0005,E4_BITS_TO_WEDA,E4_BITS_TO_WEDA,LDX1_D1_Wide_DSConv,43,0.0005,6,0.8412617220801364,0.9288222789764404,0.40452140452140456,0.44,0.5555555555555556,0.18181818181818182,0.47619047619047616,25,,,5699,22.26171875,5.5654296875,5,0,4,3,1,5,1,1,5,,0.913597841083097,high,not_available_tensorflow_import_failed,not_available_tensorflow_import_failed,,LDX1_D1_Wide_DSConv; PyTorch implementation; TensorFlow available=False
LDX1_D1_Wide_DSConv_E5_WEDA_TO_BITS_seed43_lr0.0005,E5_WEDA_TO_BITS,E5_WEDA_TO_BITS,LDX1_D1_Wide_DSConv,43,0.0005,22,0.9581699346405229,0.3224090039730072,0.6412698412698412,0.7222222222222222,0.8571428571428571,0.6666666666666666,0.4,36,,,5699,22.26171875,5.5654296875,18,0,0,1,5,0,5,4,3,,0.913597841083097,high,not_available_tensorflow_import_failed,not_available_tensorflow_import_failed,,LDX1_D1_Wide_DSConv; PyTorch implementation; TensorFlow available=False
LDX1_D1_Wide_DSConv_E1_BITS_TO_BITS_seed44_lr0.001,E1_BITS_TO_BITS,E1_BITS_TO_BITS,LDX1_D1_Wide_DSConv,44,0.001,19,0.8250000000000001,0.42251822352409363,0.7756132756132756,0.7777777777777778,0.8333333333333334,0.8571428571428571,0.6363636363636364,36,,,5699,22.26171875,5.5654296875,15,0,3,0,6,0,3,2,7,,0.913597841083097,high,not_available_tensorflow_import_failed,not_available_tensorflow_import_failed,,LDX1_D1_Wide_DSConv; PyTorch implementation; TensorFlow available=False
LDX1_D1_Wide_DSConv_E2_WEDA_TO_WEDA_seed44_lr0.001,E2_WEDA_TO_WEDA,E2_WEDA_TO_WEDA,LDX1_D1_Wide_DSConv,44,0.001,14,0.8379629629629629,0.41684025526046753,0.9214177978883861,0.92,0.9,0.9411764705882353,0.9230769230769231,25,,,5699,22.26171875,5.5654296875,9,0,0,1,8,0,1,0,6,,0.913597841083097,high,not_available_tensorflow_import_failed,not_available_tensorflow_import_failed,,LDX1_D1_Wide_DSConv; PyTorch implementation; TensorFlow available=False
LDX1_D1_Wide_DSConv_E3_BITS_WEDA_MIXED_seed44_lr0.001,E3_BITS_WEDA_MIXED,E3_BITS_WEDA_MIXED,LDX1_D1_Wide_DSConv,44,0.001,8,0.8464773572134003,0.5116893649101257,0.7786137234413096,0.8032786885245902,0.8666666666666667,0.8484848484848485,0.6206896551724138,61,0.8967,-0.11808627655869042,5699,22.26171875,5.5654296875,26,0,1,1,14,0,6,4,9,,0.913597841083097,high,not_available_tensorflow_import_failed,not_available_tensorflow_import_failed,,LDX1_D1_Wide_DSConv; PyTorch implementation; TensorFlow available=False
LDX1_D1_Wide_DSConv_E3_BITS_WEDA_MIXED_seed44_lr0.001,E6_E3_MIXED_TEST_BITS,E3_BITS_WEDA_MIXED,LDX1_D1_Wide_DSConv,44,0.001,8,0.8464773572134003,0.5116893649101257,0.7754385964912279,0.8055555555555556,0.8947368421052632,0.8,0.631578947368421,36,0.935,-0.15956140350877213,5699,22.26171875,5.5654296875,17,0,1,0,6,0,3,3,6,,0.913597841083097,high,not_available_tensorflow_import_failed,not_available_tensorflow_import_failed,,LDX1_D1_Wide_DSConv; PyTorch implementation; TensorFlow available=False
LDX1_D1_Wide_DSConv_E3_BITS_WEDA_MIXED_seed44_lr0.001,E7_E3_MIXED_TEST_WEDA,E3_BITS_WEDA_MIXED,LDX1_D1_Wide_DSConv,44,0.001,8,0.8464773572134003,0.5116893649101257,0.769023569023569,0.8,0.8181818181818182,0.8888888888888888,0.6,25,0.839,-0.06997643097643091,5699,22.26171875,5.5654296875,9,0,0,1,8,0,3,1,3,,0.913597841083097,high,not_available_tensorflow_import_failed,not_available_tensorflow_import_failed,,LDX1_D1_Wide_DSConv; PyTorch implementation; TensorFlow available=False
LDX1_D1_Wide_DSConv_E4_BITS_TO_WEDA_seed44_lr0.001,E4_BITS_TO_WEDA,E4_BITS_TO_WEDA,LDX1_D1_Wide_DSConv,44,0.001,19,0.8250000000000001,0.42251822352409363,0.3143288084464555,0.32,0.4,0.3076923076923077,0.23529411764705882,25,,,5699,22.26171875,5.5654296875,4,0,5,4,2,3,3,2,2,,0.913597841083097,high,not_available_tensorflow_import_failed,not_available_tensorflow_import_failed,,LDX1_D1_Wide_DSConv; PyTorch implementation; TensorFlow available=False
LDX1_D1_Wide_DSConv_E5_WEDA_TO_BITS_seed44_lr0.001,E5_WEDA_TO_BITS,E5_WEDA_TO_BITS,LDX1_D1_Wide_DSConv,44,0.001,14,0.8379629629629629,0.41684025526046753,0.6695767195767196,0.7222222222222222,0.85,0.7142857142857143,0.4444444444444444,36,,,5699,22.26171875,5.5654296875,17,0,1,0,5,1,5,3,4,,0.913597841083097,high,not_available_tensorflow_import_failed,not_available_tensorflow_import_failed,,LDX1_D1_Wide_DSConv; PyTorch implementation; TensorFlow available=False
LDX1_D1_Wide_DSConv_E1_BITS_TO_BITS_seed44_lr0.0005,E1_BITS_TO_BITS,E1_BITS_TO_BITS,LDX1_D1_Wide_DSConv,44,0.0005,21,0.8216538789428816,0.4658571481704712,0.8172932330827067,0.8333333333333334,0.8947368421052632,0.8571428571428571,0.7,36,,,5699,22.26171875,5.5654296875,17,0,1,0,6,0,3,2,7,,0.913597841083097,high,not_available_tensorflow_import_failed,not_available_tensorflow_import_failed,,LDX1_D1_Wide_DSConv; PyTorch implementation; TensorFlow available=False
LDX1_D1_Wide_DSConv_E2_WEDA_TO_WEDA_seed44_lr0.0005,E2_WEDA_TO_WEDA,E2_WEDA_TO_WEDA,LDX1_D1_Wide_DSConv,44,0.0005,29,0.8379629629629629,0.3807212710380554,0.9214177978883861,0.92,0.9,0.9411764705882353,0.9230769230769231,25,,,5699,22.26171875,5.5654296875,9,0,0,1,8,0,1,0,6,,0.913597841083097,high,not_available_tensorflow_import_failed,not_available_tensorflow_import_failed,,LDX1_D1_Wide_DSConv; PyTorch implementation; TensorFlow available=False
LDX1_D1_Wide_DSConv_E3_BITS_WEDA_MIXED_seed44_lr0.0005,E3_BITS_WEDA_MIXED,E3_BITS_WEDA_MIXED,LDX1_D1_Wide_DSConv,44,0.0005,13,0.8606887589343731,0.4860003590583801,0.8344086021505376,0.8360655737704918,0.8571428571428571,0.9032258064516129,0.7428571428571429,61,0.8967,-0.06229139784946247,5699,22.26171875,5.5654296875,24,0,3,1,14,0,4,2,13,,0.913597841083097,high,not_available_tensorflow_import_failed,not_available_tensorflow_import_failed,,LDX1_D1_Wide_DSConv; PyTorch implementation; TensorFlow available=False
LDX1_D1_Wide_DSConv_E3_BITS_WEDA_MIXED_seed44_lr0.0005,E6_E3_MIXED_TEST_BITS,E3_BITS_WEDA_MIXED,LDX1_D1_Wide_DSConv,44,0.0005,13,0.8606887589343731,0.4860003590583801,0.7962247962247962,0.8055555555555556,0.8648648648648649,0.8571428571428571,0.6666666666666666,36,0.935,-0.1387752037752038,5699,22.26171875,5.5654296875,16,0,2,0,6,0,3,2,7,,0.913597841083097,high,not_available_tensorflow_import_failed,not_available_tensorflow_import_failed,,LDX1_D1_Wide_DSConv; PyTorch implementation; TensorFlow available=False
LDX1_D1_Wide_DSConv_E3_BITS_WEDA_MIXED_seed44_lr0.0005,E7_E3_MIXED_TEST_WEDA,E3_BITS_WEDA_MIXED,LDX1_D1_Wide_DSConv,44,0.0005,13,0.8606887589343731,0.4860003590583801,0.880141530296329,0.88,0.8421052631578947,0.9411764705882353,0.8571428571428571,25,0.839,0.041141530296329054,5699,22.26171875,5.5654296875,8,0,1,1,8,0,1,0,6,,0.913597841083097,high,not_available_tensorflow_import_failed,not_available_tensorflow_import_failed,,LDX1_D1_Wide_DSConv; PyTorch implementation; TensorFlow available=False
LDX1_D1_Wide_DSConv_E4_BITS_TO_WEDA_seed44_lr0.0005,E4_BITS_TO_WEDA,E4_BITS_TO_WEDA,LDX1_D1_Wide_DSConv,44,0.0005,21,0.8216538789428816,0.4658571481704712,0.17582417582417584,0.24,0.38461538461538464,0.0,0.14285714285714285,25,,,5699,22.26171875,5.5654296875,5,0,4,7,0,2,5,1,1,,0.913597841083097,high,not_available_tensorflow_import_failed,not_available_tensorflow_import_failed,,LDX1_D1_Wide_DSConv; PyTorch implementation; TensorFlow available=False
LDX1_D1_Wide_DSConv_E5_WEDA_TO_BITS_seed44_lr0.0005,E5_WEDA_TO_BITS,E5_WEDA_TO_BITS,LDX1_D1_Wide_DSConv,44,0.0005,29,0.8379629629629629,0.3807212710380554,0.6872586872586872,0.75,0.918918918918919,0.5714285714285714,0.5714285714285714,36,,,5699,22.26171875,5.5654296875,17,0,1,0,4,2,2,4,6,,0.913597841083097,high,not_available_tensorflow_import_failed,not_available_tensorflow_import_failed,,LDX1_D1_Wide_DSConv; PyTorch implementation; TensorFlow available=False
LDX1_D1_Wide_DSConv_E1_BITS_TO_BITS_seed45_lr0.001,E1_BITS_TO_BITS,E1_BITS_TO_BITS,LDX1_D1_Wide_DSConv,45,0.001,29,0.9147511312217195,0.3181042969226837,0.9267399267399267,0.9166666666666666,0.9230769230769231,1.0,0.8571428571428571,36,,,5699,22.26171875,5.5654296875,18,0,0,0,6,0,3,0,9,,0.913597841083097,high,not_available_tensorflow_import_failed,not_available_tensorflow_import_failed,,LDX1_D1_Wide_DSConv; PyTorch implementation; TensorFlow available=False
LDX1_D1_Wide_DSConv_E2_WEDA_TO_WEDA_seed45_lr0.001,E2_WEDA_TO_WEDA,E2_WEDA_TO_WEDA,LDX1_D1_Wide_DSConv,45,0.001,25,0.9581699346405229,0.21828188002109528,0.7432306255835668,0.76,0.8571428571428571,0.7058823529411765,0.6666666666666666,25,,,5699,22.26171875,5.5654296875,9,0,0,2,6,1,1,2,4,,0.913597841083097,high,not_available_tensorflow_import_failed,not_available_tensorflow_import_failed,,LDX1_D1_Wide_DSConv; PyTorch implementation; TensorFlow available=False
LDX1_D1_Wide_DSConv_E3_BITS_WEDA_MIXED_seed45_lr0.001,E3_BITS_WEDA_MIXED,E3_BITS_WEDA_MIXED,LDX1_D1_Wide_DSConv,45,0.001,12,0.8799875143961166,0.39094385504722595,0.8028762198253725,0.819672131147541,0.8813559322033898,0.8,0.7272727272727273,61,0.8967,-0.09382378017462756,5699,22.26171875,5.5654296875,26,0,1,2,12,1,4,3,12,,0.913597841083097,high,not_available_tensorflow_import_failed,not_available_tensorflow_import_failed,,LDX1_D1_Wide_DSConv; PyTorch implementation; TensorFlow available=False
LDX1_D1_Wide_DSConv_E3_BITS_WEDA_MIXED_seed45_lr0.001,E6_E3_MIXED_TEST_BITS,E3_BITS_WEDA_MIXED,LDX1_D1_Wide_DSConv,45,0.001,12,0.8799875143961166,0.39094385504722595,0.8051408051408052,0.8333333333333334,0.918918918918919,0.7692307692307693,0.7272727272727273,36,0.935,-0.12985919485919484,5699,22.26171875,5.5654296875,17,0,1,0,5,1,2,2,8,,0.913597841083097,high,not_available_tensorflow_import_failed,not_available_tensorflow_import_failed,,LDX1_D1_Wide_DSConv; PyTorch implementation; TensorFlow available=False
LDX1_D1_Wide_DSConv_E3_BITS_WEDA_MIXED_seed45_lr0.001,E7_E3_MIXED_TEST_WEDA,E3_BITS_WEDA_MIXED,LDX1_D1_Wide_DSConv,45,0.001,12,0.8799875143961166,0.39094385504722595,0.7896613190730838,0.8,0.8181818181818182,0.8235294117647058,0.7272727272727273,25,0.839,-0.04933868092691618,5699,22.26171875,5.5654296875,9,0,0,2,7,0,2,1,4,,0.913597841083097,high,not_available_tensorflow_import_failed,not_available_tensorflow_import_failed,,LDX1_D1_Wide_DSConv; PyTorch implementation; TensorFlow available=False
LDX1_D1_Wide_DSConv_E4_BITS_TO_WEDA_seed45_lr0.001,E4_BITS_TO_WEDA,E4_BITS_TO_WEDA,LDX1_D1_Wide_DSConv,45,0.001,29,0.9147511312217195,0.3181042969226837,0.45538140020898643,0.52,0.6206896551724138,0.2,0.5454545454545454,25,,,5699,22.26171875,5.5654296875,9,0,0,7,1,1,4,0,3,,0.913597841083097,high,not_available_tensorflow_import_failed,not_available_tensorflow_import_failed,,LDX1_D1_Wide_DSConv; PyTorch implementation; TensorFlow available=False
LDX1_D1_Wide_DSConv_E5_WEDA_TO_BITS_seed45_lr0.001,E5_WEDA_TO_BITS,E5_WEDA_TO_BITS,LDX1_D1_Wide_DSConv,45,0.001,25,0.9581699346405229,0.21828188002109528,0.6314699792960662,0.6944444444444444,0.8571428571428571,0.42857142857142855,0.6086956521739131,36,,,5699,22.26171875,5.5654296875,15,1,2,1,3,2,1,4,7,,0.913597841083097,high,not_available_tensorflow_import_failed,not_available_tensorflow_import_failed,,LDX1_D1_Wide_DSConv; PyTorch implementation; TensorFlow available=False
LDX1_D1_Wide_DSConv_E1_BITS_TO_BITS_seed45_lr0.0005,E1_BITS_TO_BITS,E1_BITS_TO_BITS,LDX1_D1_Wide_DSConv,45,0.0005,20,0.937057387057387,0.4073459208011627,0.8280701754385965,0.8611111111111112,0.9473684210526315,0.8,0.7368421052631579,36,,,5699,22.26171875,5.5654296875,18,0,0,0,6,0,2,3,7,,0.913597841083097,high,not_available_tensorflow_import_failed,not_available_tensorflow_import_failed,,LDX1_D1_Wide_DSConv; PyTorch implementation; TensorFlow available=False
LDX1_D1_Wide_DSConv_E2_WEDA_TO_WEDA_seed45_lr0.0005,E2_WEDA_TO_WEDA,E2_WEDA_TO_WEDA,LDX1_D1_Wide_DSConv,45,0.0005,50,0.9581699346405229,0.15689246356487274,0.7814814814814816,0.8,0.9,0.7777777777777778,0.6666666666666666,25,,,5699,22.26171875,5.5654296875,9,0,0,1,7,1,1,2,4,,0.913597841083097,high,not_available_tensorflow_import_failed,not_available_tensorflow_import_failed,,LDX1_D1_Wide_DSConv; PyTorch implementation; TensorFlow available=False
LDX1_D1_Wide_DSConv_E3_BITS_WEDA_MIXED_seed45_lr0.0005,E3_BITS_WEDA_MIXED,E3_BITS_WEDA_MIXED,LDX1_D1_Wide_DSConv,45,0.0005,33,0.8772175536881419,0.4301561713218689,0.7839520431171975,0.8032786885245902,0.8727272727272727,0.6896551724137931,0.7894736842105263,61,0.8967,-0.11274795688280259,5699,22.26171875,5.5654296875,24,1,2,3,10,2,1,3,15,,0.913597841083097,high,not_available_tensorflow_import_failed,not_available_tensorflow_import_failed,,LDX1_D1_Wide_DSConv; PyTorch implementation; TensorFlow available=False
LDX1_D1_Wide_DSConv_E3_BITS_WEDA_MIXED_seed45_lr0.0005,E6_E3_MIXED_TEST_BITS,E3_BITS_WEDA_MIXED,LDX1_D1_Wide_DSConv,45,0.0005,33,0.8772175536881419,0.4301561713218689,0.718114478114478,0.7777777777777778,0.8888888888888888,0.5454545454545454,0.72,36,0.935,-0.21688552188552201,5699,22.26171875,5.5654296875,16,0,2,1,3,2,1,2,9,,0.913597841083097,high,not_available_tensorflow_import_failed,not_available_tensorflow_import_failed,,LDX1_D1_Wide_DSConv; PyTorch implementation; TensorFlow available=False
LDX1_D1_Wide_DSConv_E3_BITS_WEDA_MIXED_seed45_lr0.0005,E7_E3_MIXED_TEST_WEDA,E3_BITS_WEDA_MIXED,LDX1_D1_Wide_DSConv,45,0.0005,33,0.8772175536881419,0.4301561713218689,0.8476533213375319,0.84,0.8421052631578947,0.7777777777777778,0.9230769230769231,25,0.839,0.008653321337531938,5699,22.26171875,5.5654296875,8,1,0,2,7,0,0,1,6,,0.913597841083097,high,not_available_tensorflow_import_failed,not_available_tensorflow_import_failed,,LDX1_D1_Wide_DSConv; PyTorch implementation; TensorFlow available=False
LDX1_D1_Wide_DSConv_E4_BITS_TO_WEDA_seed45_lr0.0005,E4_BITS_TO_WEDA,E4_BITS_TO_WEDA,LDX1_D1_Wide_DSConv,45,0.0005,20,0.937057387057387,0.4073459208011627,0.5031746031746032,0.56,0.6428571428571429,0.2,0.6666666666666666,25,,,5699,22.26171875,5.5654296875,9,0,0,7,1,1,3,0,4,,0.913597841083097,high,not_available_tensorflow_import_failed,not_available_tensorflow_import_failed,,LDX1_D1_Wide_DSConv; PyTorch implementation; TensorFlow available=False
LDX1_D1_Wide_DSConv_E5_WEDA_TO_BITS_seed45_lr0.0005,E5_WEDA_TO_BITS,E5_WEDA_TO_BITS,LDX1_D1_Wide_DSConv,45,0.0005,50,0.9581699346405229,0.15689246356487274,0.7808125851604113,0.8333333333333334,0.9444444444444444,0.6153846153846154,0.782608695652174,36,,,5699,22.26171875,5.5654296875,17,0,1,1,4,1,0,3,9,,0.913597841083097,high,not_available_tensorflow_import_failed,not_available_tensorflow_import_failed,,LDX1_D1_Wide_DSConv; PyTorch implementation; TensorFlow available=False
LDX1_D1_Wide_DSConv_E1_BITS_TO_BITS_seed46_lr0.001,E1_BITS_TO_BITS,E1_BITS_TO_BITS,LDX1_D1_Wide_DSConv,46,0.001,19,0.8927738927738927,0.32027503848075867,0.9123621949708905,0.9166666666666666,0.9444444444444444,0.9230769230769231,0.8695652173913043,36,,,5699,22.26171875,5.5654296875,17,0,1,0,6,0,1,1,10,,0.913597841083097,high,not_available_tensorflow_import_failed,not_available_tensorflow_import_failed,,LDX1_D1_Wide_DSConv; PyTorch implementation; TensorFlow available=False
LDX1_D1_Wide_DSConv_E2_WEDA_TO_WEDA_seed46_lr0.001,E2_WEDA_TO_WEDA,E2_WEDA_TO_WEDA,LDX1_D1_Wide_DSConv,46,0.001,29,0.9581699346405229,0.2332695722579956,0.7625199362041467,0.8,0.9,0.8421052631578947,0.5454545454545454,25,,,5699,22.26171875,5.5654296875,9,0,0,0,8,1,2,2,3,,0.913597841083097,high,not_available_tensorflow_import_failed,not_available_tensorflow_import_failed,,LDX1_D1_Wide_DSConv; PyTorch implementation; TensorFlow available=False
LDX1_D1_Wide_DSConv_E3_BITS_WEDA_MIXED_seed46_lr0.001,E3_BITS_WEDA_MIXED,E3_BITS_WEDA_MIXED,LDX1_D1_Wide_DSConv,46,0.001,18,0.8788964303670186,0.3708952069282532,0.8155388471177943,0.819672131147541,0.8571428571428571,0.7894736842105263,0.8,61,0.8967,-0.08116115288220571,5699,22.26171875,5.5654296875,21,4,2,0,15,0,1,4,14,,0.913597841083097,high,not_available_tensorflow_import_failed,not_available_tensorflow_import_failed,,LDX1_D1_Wide_DSConv; PyTorch implementation; TensorFlow available=False
LDX1_D1_Wide_DSConv_E3_BITS_WEDA_MIXED_seed46_lr0.001,E6_E3_MIXED_TEST_BITS,E3_BITS_WEDA_MIXED,LDX1_D1_Wide_DSConv,46,0.001,18,0.8788964303670186,0.3708952069282532,0.8513457556935817,0.8611111111111112,0.9142857142857143,0.8571428571428571,0.782608695652174,36,0.935,-0.08365424430641832,5699,22.26171875,5.5654296875,16,0,2,0,6,0,1,2,9,,0.913597841083097,high,not_available_tensorflow_import_failed,not_available_tensorflow_import_failed,,LDX1_D1_Wide_DSConv; PyTorch implementation; TensorFlow available=False
LDX1_D1_Wide_DSConv_E3_BITS_WEDA_MIXED_seed46_lr0.001,E7_E3_MIXED_TEST_WEDA,E3_BITS_WEDA_MIXED,LDX1_D1_Wide_DSConv,46,0.001,18,0.8788964303670186,0.3708952069282532,0.7658730158730159,0.76,0.7142857142857143,0.75,0.8333333333333334,25,0.839,-0.07312698412698404,5699,22.26171875,5.5654296875,5,4,0,0,9,0,0,2,5,,0.913597841083097,high,not_available_tensorflow_import_failed,not_available_tensorflow_import_failed,,LDX1_D1_Wide_DSConv; PyTorch implementation; TensorFlow available=False
LDX1_D1_Wide_DSConv_E4_BITS_TO_WEDA_seed46_lr0.001,E4_BITS_TO_WEDA,E4_BITS_TO_WEDA,LDX1_D1_Wide_DSConv,46,0.001,19,0.8927738927738927,0.32027503848075867,0.5650717703349282,0.6,0.7,0.36363636363636365,0.631578947368421,25,,,5699,22.26171875,5.5654296875,7,0,2,3,2,4,1,0,6,,0.913597841083097,high,not_available_tensorflow_import_failed,not_available_tensorflow_import_failed,,LDX1_D1_Wide_DSConv; PyTorch implementation; TensorFlow available=False
LDX1_D1_Wide_DSConv_E5_WEDA_TO_BITS_seed46_lr0.001,E5_WEDA_TO_BITS,E5_WEDA_TO_BITS,LDX1_D1_Wide_DSConv,46,0.001,29,0.9581699346405229,0.2332695722579956,0.7333085593955159,0.7777777777777778,0.8888888888888888,0.6153846153846154,0.6956521739130435,36,,,5699,22.26171875,5.5654296875,16,0,2,1,4,1,1,3,8,,0.913597841083097,high,not_available_tensorflow_import_failed,not_available_tensorflow_import_failed,,LDX1_D1_Wide_DSConv; PyTorch implementation; TensorFlow available=False
LDX1_D1_Wide_DSConv_E1_BITS_TO_BITS_seed46_lr0.0005,E1_BITS_TO_BITS,E1_BITS_TO_BITS,LDX1_D1_Wide_DSConv,46,0.0005,29,0.9147511312217195,0.3260679543018341,0.8867258867258868,0.8888888888888888,0.918918918918919,0.9230769230769231,0.8181818181818182,36,,,5699,22.26171875,5.5654296875,17,0,1,0,6,0,2,1,9,,0.913597841083097,high,not_available_tensorflow_import_failed,not_available_tensorflow_import_failed,,LDX1_D1_Wide_DSConv; PyTorch implementation; TensorFlow available=False
LDX1_D1_Wide_DSConv_E2_WEDA_TO_WEDA_seed46_lr0.0005,E2_WEDA_TO_WEDA,E2_WEDA_TO_WEDA,LDX1_D1_Wide_DSConv,46,0.0005,54,0.9191176470588235,0.266832172870636,0.6997493734335839,0.76,0.8571428571428571,0.8421052631578947,0.4,25,,,5699,22.26171875,5.5654296875,9,0,0,0,8,1,3,2,2,,0.913597841083097,high,not_available_tensorflow_import_failed,not_available_tensorflow_import_failed,,LDX1_D1_Wide_DSConv; PyTorch implementation; TensorFlow available=False
LDX1_D1_Wide_DSConv_E3_BITS_WEDA_MIXED_seed46_lr0.0005,E3_BITS_WEDA_MIXED,E3_BITS_WEDA_MIXED,LDX1_D1_Wide_DSConv,46,0.0005,34,0.8881874701099952,0.37062790989875793,0.831001031991744,0.8360655737704918,0.88,0.7894736842105263,0.8235294117647058,61,0.8967,-0.06569896800825603,5699,22.26171875,5.5654296875,22,4,1,0,15,0,1,4,14,,0.913597841083097,high,not_available_tensorflow_import_failed,not_available_tensorflow_import_failed,,LDX1_D1_Wide_DSConv; PyTorch implementation; TensorFlow available=False
LDX1_D1_Wide_DSConv_E3_BITS_WEDA_MIXED_seed46_lr0.0005,E6_E3_MIXED_TEST_BITS,E3_BITS_WEDA_MIXED,LDX1_D1_Wide_DSConv,46,0.0005,34,0.8881874701099952,0.37062790989875793,0.8732563732563733,0.8888888888888888,0.9444444444444444,0.8571428571428571,0.8181818181818182,36,0.935,-0.06174362674362677,5699,22.26171875,5.5654296875,17,0,1,0,6,0,1,2,9,,0.913597841083097,high,not_available_tensorflow_import_failed,not_available_tensorflow_import_failed,,LDX1_D1_Wide_DSConv; PyTorch implementation; TensorFlow available=False
LDX1_D1_Wide_DSConv_E3_BITS_WEDA_MIXED_seed46_lr0.0005,E7_E3_MIXED_TEST_WEDA,E3_BITS_WEDA_MIXED,LDX1_D1_Wide_DSConv,46,0.0005,34,0.8881874701099952,0.37062790989875793,0.7658730158730159,0.76,0.7142857142857143,0.75,0.8333333333333334,25,0.839,-0.07312698412698404,5699,22.26171875,5.5654296875,5,4,0,0,9,0,0,2,5,,0.913597841083097,high,not_available_tensorflow_import_failed,not_available_tensorflow_import_failed,,LDX1_D1_Wide_DSConv; PyTorch implementation; TensorFlow available=False
LDX1_D1_Wide_DSConv_E4_BITS_TO_WEDA_seed46_lr0.0005,E4_BITS_TO_WEDA,E4_BITS_TO_WEDA,LDX1_D1_Wide_DSConv,46,0.0005,29,0.9147511312217195,0.3260679543018341,0.5288888888888889,0.6,0.72,0.2,0.6666666666666666,25,,,5699,22.26171875,5.5654296875,9,0,0,5,1,3,2,0,5,,0.913597841083097,high,not_available_tensorflow_import_failed,not_available_tensorflow_import_failed,,LDX1_D1_Wide_DSConv; PyTorch implementation; TensorFlow available=False
LDX1_D1_Wide_DSConv_E5_WEDA_TO_BITS_seed46_lr0.0005,E5_WEDA_TO_BITS,E5_WEDA_TO_BITS,LDX1_D1_Wide_DSConv,46,0.0005,54,0.9191176470588235,0.266832172870636,0.7538587538587539,0.8055555555555556,0.918918918918919,0.6153846153846154,0.7272727272727273,36,,,5699,22.26171875,5.5654296875,17,0,1,1,4,1,1,3,8,,0.913597841083097,high,not_available_tensorflow_import_failed,not_available_tensorflow_import_failed,,LDX1_D1_Wide_DSConv; PyTorch implementation; TensorFlow available=False
