pipeline,experiment_id,train_protocol,source,E2E_Direction_Macro_F1,coverage,correct_rate,forward_f1,backward_f1,lateral_f1,direction_n_supervised,fall_branch
A5_Direction_Only_E1_BITS_TO_BITS_seed42_lr0.001,E1_BITS_TO_BITS,E1_BITS_TO_BITS,fixed_GB_FallNoTiming_Full_132,0.5633173843700159,0.8055555555555556,0.5833333333333334,0.8,0.36363636363636365,0.5263157894736842,36,GradientBoosting_FallNoTiming_Full_132
A5_Direction_Only_E2_WEDA_TO_WEDA_seed42_lr0.001,E2_WEDA_TO_WEDA,E2_WEDA_TO_WEDA,fixed_GB_FallNoTiming_Full_132,0.6751322751322751,0.88,0.64,0.5333333333333333,0.7777777777777778,0.7142857142857143,25,GradientBoosting_FallNoTiming_Full_132
A5_Direction_Only_E3_BITS_WEDA_MIXED_seed42_lr0.001,E3_BITS_WEDA_MIXED,E3_BITS_WEDA_MIXED,fixed_GB_FallNoTiming_Full_132,0.822826296510507,0.8524590163934426,0.7704918032786885,0.8571428571428571,0.7692307692307693,0.8421052631578947,61,GradientBoosting_FallNoTiming_Full_132
A5_Direction_Only_E3_BITS_WEDA_MIXED_seed42_lr0.001,E6_E3_MIXED_TEST_BITS,E3_BITS_WEDA_MIXED,fixed_GB_FallNoTiming_Full_132,0.7708333333333334,0.8055555555555556,0.7222222222222222,0.8125,0.6666666666666666,0.8333333333333334,36,GradientBoosting_FallNoTiming_Full_132
A5_Direction_Only_E3_BITS_WEDA_MIXED_seed42_lr0.001,E7_E3_MIXED_TEST_WEDA,E3_BITS_WEDA_MIXED,fixed_GB_FallNoTiming_Full_132,0.8739495798319328,0.92,0.84,0.9411764705882353,0.8235294117647058,0.8571428571428571,25,GradientBoosting_FallNoTiming_Full_132
A5_Direction_Only_E4_BITS_TO_WEDA_seed42_lr0.001,E4_BITS_TO_WEDA,E4_BITS_TO_WEDA,fixed_GB_FallNoTiming_Full_132,0.34405458089668617,0.96,0.36,0.42105263157894735,0.16666666666666666,0.4444444444444444,25,GradientBoosting_FallNoTiming_Full_132
A5_Direction_Only_E5_WEDA_TO_BITS_seed42_lr0.001,E5_WEDA_TO_BITS,E5_WEDA_TO_BITS,fixed_GB_FallNoTiming_Full_132,0.4800950683303625,0.6944444444444444,0.5,0.7878787878787878,0.18181818181818182,0.47058823529411764,36,GradientBoosting_FallNoTiming_Full_132
A5_Direction_Only_E1_BITS_TO_BITS_seed42_lr0.0005,E1_BITS_TO_BITS,E1_BITS_TO_BITS,fixed_GB_FallNoTiming_Full_132,0.6000000000000001,0.8055555555555556,0.6111111111111112,0.8,0.4,0.6,36,GradientBoosting_FallNoTiming_Full_132
A5_Direction_Only_E2_WEDA_TO_WEDA_seed42_lr0.0005,E2_WEDA_TO_WEDA,E2_WEDA_TO_WEDA,fixed_GB_FallNoTiming_Full_132,0.5494505494505494,0.88,0.52,0.5714285714285714,0.46153846153846156,0.6153846153846154,25,GradientBoosting_FallNoTiming_Full_132
A5_Direction_Only_E3_BITS_WEDA_MIXED_seed42_lr0.0005,E3_BITS_WEDA_MIXED,E3_BITS_WEDA_MIXED,fixed_GB_FallNoTiming_Full_132,0.7024142990529545,0.8524590163934426,0.6557377049180327,0.7346938775510204,0.6666666666666666,0.7058823529411765,61,GradientBoosting_FallNoTiming_Full_132
A5_Direction_Only_E3_BITS_WEDA_MIXED_seed42_lr0.0005,E6_E3_MIXED_TEST_BITS,E3_BITS_WEDA_MIXED,fixed_GB_FallNoTiming_Full_132,0.7555555555555555,0.8055555555555556,0.7222222222222222,0.8484848484848485,0.6,0.8181818181818182,36,GradientBoosting_FallNoTiming_Full_132
A5_Direction_Only_E3_BITS_WEDA_MIXED_seed42_lr0.0005,E7_E3_MIXED_TEST_WEDA,E3_BITS_WEDA_MIXED,fixed_GB_FallNoTiming_Full_132,0.5666666666666667,0.92,0.56,0.5,0.7,0.5,25,GradientBoosting_FallNoTiming_Full_132
A5_Direction_Only_E4_BITS_TO_WEDA_seed42_lr0.0005,E4_BITS_TO_WEDA,E4_BITS_TO_WEDA,fixed_GB_FallNoTiming_Full_132,0.37445221445221444,0.96,0.4,0.48,0.18181818181818182,0.46153846153846156,25,GradientBoosting_FallNoTiming_Full_132
A5_Direction_Only_E5_WEDA_TO_BITS_seed42_lr0.0005,E5_WEDA_TO_BITS,E5_WEDA_TO_BITS,fixed_GB_FallNoTiming_Full_132,0.4330963154492566,0.6944444444444444,0.4444444444444444,0.7058823529411765,0.3076923076923077,0.2857142857142857,36,GradientBoosting_FallNoTiming_Full_132
A5_Direction_Only_E1_BITS_TO_BITS_seed43_lr0.001,E1_BITS_TO_BITS,E1_BITS_TO_BITS,fixed_GB_FallNoTiming_Full_132,0.6580246913580247,0.8055555555555556,0.6388888888888888,0.7333333333333333,0.5,0.7407407407407407,36,GradientBoosting_FallNoTiming_Full_132
A5_Direction_Only_E2_WEDA_TO_WEDA_seed43_lr0.001,E2_WEDA_TO_WEDA,E2_WEDA_TO_WEDA,fixed_GB_FallNoTiming_Full_132,0.6741854636591479,0.88,0.64,0.5714285714285714,0.7368421052631579,0.7142857142857143,25,GradientBoosting_FallNoTiming_Full_132
A5_Direction_Only_E3_BITS_WEDA_MIXED_seed43_lr0.001,E3_BITS_WEDA_MIXED,E3_BITS_WEDA_MIXED,fixed_GB_FallNoTiming_Full_132,0.6590303716279947,0.8524590163934426,0.639344262295082,0.7719298245614035,0.56,0.6451612903225806,61,GradientBoosting_FallNoTiming_Full_132
A5_Direction_Only_E3_BITS_WEDA_MIXED_seed43_lr0.001,E6_E3_MIXED_TEST_BITS,E3_BITS_WEDA_MIXED,fixed_GB_FallNoTiming_Full_132,0.7555555555555555,0.8055555555555556,0.7222222222222222,0.8484848484848485,0.6,0.8181818181818182,36,GradientBoosting_FallNoTiming_Full_132
A5_Direction_Only_E3_BITS_WEDA_MIXED_seed43_lr0.001,E7_E3_MIXED_TEST_WEDA,E3_BITS_WEDA_MIXED,fixed_GB_FallNoTiming_Full_132,0.47407407407407404,0.92,0.52,0.6666666666666666,0.5333333333333333,0.2222222222222222,25,GradientBoosting_FallNoTiming_Full_132
A5_Direction_Only_E4_BITS_TO_WEDA_seed43_lr0.001,E4_BITS_TO_WEDA,E4_BITS_TO_WEDA,fixed_GB_FallNoTiming_Full_132,0.15053763440860216,0.96,0.28,0.0,0.0,0.45161290322580644,25,GradientBoosting_FallNoTiming_Full_132
A5_Direction_Only_E5_WEDA_TO_BITS_seed43_lr0.001,E5_WEDA_TO_BITS,E5_WEDA_TO_BITS,fixed_GB_FallNoTiming_Full_132,0.5187257187257187,0.6944444444444444,0.5277777777777778,0.8484848484848485,0.3076923076923077,0.4,36,GradientBoosting_FallNoTiming_Full_132
A5_Direction_Only_E1_BITS_TO_BITS_seed43_lr0.0005,E1_BITS_TO_BITS,E1_BITS_TO_BITS,fixed_GB_FallNoTiming_Full_132,0.7506393861892583,0.8055555555555556,0.75,0.8823529411764706,0.5,0.8695652173913043,36,GradientBoosting_FallNoTiming_Full_132
A5_Direction_Only_E2_WEDA_TO_WEDA_seed43_lr0.0005,E2_WEDA_TO_WEDA,E2_WEDA_TO_WEDA,fixed_GB_FallNoTiming_Full_132,0.514119523407449,0.88,0.48,0.5263157894736842,0.47058823529411764,0.5454545454545454,25,GradientBoosting_FallNoTiming_Full_132
A5_Direction_Only_E3_BITS_WEDA_MIXED_seed43_lr0.0005,E3_BITS_WEDA_MIXED,E3_BITS_WEDA_MIXED,fixed_GB_FallNoTiming_Full_132,0.7565722817682504,0.8524590163934426,0.7049180327868853,0.7659574468085106,0.7142857142857143,0.7894736842105263,61,GradientBoosting_FallNoTiming_Full_132
A5_Direction_Only_E3_BITS_WEDA_MIXED_seed43_lr0.0005,E6_E3_MIXED_TEST_BITS,E3_BITS_WEDA_MIXED,fixed_GB_FallNoTiming_Full_132,0.7317028985507247,0.8055555555555556,0.6944444444444444,0.8125,0.6,0.782608695652174,36,GradientBoosting_FallNoTiming_Full_132
A5_Direction_Only_E3_BITS_WEDA_MIXED_seed43_lr0.0005,E7_E3_MIXED_TEST_WEDA,E3_BITS_WEDA_MIXED,fixed_GB_FallNoTiming_Full_132,0.7481481481481481,0.92,0.72,0.6666666666666666,0.7777777777777778,0.8,25,GradientBoosting_FallNoTiming_Full_132
A5_Direction_Only_E4_BITS_TO_WEDA_seed43_lr0.0005,E4_BITS_TO_WEDA,E4_BITS_TO_WEDA,fixed_GB_FallNoTiming_Full_132,0.19999999999999998,0.96,0.24,0.26666666666666666,0.0,0.3333333333333333,25,GradientBoosting_FallNoTiming_Full_132
A5_Direction_Only_E5_WEDA_TO_BITS_seed43_lr0.0005,E5_WEDA_TO_BITS,E5_WEDA_TO_BITS,fixed_GB_FallNoTiming_Full_132,0.4440359477124183,0.6944444444444444,0.4722222222222222,0.8125,0.16666666666666666,0.35294117647058826,36,GradientBoosting_FallNoTiming_Full_132
A5_Direction_Only_E1_BITS_TO_BITS_seed44_lr0.001,E1_BITS_TO_BITS,E1_BITS_TO_BITS,fixed_GB_FallNoTiming_Full_132,0.6671335200746965,0.8055555555555556,0.7222222222222222,0.8823529411764706,0.2857142857142857,0.8333333333333334,36,GradientBoosting_FallNoTiming_Full_132
A5_Direction_Only_E2_WEDA_TO_WEDA_seed44_lr0.001,E2_WEDA_TO_WEDA,E2_WEDA_TO_WEDA,fixed_GB_FallNoTiming_Full_132,0.7189542483660131,0.88,0.68,0.6666666666666666,0.8235294117647058,0.6666666666666666,25,GradientBoosting_FallNoTiming_Full_132
A5_Direction_Only_E3_BITS_WEDA_MIXED_seed44_lr0.001,E3_BITS_WEDA_MIXED,E3_BITS_WEDA_MIXED,fixed_GB_FallNoTiming_Full_132,0.5750582750582751,0.8524590163934426,0.5737704918032787,0.7636363636363637,0.46153846153846156,0.5,61,GradientBoosting_FallNoTiming_Full_132
A5_Direction_Only_E3_BITS_WEDA_MIXED_seed44_lr0.001,E6_E3_MIXED_TEST_BITS,E3_BITS_WEDA_MIXED,fixed_GB_FallNoTiming_Full_132,0.6828282828282829,0.8055555555555556,0.6666666666666666,0.8484848484848485,0.5,0.7,36,GradientBoosting_FallNoTiming_Full_132
A5_Direction_Only_E3_BITS_WEDA_MIXED_seed44_lr0.001,E7_E3_MIXED_TEST_WEDA,E3_BITS_WEDA_MIXED,fixed_GB_FallNoTiming_Full_132,0.41053391053391053,0.92,0.44,0.6363636363636364,0.42857142857142855,0.16666666666666666,25,GradientBoosting_FallNoTiming_Full_132
A5_Direction_Only_E4_BITS_TO_WEDA_seed44_lr0.001,E4_BITS_TO_WEDA,E4_BITS_TO_WEDA,fixed_GB_FallNoTiming_Full_132,0.28213166144200624,0.96,0.36,0.36363636363636365,0.0,0.4827586206896552,25,GradientBoosting_FallNoTiming_Full_132
A5_Direction_Only_E5_WEDA_TO_BITS_seed44_lr0.001,E5_WEDA_TO_BITS,E5_WEDA_TO_BITS,fixed_GB_FallNoTiming_Full_132,0.5028508771929824,0.6944444444444444,0.4722222222222222,0.6875,0.4,0.42105263157894735,36,GradientBoosting_FallNoTiming_Full_132
A5_Direction_Only_E1_BITS_TO_BITS_seed44_lr0.0005,E1_BITS_TO_BITS,E1_BITS_TO_BITS,fixed_GB_FallNoTiming_Full_132,0.6671335200746965,0.8055555555555556,0.7222222222222222,0.8823529411764706,0.2857142857142857,0.8333333333333334,36,GradientBoosting_FallNoTiming_Full_132
A5_Direction_Only_E2_WEDA_TO_WEDA_seed44_lr0.0005,E2_WEDA_TO_WEDA,E2_WEDA_TO_WEDA,fixed_GB_FallNoTiming_Full_132,0.6833333333333332,0.88,0.64,0.5,0.75,0.8,25,GradientBoosting_FallNoTiming_Full_132
A5_Direction_Only_E3_BITS_WEDA_MIXED_seed44_lr0.0005,E3_BITS_WEDA_MIXED,E3_BITS_WEDA_MIXED,fixed_GB_FallNoTiming_Full_132,0.6792592592592593,0.8524590163934426,0.639344262295082,0.76,0.6666666666666666,0.6111111111111112,61,GradientBoosting_FallNoTiming_Full_132
A5_Direction_Only_E3_BITS_WEDA_MIXED_seed44_lr0.0005,E6_E3_MIXED_TEST_BITS,E3_BITS_WEDA_MIXED,fixed_GB_FallNoTiming_Full_132,0.6426584687454252,0.8055555555555556,0.6388888888888888,0.7878787878787878,0.4444444444444444,0.6956521739130435,36,GradientBoosting_FallNoTiming_Full_132
A5_Direction_Only_E3_BITS_WEDA_MIXED_seed44_lr0.0005,E7_E3_MIXED_TEST_WEDA,E3_BITS_WEDA_MIXED,fixed_GB_FallNoTiming_Full_132,0.648399530752472,0.92,0.64,0.7058823529411765,0.7777777777777778,0.46153846153846156,25,GradientBoosting_FallNoTiming_Full_132
A5_Direction_Only_E4_BITS_TO_WEDA_seed44_lr0.0005,E4_BITS_TO_WEDA,E4_BITS_TO_WEDA,fixed_GB_FallNoTiming_Full_132,0.367003367003367,0.96,0.44,0.5555555555555556,0.0,0.5454545454545454,25,GradientBoosting_FallNoTiming_Full_132
A5_Direction_Only_E5_WEDA_TO_BITS_seed44_lr0.0005,E5_WEDA_TO_BITS,E5_WEDA_TO_BITS,fixed_GB_FallNoTiming_Full_132,0.495906432748538,0.6944444444444444,0.4722222222222222,0.7333333333333333,0.3333333333333333,0.42105263157894735,36,GradientBoosting_FallNoTiming_Full_132
A5_Direction_Only_E1_BITS_TO_BITS_seed45_lr0.001,E1_BITS_TO_BITS,E1_BITS_TO_BITS,fixed_GB_FallNoTiming_Full_132,0.7041666666666666,0.8055555555555556,0.6944444444444444,0.8125,0.5,0.8,36,GradientBoosting_FallNoTiming_Full_132
A5_Direction_Only_E2_WEDA_TO_WEDA_seed45_lr0.001,E2_WEDA_TO_WEDA,E2_WEDA_TO_WEDA,fixed_GB_FallNoTiming_Full_132,0.7674242424242425,0.88,0.72,0.7,0.875,0.7272727272727273,25,GradientBoosting_FallNoTiming_Full_132
A5_Direction_Only_E3_BITS_WEDA_MIXED_seed45_lr0.001,E3_BITS_WEDA_MIXED,E3_BITS_WEDA_MIXED,fixed_GB_FallNoTiming_Full_132,0.6610644257703081,0.8524590163934426,0.639344262295082,0.8235294117647058,0.5882352941176471,0.5714285714285714,61,GradientBoosting_FallNoTiming_Full_132
A5_Direction_Only_E3_BITS_WEDA_MIXED_seed45_lr0.001,E6_E3_MIXED_TEST_BITS,E3_BITS_WEDA_MIXED,fixed_GB_FallNoTiming_Full_132,0.651702786377709,0.8055555555555556,0.6388888888888888,0.8235294117647058,0.5,0.631578947368421,36,GradientBoosting_FallNoTiming_Full_132
A5_Direction_Only_E3_BITS_WEDA_MIXED_seed45_lr0.001,E7_E3_MIXED_TEST_WEDA,E3_BITS_WEDA_MIXED,fixed_GB_FallNoTiming_Full_132,0.634779164190929,0.92,0.64,0.8235294117647058,0.6363636363636364,0.4444444444444444,25,GradientBoosting_FallNoTiming_Full_132
A5_Direction_Only_E4_BITS_TO_WEDA_seed45_lr0.001,E4_BITS_TO_WEDA,E4_BITS_TO_WEDA,fixed_GB_FallNoTiming_Full_132,0.4343434343434343,0.96,0.52,0.6666666666666666,0.0,0.6363636363636364,25,GradientBoosting_FallNoTiming_Full_132
A5_Direction_Only_E5_WEDA_TO_BITS_seed45_lr0.001,E5_WEDA_TO_BITS,E5_WEDA_TO_BITS,fixed_GB_FallNoTiming_Full_132,0.5608974358974359,0.6944444444444444,0.5555555555555556,0.875,0.3076923076923077,0.5,36,GradientBoosting_FallNoTiming_Full_132
A5_Direction_Only_E1_BITS_TO_BITS_seed45_lr0.0005,E1_BITS_TO_BITS,E1_BITS_TO_BITS,fixed_GB_FallNoTiming_Full_132,0.6689814814814815,0.8055555555555556,0.6666666666666666,0.8125,0.4444444444444444,0.75,36,GradientBoosting_FallNoTiming_Full_132
A5_Direction_Only_E2_WEDA_TO_WEDA_seed45_lr0.0005,E2_WEDA_TO_WEDA,E2_WEDA_TO_WEDA,fixed_GB_FallNoTiming_Full_132,0.809368191721133,0.88,0.76,0.7058823529411765,0.8888888888888888,0.8333333333333334,25,GradientBoosting_FallNoTiming_Full_132
A5_Direction_Only_E3_BITS_WEDA_MIXED_seed45_lr0.0005,E3_BITS_WEDA_MIXED,E3_BITS_WEDA_MIXED,fixed_GB_FallNoTiming_Full_132,0.6795943204868155,0.8524590163934426,0.6557377049180327,0.84,0.6470588235294118,0.5517241379310345,61,GradientBoosting_FallNoTiming_Full_132
A5_Direction_Only_E3_BITS_WEDA_MIXED_seed45_lr0.0005,E6_E3_MIXED_TEST_BITS,E3_BITS_WEDA_MIXED,fixed_GB_FallNoTiming_Full_132,0.6135411429529076,0.8055555555555556,0.6111111111111112,0.8235294117647058,0.46153846153846156,0.5555555555555556,36,GradientBoosting_FallNoTiming_Full_132
A5_Direction_Only_E3_BITS_WEDA_MIXED_seed45_lr0.0005,E7_E3_MIXED_TEST_WEDA,E3_BITS_WEDA_MIXED,fixed_GB_FallNoTiming_Full_132,0.7274531024531025,0.92,0.72,0.875,0.7619047619047619,0.5454545454545454,25,GradientBoosting_FallNoTiming_Full_132
A5_Direction_Only_E4_BITS_TO_WEDA_seed45_lr0.0005,E4_BITS_TO_WEDA,E4_BITS_TO_WEDA,fixed_GB_FallNoTiming_Full_132,0.34035087719298246,0.96,0.4,0.6,0.0,0.42105263157894735,25,GradientBoosting_FallNoTiming_Full_132
A5_Direction_Only_E5_WEDA_TO_BITS_seed45_lr0.0005,E5_WEDA_TO_BITS,E5_WEDA_TO_BITS,fixed_GB_FallNoTiming_Full_132,0.4983974358974359,0.6944444444444444,0.5,0.8125,0.3076923076923077,0.375,36,GradientBoosting_FallNoTiming_Full_132
A5_Direction_Only_E1_BITS_TO_BITS_seed46_lr0.001,E1_BITS_TO_BITS,E1_BITS_TO_BITS,fixed_GB_FallNoTiming_Full_132,0.6918459961938223,0.8055555555555556,0.6944444444444444,0.8484848484848485,0.4444444444444444,0.782608695652174,36,GradientBoosting_FallNoTiming_Full_132
A5_Direction_Only_E2_WEDA_TO_WEDA_seed46_lr0.001,E2_WEDA_TO_WEDA,E2_WEDA_TO_WEDA,fixed_GB_FallNoTiming_Full_132,0.7149321266968326,0.88,0.68,0.7058823529411765,0.8235294117647058,0.6153846153846154,25,GradientBoosting_FallNoTiming_Full_132
A5_Direction_Only_E3_BITS_WEDA_MIXED_seed46_lr0.001,E3_BITS_WEDA_MIXED,E3_BITS_WEDA_MIXED,fixed_GB_FallNoTiming_Full_132,0.6870080862533693,0.8524590163934426,0.6557377049180327,0.7924528301886793,0.64,0.6285714285714286,61,GradientBoosting_FallNoTiming_Full_132
A5_Direction_Only_E3_BITS_WEDA_MIXED_seed46_lr0.001,E6_E3_MIXED_TEST_BITS,E3_BITS_WEDA_MIXED,fixed_GB_FallNoTiming_Full_132,0.6523809523809524,0.8055555555555556,0.6666666666666666,0.8571428571428571,0.4,0.7,36,GradientBoosting_FallNoTiming_Full_132
A5_Direction_Only_E3_BITS_WEDA_MIXED_seed46_lr0.001,E7_E3_MIXED_TEST_WEDA,E3_BITS_WEDA_MIXED,fixed_GB_FallNoTiming_Full_132,0.6666666666666666,0.92,0.64,0.6666666666666666,0.8,0.5333333333333333,25,GradientBoosting_FallNoTiming_Full_132
A5_Direction_Only_E4_BITS_TO_WEDA_seed46_lr0.001,E4_BITS_TO_WEDA,E4_BITS_TO_WEDA,fixed_GB_FallNoTiming_Full_132,0.3057387057387057,0.96,0.32,0.3076923076923077,0.47619047619047616,0.13333333333333333,25,GradientBoosting_FallNoTiming_Full_132
A5_Direction_Only_E5_WEDA_TO_BITS_seed46_lr0.001,E5_WEDA_TO_BITS,E5_WEDA_TO_BITS,fixed_GB_FallNoTiming_Full_132,0.3769063180827887,0.6944444444444444,0.4722222222222222,0.7777777777777778,0.0,0.35294117647058826,36,GradientBoosting_FallNoTiming_Full_132
A5_Direction_Only_E1_BITS_TO_BITS_seed46_lr0.0005,E1_BITS_TO_BITS,E1_BITS_TO_BITS,fixed_GB_FallNoTiming_Full_132,0.6101135190918473,0.8055555555555556,0.6388888888888888,0.8421052631578947,0.4,0.5882352941176471,36,GradientBoosting_FallNoTiming_Full_132
A5_Direction_Only_E2_WEDA_TO_WEDA_seed46_lr0.0005,E2_WEDA_TO_WEDA,E2_WEDA_TO_WEDA,fixed_GB_FallNoTiming_Full_132,0.5067873303167421,0.88,0.48,0.47058823529411764,0.46153846153846156,0.5882352941176471,25,GradientBoosting_FallNoTiming_Full_132
A5_Direction_Only_E3_BITS_WEDA_MIXED_seed46_lr0.0005,E3_BITS_WEDA_MIXED,E3_BITS_WEDA_MIXED,fixed_GB_FallNoTiming_Full_132,0.6935626102292769,0.8524590163934426,0.6721311475409836,0.8214285714285714,0.6666666666666666,0.5925925925925926,61,GradientBoosting_FallNoTiming_Full_132
A5_Direction_Only_E3_BITS_WEDA_MIXED_seed46_lr0.0005,E6_E3_MIXED_TEST_BITS,E3_BITS_WEDA_MIXED,fixed_GB_FallNoTiming_Full_132,0.6036036036036037,0.8055555555555556,0.6111111111111112,0.8108108108108109,0.5,0.5,36,GradientBoosting_FallNoTiming_Full_132
A5_Direction_Only_E3_BITS_WEDA_MIXED_seed46_lr0.0005,E7_E3_MIXED_TEST_WEDA,E3_BITS_WEDA_MIXED,fixed_GB_FallNoTiming_Full_132,0.7823852560694666,0.92,0.76,0.8421052631578947,0.7777777777777778,0.7272727272727273,25,GradientBoosting_FallNoTiming_Full_132
A5_Direction_Only_E4_BITS_TO_WEDA_seed46_lr0.0005,E4_BITS_TO_WEDA,E4_BITS_TO_WEDA,fixed_GB_FallNoTiming_Full_132,0.2792022792022792,0.96,0.36,0.6153846153846154,0.0,0.2222222222222222,25,GradientBoosting_FallNoTiming_Full_132
A5_Direction_Only_E5_WEDA_TO_BITS_seed46_lr0.0005,E5_WEDA_TO_BITS,E5_WEDA_TO_BITS,fixed_GB_FallNoTiming_Full_132,0.4583333333333333,0.6944444444444444,0.5,0.8,0.2,0.375,36,GradientBoosting_FallNoTiming_Full_132
LDX1_D1_Wide_DSConv_E1_BITS_TO_BITS_seed42_lr0.001,E1_BITS_TO_BITS,E1_BITS_TO_BITS,fixed_GB_FallNoTiming_Full_132,0.5333333333333333,0.8055555555555556,0.5833333333333334,0.8,0.2,0.6,36,GradientBoosting_FallNoTiming_Full_132
LDX1_D1_Wide_DSConv_E2_WEDA_TO_WEDA_seed42_lr0.001,E2_WEDA_TO_WEDA,E2_WEDA_TO_WEDA,fixed_GB_FallNoTiming_Full_132,0.8959276018099548,0.88,0.84,0.8235294117647058,0.9411764705882353,0.9230769230769231,25,GradientBoosting_FallNoTiming_Full_132
LDX1_D1_Wide_DSConv_E3_BITS_WEDA_MIXED_seed42_lr0.001,E3_BITS_WEDA_MIXED,E3_BITS_WEDA_MIXED,fixed_GB_FallNoTiming_Full_132,0.7883005385804939,0.8524590163934426,0.7377049180327869,0.8085106382978723,0.7142857142857143,0.8421052631578947,61,GradientBoosting_FallNoTiming_Full_132
LDX1_D1_Wide_DSConv_E3_BITS_WEDA_MIXED_seed42_lr0.001,E6_E3_MIXED_TEST_BITS,E3_BITS_WEDA_MIXED,fixed_GB_FallNoTiming_Full_132,0.7317028985507247,0.8055555555555556,0.6944444444444444,0.8125,0.6,0.782608695652174,36,GradientBoosting_FallNoTiming_Full_132
LDX1_D1_Wide_DSConv_E3_BITS_WEDA_MIXED_seed42_lr0.001,E7_E3_MIXED_TEST_WEDA,E3_BITS_WEDA_MIXED,fixed_GB_FallNoTiming_Full_132,0.837037037037037,0.92,0.8,0.8,0.7777777777777778,0.9333333333333333,25,GradientBoosting_FallNoTiming_Full_132
LDX1_D1_Wide_DSConv_E4_BITS_TO_WEDA_seed42_lr0.001,E4_BITS_TO_WEDA,E4_BITS_TO_WEDA,fixed_GB_FallNoTiming_Full_132,0.2748917748917749,0.96,0.4,0.6428571428571429,0.0,0.18181818181818182,25,GradientBoosting_FallNoTiming_Full_132
LDX1_D1_Wide_DSConv_E5_WEDA_TO_BITS_seed42_lr0.001,E5_WEDA_TO_BITS,E5_WEDA_TO_BITS,fixed_GB_FallNoTiming_Full_132,0.5346801346801348,0.6944444444444444,0.5555555555555556,0.8484848484848485,0.2,0.5555555555555556,36,GradientBoosting_FallNoTiming_Full_132
LDX1_D1_Wide_DSConv_E1_BITS_TO_BITS_seed42_lr0.0005,E1_BITS_TO_BITS,E1_BITS_TO_BITS,fixed_GB_FallNoTiming_Full_132,0.6585858585858586,0.8055555555555556,0.6666666666666666,0.8484848484848485,0.4,0.7272727272727273,36,GradientBoosting_FallNoTiming_Full_132
LDX1_D1_Wide_DSConv_E2_WEDA_TO_WEDA_seed42_lr0.0005,E2_WEDA_TO_WEDA,E2_WEDA_TO_WEDA,fixed_GB_FallNoTiming_Full_132,0.5216374269005848,0.88,0.48,0.3333333333333333,0.631578947368421,0.6,25,GradientBoosting_FallNoTiming_Full_132
LDX1_D1_Wide_DSConv_E3_BITS_WEDA_MIXED_seed42_lr0.0005,E3_BITS_WEDA_MIXED,E3_BITS_WEDA_MIXED,fixed_GB_FallNoTiming_Full_132,0.7418524332810047,0.8524590163934426,0.7049180327868853,0.8163265306122449,0.64,0.7692307692307693,61,GradientBoosting_FallNoTiming_Full_132
LDX1_D1_Wide_DSConv_E3_BITS_WEDA_MIXED_seed42_lr0.0005,E6_E3_MIXED_TEST_BITS,E3_BITS_WEDA_MIXED,fixed_GB_FallNoTiming_Full_132,0.6689814814814815,0.8055555555555556,0.6666666666666666,0.8125,0.4444444444444444,0.75,36,GradientBoosting_FallNoTiming_Full_132
LDX1_D1_Wide_DSConv_E3_BITS_WEDA_MIXED_seed42_lr0.0005,E7_E3_MIXED_TEST_WEDA,E3_BITS_WEDA_MIXED,fixed_GB_FallNoTiming_Full_132,0.7911764705882353,0.92,0.76,0.8235294117647058,0.75,0.8,25,GradientBoosting_FallNoTiming_Full_132
LDX1_D1_Wide_DSConv_E4_BITS_TO_WEDA_seed42_lr0.0005,E4_BITS_TO_WEDA,E4_BITS_TO_WEDA,fixed_GB_FallNoTiming_Full_132,0.2828282828282828,0.96,0.4,0.6666666666666666,0.0,0.18181818181818182,25,GradientBoosting_FallNoTiming_Full_132
LDX1_D1_Wide_DSConv_E5_WEDA_TO_BITS_seed42_lr0.0005,E5_WEDA_TO_BITS,E5_WEDA_TO_BITS,fixed_GB_FallNoTiming_Full_132,0.5212121212121211,0.6944444444444444,0.5277777777777778,0.8,0.36363636363636365,0.4,36,GradientBoosting_FallNoTiming_Full_132
LDX1_D1_Wide_DSConv_E1_BITS_TO_BITS_seed43_lr0.001,E1_BITS_TO_BITS,E1_BITS_TO_BITS,fixed_GB_FallNoTiming_Full_132,0.6608225108225109,0.8055555555555556,0.7222222222222222,0.9142857142857143,0.25,0.8181818181818182,36,GradientBoosting_FallNoTiming_Full_132
LDX1_D1_Wide_DSConv_E2_WEDA_TO_WEDA_seed43_lr0.001,E2_WEDA_TO_WEDA,E2_WEDA_TO_WEDA,fixed_GB_FallNoTiming_Full_132,0.8539886039886039,0.88,0.8,0.75,0.8888888888888888,0.9230769230769231,25,GradientBoosting_FallNoTiming_Full_132
LDX1_D1_Wide_DSConv_E3_BITS_WEDA_MIXED_seed43_lr0.001,E3_BITS_WEDA_MIXED,E3_BITS_WEDA_MIXED,fixed_GB_FallNoTiming_Full_132,0.7973807554452715,0.8524590163934426,0.7540983606557377,0.8846153846153846,0.7333333333333333,0.7741935483870968,61,GradientBoosting_FallNoTiming_Full_132
LDX1_D1_Wide_DSConv_E3_BITS_WEDA_MIXED_seed43_lr0.001,E6_E3_MIXED_TEST_BITS,E3_BITS_WEDA_MIXED,fixed_GB_FallNoTiming_Full_132,0.7131465026201869,0.8055555555555556,0.6944444444444444,0.8571428571428571,0.5454545454545454,0.7368421052631579,36,GradientBoosting_FallNoTiming_Full_132
LDX1_D1_Wide_DSConv_E3_BITS_WEDA_MIXED_seed43_lr0.001,E7_E3_MIXED_TEST_WEDA,E3_BITS_WEDA_MIXED,fixed_GB_FallNoTiming_Full_132,0.8722050223598211,0.92,0.84,0.9411764705882353,0.8421052631578947,0.8333333333333334,25,GradientBoosting_FallNoTiming_Full_132
LDX1_D1_Wide_DSConv_E4_BITS_TO_WEDA_seed43_lr0.001,E4_BITS_TO_WEDA,E4_BITS_TO_WEDA,fixed_GB_FallNoTiming_Full_132,0.31874298540965207,0.96,0.4,0.5925925925925926,0.0,0.36363636363636365,25,GradientBoosting_FallNoTiming_Full_132
LDX1_D1_Wide_DSConv_E5_WEDA_TO_BITS_seed43_lr0.001,E5_WEDA_TO_BITS,E5_WEDA_TO_BITS,fixed_GB_FallNoTiming_Full_132,0.5187257187257187,0.6944444444444444,0.5277777777777778,0.8484848484848485,0.3076923076923077,0.4,36,GradientBoosting_FallNoTiming_Full_132
LDX1_D1_Wide_DSConv_E1_BITS_TO_BITS_seed43_lr0.0005,E1_BITS_TO_BITS,E1_BITS_TO_BITS,fixed_GB_FallNoTiming_Full_132,0.6585858585858586,0.8055555555555556,0.6666666666666666,0.8484848484848485,0.4,0.7272727272727273,36,GradientBoosting_FallNoTiming_Full_132
LDX1_D1_Wide_DSConv_E2_WEDA_TO_WEDA_seed43_lr0.0005,E2_WEDA_TO_WEDA,E2_WEDA_TO_WEDA,fixed_GB_FallNoTiming_Full_132,0.7674242424242425,0.88,0.72,0.7,0.875,0.7272727272727273,25,GradientBoosting_FallNoTiming_Full_132
LDX1_D1_Wide_DSConv_E3_BITS_WEDA_MIXED_seed43_lr0.0005,E3_BITS_WEDA_MIXED,E3_BITS_WEDA_MIXED,fixed_GB_FallNoTiming_Full_132,0.7638095238095238,0.8524590163934426,0.7213114754098361,0.8214285714285714,0.72,0.75,61,GradientBoosting_FallNoTiming_Full_132
LDX1_D1_Wide_DSConv_E3_BITS_WEDA_MIXED_seed43_lr0.0005,E6_E3_MIXED_TEST_BITS,E3_BITS_WEDA_MIXED,fixed_GB_FallNoTiming_Full_132,0.6592592592592592,0.8055555555555556,0.6666666666666666,0.8333333333333334,0.4444444444444444,0.7,36,GradientBoosting_FallNoTiming_Full_132
LDX1_D1_Wide_DSConv_E3_BITS_WEDA_MIXED_seed43_lr0.0005,E7_E3_MIXED_TEST_WEDA,E3_BITS_WEDA_MIXED,fixed_GB_FallNoTiming_Full_132,0.8361111111111111,0.92,0.8,0.8,0.875,0.8333333333333334,25,GradientBoosting_FallNoTiming_Full_132
LDX1_D1_Wide_DSConv_E4_BITS_TO_WEDA_seed43_lr0.0005,E4_BITS_TO_WEDA,E4_BITS_TO_WEDA,fixed_GB_FallNoTiming_Full_132,0.3439153439153439,0.96,0.4,0.5555555555555556,0.0,0.47619047619047616,25,GradientBoosting_FallNoTiming_Full_132
LDX1_D1_Wide_DSConv_E5_WEDA_TO_BITS_seed43_lr0.0005,E5_WEDA_TO_BITS,E5_WEDA_TO_BITS,fixed_GB_FallNoTiming_Full_132,0.518954248366013,0.6944444444444444,0.5277777777777778,0.8235294117647058,0.3333333333333333,0.4,36,GradientBoosting_FallNoTiming_Full_132
LDX1_D1_Wide_DSConv_E1_BITS_TO_BITS_seed44_lr0.001,E1_BITS_TO_BITS,E1_BITS_TO_BITS,fixed_GB_FallNoTiming_Full_132,0.6300653594771242,0.8055555555555556,0.6388888888888888,0.8235294117647058,0.4,0.6666666666666666,36,GradientBoosting_FallNoTiming_Full_132
LDX1_D1_Wide_DSConv_E2_WEDA_TO_WEDA_seed44_lr0.001,E2_WEDA_TO_WEDA,E2_WEDA_TO_WEDA,fixed_GB_FallNoTiming_Full_132,0.8586182336182336,0.88,0.8,0.7777777777777778,0.875,0.9230769230769231,25,GradientBoosting_FallNoTiming_Full_132
LDX1_D1_Wide_DSConv_E3_BITS_WEDA_MIXED_seed44_lr0.001,E3_BITS_WEDA_MIXED,E3_BITS_WEDA_MIXED,fixed_GB_FallNoTiming_Full_132,0.703448275862069,0.8524590163934426,0.6721311475409836,0.8,0.6896551724137931,0.6206896551724138,61,GradientBoosting_FallNoTiming_Full_132
LDX1_D1_Wide_DSConv_E3_BITS_WEDA_MIXED_seed44_lr0.001,E6_E3_MIXED_TEST_BITS,E3_BITS_WEDA_MIXED,fixed_GB_FallNoTiming_Full_132,0.651702786377709,0.8055555555555556,0.6388888888888888,0.8235294117647058,0.5,0.631578947368421,36,GradientBoosting_FallNoTiming_Full_132
LDX1_D1_Wide_DSConv_E3_BITS_WEDA_MIXED_seed44_lr0.001,E7_E3_MIXED_TEST_WEDA,E3_BITS_WEDA_MIXED,fixed_GB_FallNoTiming_Full_132,0.7284780578898226,0.92,0.72,0.7619047619047619,0.8235294117647058,0.6,25,GradientBoosting_FallNoTiming_Full_132
LDX1_D1_Wide_DSConv_E4_BITS_TO_WEDA_seed44_lr0.001,E4_BITS_TO_WEDA,E4_BITS_TO_WEDA,fixed_GB_FallNoTiming_Full_132,0.2673202614379085,0.96,0.28,0.4,0.16666666666666666,0.23529411764705882,25,GradientBoosting_FallNoTiming_Full_132
LDX1_D1_Wide_DSConv_E5_WEDA_TO_BITS_seed44_lr0.001,E5_WEDA_TO_BITS,E5_WEDA_TO_BITS,fixed_GB_FallNoTiming_Full_132,0.4980392156862745,0.6944444444444444,0.5277777777777778,0.8235294117647058,0.2,0.47058823529411764,36,GradientBoosting_FallNoTiming_Full_132
LDX1_D1_Wide_DSConv_E1_BITS_TO_BITS_seed44_lr0.0005,E1_BITS_TO_BITS,E1_BITS_TO_BITS,fixed_GB_FallNoTiming_Full_132,0.6523809523809524,0.8055555555555556,0.6666666666666666,0.8571428571428571,0.4,0.7,36,GradientBoosting_FallNoTiming_Full_132
LDX1_D1_Wide_DSConv_E2_WEDA_TO_WEDA_seed44_lr0.0005,E2_WEDA_TO_WEDA,E2_WEDA_TO_WEDA,fixed_GB_FallNoTiming_Full_132,0.8586182336182336,0.88,0.8,0.7777777777777778,0.875,0.9230769230769231,25,GradientBoosting_FallNoTiming_Full_132
LDX1_D1_Wide_DSConv_E3_BITS_WEDA_MIXED_seed44_lr0.0005,E3_BITS_WEDA_MIXED,E3_BITS_WEDA_MIXED,fixed_GB_FallNoTiming_Full_132,0.7559705363626933,0.8524590163934426,0.7049180327868853,0.7843137254901961,0.7407407407407407,0.7428571428571429,61,GradientBoosting_FallNoTiming_Full_132
LDX1_D1_Wide_DSConv_E3_BITS_WEDA_MIXED_seed44_lr0.0005,E6_E3_MIXED_TEST_BITS,E3_BITS_WEDA_MIXED,fixed_GB_FallNoTiming_Full_132,0.6666666666666666,0.8055555555555556,0.6388888888888888,0.7878787878787878,0.5454545454545454,0.6666666666666666,36,GradientBoosting_FallNoTiming_Full_132
LDX1_D1_Wide_DSConv_E3_BITS_WEDA_MIXED_seed44_lr0.0005,E7_E3_MIXED_TEST_WEDA,E3_BITS_WEDA_MIXED,fixed_GB_FallNoTiming_Full_132,0.8366402116402116,0.92,0.8,0.7777777777777778,0.875,0.8571428571428571,25,GradientBoosting_FallNoTiming_Full_132
LDX1_D1_Wide_DSConv_E4_BITS_TO_WEDA_seed44_lr0.0005,E4_BITS_TO_WEDA,E4_BITS_TO_WEDA,fixed_GB_FallNoTiming_Full_132,0.17948717948717952,0.96,0.24,0.38461538461538464,0.0,0.15384615384615385,25,GradientBoosting_FallNoTiming_Full_132
LDX1_D1_Wide_DSConv_E5_WEDA_TO_BITS_seed44_lr0.0005,E5_WEDA_TO_BITS,E5_WEDA_TO_BITS,fixed_GB_FallNoTiming_Full_132,0.5374579124579125,0.6944444444444444,0.5555555555555556,0.875,0.18181818181818182,0.5555555555555556,36,GradientBoosting_FallNoTiming_Full_132
LDX1_D1_Wide_DSConv_E1_BITS_TO_BITS_seed45_lr0.001,E1_BITS_TO_BITS,E1_BITS_TO_BITS,fixed_GB_FallNoTiming_Full_132,0.7216216216216216,0.8055555555555556,0.7222222222222222,0.8648648648648649,0.5,0.8,36,GradientBoosting_FallNoTiming_Full_132
LDX1_D1_Wide_DSConv_E2_WEDA_TO_WEDA_seed45_lr0.001,E2_WEDA_TO_WEDA,E2_WEDA_TO_WEDA,fixed_GB_FallNoTiming_Full_132,0.6761695906432749,0.88,0.64,0.7368421052631579,0.625,0.6666666666666666,25,GradientBoosting_FallNoTiming_Full_132
LDX1_D1_Wide_DSConv_E3_BITS_WEDA_MIXED_seed45_lr0.001,E3_BITS_WEDA_MIXED,E3_BITS_WEDA_MIXED,fixed_GB_FallNoTiming_Full_132,0.7254480286738353,0.8524590163934426,0.6885245901639344,0.8,0.6666666666666666,0.7096774193548387,61,GradientBoosting_FallNoTiming_Full_132
LDX1_D1_Wide_DSConv_E3_BITS_WEDA_MIXED_seed45_lr0.001,E6_E3_MIXED_TEST_BITS,E3_BITS_WEDA_MIXED,fixed_GB_FallNoTiming_Full_132,0.6896613190730837,0.8055555555555556,0.6666666666666666,0.8235294117647058,0.5454545454545454,0.7,36,GradientBoosting_FallNoTiming_Full_132
LDX1_D1_Wide_DSConv_E3_BITS_WEDA_MIXED_seed45_lr0.001,E7_E3_MIXED_TEST_WEDA,E3_BITS_WEDA_MIXED,fixed_GB_FallNoTiming_Full_132,0.7463924963924965,0.92,0.72,0.7619047619047619,0.75,0.7272727272727273,25,GradientBoosting_FallNoTiming_Full_132
LDX1_D1_Wide_DSConv_E4_BITS_TO_WEDA_seed45_lr0.001,E4_BITS_TO_WEDA,E4_BITS_TO_WEDA,fixed_GB_FallNoTiming_Full_132,0.3887147335423197,0.96,0.48,0.6206896551724138,0.0,0.5454545454545454,25,GradientBoosting_FallNoTiming_Full_132
LDX1_D1_Wide_DSConv_E5_WEDA_TO_BITS_seed45_lr0.001,E5_WEDA_TO_BITS,E5_WEDA_TO_BITS,fixed_GB_FallNoTiming_Full_132,0.5782124264097699,0.6944444444444444,0.5555555555555556,0.8387096774193549,0.3076923076923077,0.5882352941176471,36,GradientBoosting_FallNoTiming_Full_132
LDX1_D1_Wide_DSConv_E1_BITS_TO_BITS_seed45_lr0.0005,E1_BITS_TO_BITS,E1_BITS_TO_BITS,fixed_GB_FallNoTiming_Full_132,0.6397306397306397,0.8055555555555556,0.6666666666666666,0.8888888888888888,0.36363636363636365,0.6666666666666666,36,GradientBoosting_FallNoTiming_Full_132
LDX1_D1_Wide_DSConv_E2_WEDA_TO_WEDA_seed45_lr0.0005,E2_WEDA_TO_WEDA,E2_WEDA_TO_WEDA,fixed_GB_FallNoTiming_Full_132,0.7167755991285403,0.88,0.68,0.7777777777777778,0.7058823529411765,0.6666666666666666,25,GradientBoosting_FallNoTiming_Full_132
LDX1_D1_Wide_DSConv_E3_BITS_WEDA_MIXED_seed45_lr0.0005,E3_BITS_WEDA_MIXED,E3_BITS_WEDA_MIXED,fixed_GB_FallNoTiming_Full_132,0.738897268309033,0.8524590163934426,0.7049180327868853,0.8235294117647058,0.6153846153846154,0.7777777777777778,61,GradientBoosting_FallNoTiming_Full_132
LDX1_D1_Wide_DSConv_E3_BITS_WEDA_MIXED_seed45_lr0.0005,E6_E3_MIXED_TEST_BITS,E3_BITS_WEDA_MIXED,fixed_GB_FallNoTiming_Full_132,0.6360507246376811,0.8055555555555556,0.6388888888888888,0.8125,0.4,0.6956521739130435,36,GradientBoosting_FallNoTiming_Full_132
LDX1_D1_Wide_DSConv_E3_BITS_WEDA_MIXED_seed45_lr0.0005,E7_E3_MIXED_TEST_WEDA,E3_BITS_WEDA_MIXED,fixed_GB_FallNoTiming_Full_132,0.8383940620782727,0.92,0.8,0.8421052631578947,0.75,0.9230769230769231,25,GradientBoosting_FallNoTiming_Full_132
LDX1_D1_Wide_DSConv_E4_BITS_TO_WEDA_seed45_lr0.0005,E4_BITS_TO_WEDA,E4_BITS_TO_WEDA,fixed_GB_FallNoTiming_Full_132,0.4365079365079365,0.96,0.52,0.6428571428571429,0.0,0.6666666666666666,25,GradientBoosting_FallNoTiming_Full_132
LDX1_D1_Wide_DSConv_E5_WEDA_TO_BITS_seed45_lr0.0005,E5_WEDA_TO_BITS,E5_WEDA_TO_BITS,fixed_GB_FallNoTiming_Full_132,0.63510101010101,0.6944444444444444,0.6111111111111112,0.875,0.36363636363636365,0.6666666666666666,36,GradientBoosting_FallNoTiming_Full_132
LDX1_D1_Wide_DSConv_E1_BITS_TO_BITS_seed46_lr0.001,E1_BITS_TO_BITS,E1_BITS_TO_BITS,fixed_GB_FallNoTiming_Full_132,0.7149930679342443,0.8055555555555556,0.7222222222222222,0.8823529411764706,0.4444444444444444,0.8181818181818182,36,GradientBoosting_FallNoTiming_Full_132
LDX1_D1_Wide_DSConv_E2_WEDA_TO_WEDA_seed46_lr0.001,E2_WEDA_TO_WEDA,E2_WEDA_TO_WEDA,fixed_GB_FallNoTiming_Full_132,0.7003367003367004,0.88,0.68,0.7777777777777778,0.7777777777777778,0.5454545454545454,25,GradientBoosting_FallNoTiming_Full_132
LDX1_D1_Wide_DSConv_E3_BITS_WEDA_MIXED_seed46_lr0.001,E3_BITS_WEDA_MIXED,E3_BITS_WEDA_MIXED,fixed_GB_FallNoTiming_Full_132,0.7379937482239273,0.8524590163934426,0.6885245901639344,0.782608695652174,0.6666666666666666,0.7647058823529411,61,GradientBoosting_FallNoTiming_Full_132
LDX1_D1_Wide_DSConv_E3_BITS_WEDA_MIXED_seed46_lr0.001,E6_E3_MIXED_TEST_BITS,E3_BITS_WEDA_MIXED,fixed_GB_FallNoTiming_Full_132,0.6950757575757575,0.8055555555555556,0.6666666666666666,0.8125,0.5454545454545454,0.7272727272727273,36,GradientBoosting_FallNoTiming_Full_132
LDX1_D1_Wide_DSConv_E3_BITS_WEDA_MIXED_seed46_lr0.001,E7_E3_MIXED_TEST_WEDA,E3_BITS_WEDA_MIXED,fixed_GB_FallNoTiming_Full_132,0.7582972582972584,0.92,0.72,0.7142857142857143,0.7272727272727273,0.8333333333333334,25,GradientBoosting_FallNoTiming_Full_132
LDX1_D1_Wide_DSConv_E4_BITS_TO_WEDA_seed46_lr0.001,E4_BITS_TO_WEDA,E4_BITS_TO_WEDA,fixed_GB_FallNoTiming_Full_132,0.5105263157894736,0.96,0.56,0.7,0.2,0.631578947368421,25,GradientBoosting_FallNoTiming_Full_132
LDX1_D1_Wide_DSConv_E5_WEDA_TO_BITS_seed46_lr0.001,E5_WEDA_TO_BITS,E5_WEDA_TO_BITS,fixed_GB_FallNoTiming_Full_132,0.6001188354129531,0.6944444444444444,0.5833333333333334,0.8484848484848485,0.36363636363636365,0.5882352941176471,36,GradientBoosting_FallNoTiming_Full_132
LDX1_D1_Wide_DSConv_E1_BITS_TO_BITS_seed46_lr0.0005,E1_BITS_TO_BITS,E1_BITS_TO_BITS,fixed_GB_FallNoTiming_Full_132,0.6878306878306878,0.8055555555555556,0.6944444444444444,0.8571428571428571,0.4444444444444444,0.7619047619047619,36,GradientBoosting_FallNoTiming_Full_132
LDX1_D1_Wide_DSConv_E2_WEDA_TO_WEDA_seed46_lr0.0005,E2_WEDA_TO_WEDA,E2_WEDA_TO_WEDA,fixed_GB_FallNoTiming_Full_132,0.6382066276803119,0.88,0.64,0.7368421052631579,0.7777777777777778,0.4,25,GradientBoosting_FallNoTiming_Full_132
LDX1_D1_Wide_DSConv_E3_BITS_WEDA_MIXED_seed46_lr0.0005,E3_BITS_WEDA_MIXED,E3_BITS_WEDA_MIXED,fixed_GB_FallNoTiming_Full_132,0.7543520309477755,0.8524590163934426,0.7049180327868853,0.8085106382978723,0.6666666666666666,0.7878787878787878,61,GradientBoosting_FallNoTiming_Full_132
LDX1_D1_Wide_DSConv_E3_BITS_WEDA_MIXED_seed46_lr0.0005,E6_E3_MIXED_TEST_BITS,E3_BITS_WEDA_MIXED,fixed_GB_FallNoTiming_Full_132,0.7186147186147186,0.8055555555555556,0.6944444444444444,0.8484848484848485,0.5454545454545454,0.7619047619047619,36,GradientBoosting_FallNoTiming_Full_132
LDX1_D1_Wide_DSConv_E3_BITS_WEDA_MIXED_seed46_lr0.0005,E7_E3_MIXED_TEST_WEDA,E3_BITS_WEDA_MIXED,fixed_GB_FallNoTiming_Full_132,0.7582972582972584,0.92,0.72,0.7142857142857143,0.7272727272727273,0.8333333333333334,25,GradientBoosting_FallNoTiming_Full_132
LDX1_D1_Wide_DSConv_E4_BITS_TO_WEDA_seed46_lr0.0005,E4_BITS_TO_WEDA,E4_BITS_TO_WEDA,fixed_GB_FallNoTiming_Full_132,0.46222222222222226,0.96,0.56,0.72,0.0,0.6666666666666666,25,GradientBoosting_FallNoTiming_Full_132
LDX1_D1_Wide_DSConv_E5_WEDA_TO_BITS_seed46_lr0.0005,E5_WEDA_TO_BITS,E5_WEDA_TO_BITS,fixed_GB_FallNoTiming_Full_132,0.6001188354129531,0.6944444444444444,0.5833333333333334,0.8484848484848485,0.36363636363636365,0.5882352941176471,36,GradientBoosting_FallNoTiming_Full_132
