run_id,experiment_id,train_protocol,test_dataset,model_name,model_type,feature_set,feature_count,threshold,threshold_note,TN,FP,FN,TP,fall_precision,fall_recall,fall_f1,accuracy,AUROC,average_precision,FP_reduction_vs_A5,complexity,complexity_note
FALL_LogisticRegression_FallNoTiming_Core_E1_BITS_TO_BITS,E1_BITS_TO_BITS,E1_BITS_TO_BITS,bits,LogisticRegression,fall_only_ml,FallNoTiming_Core,16,0.8463820099613419,best_val_f1_then_precision_with_recall088_tiebreak,470,10,6,42,0.8076923076923077,0.875,0.84,0.9696969696969697,0.9842447916666666,0.9090815859599541,-8,17,LR params=17
FALL_LogisticRegression_FallNoTiming_Core_E2_WEDA_TO_WEDA,E2_WEDA_TO_WEDA,E2_WEDA_TO_WEDA,weda,LogisticRegression,fall_only_ml,FallNoTiming_Core,16,0.9410569438110598,best_val_f1_then_precision_with_recall088_tiebreak,153,2,12,13,0.8666666666666667,0.52,0.65,0.9222222222222223,0.9649032258064516,0.8225864777933533,3,17,LR params=17
FALL_LogisticRegression_FallNoTiming_Core_E3_BITS_WEDA_MIXED,E3_BITS_WEDA_MIXED,E3_BITS_WEDA_MIXED,bits+weda,LogisticRegression,fall_only_ml,FallNoTiming_Core,16,0.7555465888491875,best_val_f1_then_precision_with_recall088_tiebreak,605,30,14,59,0.6629213483146067,0.8082191780821918,0.7283950617283951,0.9378531073446328,0.9592708445690864,0.8087204700413938,-9,17,LR params=17
FALL_LogisticRegression_FallNoTiming_Core_E3_BITS_WEDA_MIXED,E6_E3_MIXED_TEST_BITS,E3_BITS_WEDA_MIXED,bits,LogisticRegression,fall_only_ml,FallNoTiming_Core,16,0.7555465888491875,best_val_f1_then_precision_with_recall088_tiebreak,474,6,13,35,0.8536585365853658,0.7291666666666666,0.7865168539325843,0.9640151515151515,0.9745659722222222,0.886099033776488,-6,17,LR params=17
FALL_LogisticRegression_FallNoTiming_Core_E3_BITS_WEDA_MIXED,E7_E3_MIXED_TEST_WEDA,E3_BITS_WEDA_MIXED,weda,LogisticRegression,fall_only_ml,FallNoTiming_Core,16,0.7555465888491875,best_val_f1_then_precision_with_recall088_tiebreak,131,24,1,24,0.5,0.96,0.6575342465753424,0.8611111111111112,0.9329032258064516,0.7042099818590744,-3,17,LR params=17
FALL_LogisticRegression_FallNoTiming_Core_E4_BITS_TO_WEDA,E4_BITS_TO_WEDA,E4_BITS_TO_WEDA,weda,LogisticRegression,fall_only_ml,FallNoTiming_Core,16,0.8463820099613419,best_val_f1_then_precision_with_recall088_tiebreak,80,75,0,25,0.25,1.0,0.4,0.5833333333333334,0.7989677419354838,0.2862043869487273,-31,17,LR params=17
FALL_LogisticRegression_FallNoTiming_Core_E5_WEDA_TO_BITS,E5_WEDA_TO_BITS,E5_WEDA_TO_BITS,bits,LogisticRegression,fall_only_ml,FallNoTiming_Core,16,0.9410569438110598,best_val_f1_then_precision_with_recall088_tiebreak,464,16,19,29,0.6444444444444445,0.6041666666666666,0.6236559139784946,0.9337121212121212,0.9450954861111112,0.729978006375944,-11,17,LR params=17
FALL_LogisticRegression_FallNoTiming_Core_E6_E3_MIXED_TEST_BITS,E6_E3_MIXED_TEST_BITS,E3_BITS_WEDA_MIXED_REUSED,bits,LogisticRegression,fall_only_ml,FallNoTiming_Core,16,0.7555465888491875,best_val_f1_then_precision_with_recall088_tiebreak,474,6,13,35,0.8536585365853658,0.7291666666666666,0.7865168539325843,0.9640151515151515,0.9745659722222222,0.886099033776488,-6,17,LR params=17
FALL_LogisticRegression_FallNoTiming_Core_E7_E3_MIXED_TEST_WEDA,E7_E3_MIXED_TEST_WEDA,E3_BITS_WEDA_MIXED_REUSED,weda,LogisticRegression,fall_only_ml,FallNoTiming_Core,16,0.7555465888491875,best_val_f1_then_precision_with_recall088_tiebreak,131,24,1,24,0.5,0.96,0.6575342465753424,0.8611111111111112,0.9329032258064516,0.7042099818590744,-3,17,LR params=17
FALL_LinearSVM_FallNoTiming_Core_E1_BITS_TO_BITS,E1_BITS_TO_BITS,E1_BITS_TO_BITS,bits,LinearSVM,fall_only_ml,FallNoTiming_Core,16,0.5975804540312075,best_val_f1_then_precision_with_recall088_tiebreak,473,7,8,40,0.851063829787234,0.8333333333333334,0.8421052631578947,0.9715909090909091,0.98671875,0.927217977725854,-5,17,LinearSVM params~17
FALL_LinearSVM_FallNoTiming_Core_E2_WEDA_TO_WEDA,E2_WEDA_TO_WEDA,E2_WEDA_TO_WEDA,weda,LinearSVM,fall_only_ml,FallNoTiming_Core,16,0.6917300703841854,best_val_f1_then_precision_with_recall088_tiebreak,150,5,10,15,0.75,0.6,0.6666666666666666,0.9166666666666666,0.967741935483871,0.8343438027528121,0,17,LinearSVM params~17
FALL_LinearSVM_FallNoTiming_Core_E3_BITS_WEDA_MIXED,E3_BITS_WEDA_MIXED,E3_BITS_WEDA_MIXED,bits+weda,LinearSVM,fall_only_ml,FallNoTiming_Core,16,0.4483487867444781,best_val_f1_then_precision_with_recall088_tiebreak,607,28,19,54,0.6585365853658537,0.7397260273972602,0.6967741935483871,0.9336158192090396,0.9607377844892676,0.8229995389336427,-7,17,LinearSVM params~17
FALL_LinearSVM_FallNoTiming_Core_E3_BITS_WEDA_MIXED,E6_E3_MIXED_TEST_BITS,E3_BITS_WEDA_MIXED,bits,LinearSVM,fall_only_ml,FallNoTiming_Core,16,0.4483487867444781,best_val_f1_then_precision_with_recall088_tiebreak,475,5,15,33,0.868421052631579,0.6875,0.7674418604651163,0.9621212121212122,0.9756510416666666,0.8947915298125109,-5,17,LinearSVM params~17
FALL_LinearSVM_FallNoTiming_Core_E3_BITS_WEDA_MIXED,E7_E3_MIXED_TEST_WEDA,E3_BITS_WEDA_MIXED,weda,LinearSVM,fall_only_ml,FallNoTiming_Core,16,0.4483487867444781,best_val_f1_then_precision_with_recall088_tiebreak,132,23,4,21,0.4772727272727273,0.84,0.6086956521739131,0.85,0.9390967741935484,0.7593187058618152,-2,17,LinearSVM params~17
FALL_LinearSVM_FallNoTiming_Core_E4_BITS_TO_WEDA,E4_BITS_TO_WEDA,E4_BITS_TO_WEDA,weda,LinearSVM,fall_only_ml,FallNoTiming_Core,16,0.5975804540312075,best_val_f1_then_precision_with_recall088_tiebreak,81,74,1,24,0.24489795918367346,0.96,0.3902439024390244,0.5833333333333334,0.8082580645161291,0.31967235723582965,-30,17,LinearSVM params~17
FALL_LinearSVM_FallNoTiming_Core_E5_WEDA_TO_BITS,E5_WEDA_TO_BITS,E5_WEDA_TO_BITS,bits,LinearSVM,fall_only_ml,FallNoTiming_Core,16,0.6917300703841854,best_val_f1_then_precision_with_recall088_tiebreak,463,17,18,30,0.6382978723404256,0.625,0.631578947368421,0.9337121212121212,0.9437934027777778,0.7177924977463159,-12,17,LinearSVM params~17
FALL_LinearSVM_FallNoTiming_Core_E6_E3_MIXED_TEST_BITS,E6_E3_MIXED_TEST_BITS,E3_BITS_WEDA_MIXED_REUSED,bits,LinearSVM,fall_only_ml,FallNoTiming_Core,16,0.4483487867444781,best_val_f1_then_precision_with_recall088_tiebreak,475,5,15,33,0.868421052631579,0.6875,0.7674418604651163,0.9621212121212122,0.9756510416666666,0.8947915298125109,-5,17,LinearSVM params~17
FALL_LinearSVM_FallNoTiming_Core_E7_E3_MIXED_TEST_WEDA,E7_E3_MIXED_TEST_WEDA,E3_BITS_WEDA_MIXED_REUSED,weda,LinearSVM,fall_only_ml,FallNoTiming_Core,16,0.4483487867444781,best_val_f1_then_precision_with_recall088_tiebreak,132,23,4,21,0.4772727272727273,0.84,0.6086956521739131,0.85,0.9390967741935484,0.7593187058618152,-2,17,LinearSVM params~17
FALL_RandomForest_FallNoTiming_Core_E1_BITS_TO_BITS,E1_BITS_TO_BITS,E1_BITS_TO_BITS,bits,RandomForest,fall_only_ml,FallNoTiming_Core,16,0.3430962343096234,best_val_f1_then_precision_with_recall088_tiebreak,467,13,5,43,0.7678571428571429,0.8958333333333334,0.8269230769230769,0.9659090909090909,0.9838324652777778,0.9326045939878762,-11,300,RandomForest trees=300 fall / 200 direction
FALL_RandomForest_FallNoTiming_Core_E2_WEDA_TO_WEDA,E2_WEDA_TO_WEDA,E2_WEDA_TO_WEDA,weda,RandomForest,fall_only_ml,FallNoTiming_Core,16,0.7405857740585774,best_val_f1_then_precision_with_recall088_tiebreak,153,2,10,15,0.8823529411764706,0.6,0.7142857142857143,0.9333333333333333,0.9788387096774194,0.8880823764561264,3,300,RandomForest trees=300 fall / 200 direction
FALL_RandomForest_FallNoTiming_Core_E3_BITS_WEDA_MIXED,E3_BITS_WEDA_MIXED,E3_BITS_WEDA_MIXED,bits+weda,RandomForest,fall_only_ml,FallNoTiming_Core,16,0.405857740585774,best_val_f1_then_precision_with_recall088_tiebreak,617,18,10,63,0.7777777777777778,0.863013698630137,0.8181818181818182,0.96045197740113,0.9729802610290151,0.8846585670563447,3,300,RandomForest trees=300 fall / 200 direction
FALL_RandomForest_FallNoTiming_Core_E3_BITS_WEDA_MIXED,E6_E3_MIXED_TEST_BITS,E3_BITS_WEDA_MIXED,bits,RandomForest,fall_only_ml,FallNoTiming_Core,16,0.405857740585774,best_val_f1_then_precision_with_recall088_tiebreak,471,9,9,39,0.8125,0.8125,0.8125,0.9659090909090909,0.9721788194444443,0.8839161685499426,-9,300,RandomForest trees=300 fall / 200 direction
FALL_RandomForest_FallNoTiming_Core_E3_BITS_WEDA_MIXED,E7_E3_MIXED_TEST_WEDA,E3_BITS_WEDA_MIXED,weda,RandomForest,fall_only_ml,FallNoTiming_Core,16,0.405857740585774,best_val_f1_then_precision_with_recall088_tiebreak,146,9,1,24,0.7272727272727273,0.96,0.8275862068965517,0.9444444444444444,0.9828387096774194,0.9100470216917586,12,300,RandomForest trees=300 fall / 200 direction
FALL_RandomForest_FallNoTiming_Core_E4_BITS_TO_WEDA,E4_BITS_TO_WEDA,E4_BITS_TO_WEDA,weda,RandomForest,fall_only_ml,FallNoTiming_Core,16,0.3430962343096234,best_val_f1_then_precision_with_recall088_tiebreak,102,53,0,25,0.32051282051282054,1.0,0.4854368932038835,0.7055555555555556,0.9651612903225806,0.8412005702089221,-9,300,RandomForest trees=300 fall / 200 direction
FALL_RandomForest_FallNoTiming_Core_E5_WEDA_TO_BITS,E5_WEDA_TO_BITS,E5_WEDA_TO_BITS,bits,RandomForest,fall_only_ml,FallNoTiming_Core,16,0.7405857740585774,best_val_f1_then_precision_with_recall088_tiebreak,476,4,26,22,0.8461538461538461,0.4583333333333333,0.5945945945945946,0.9431818181818182,0.9546657986111112,0.7498937682226865,1,300,RandomForest trees=300 fall / 200 direction
FALL_RandomForest_FallNoTiming_Core_E6_E3_MIXED_TEST_BITS,E6_E3_MIXED_TEST_BITS,E3_BITS_WEDA_MIXED_REUSED,bits,RandomForest,fall_only_ml,FallNoTiming_Core,16,0.405857740585774,best_val_f1_then_precision_with_recall088_tiebreak,471,9,9,39,0.8125,0.8125,0.8125,0.9659090909090909,0.9721788194444443,0.8839161685499426,-9,300,RandomForest trees=300 fall / 200 direction
FALL_RandomForest_FallNoTiming_Core_E7_E3_MIXED_TEST_WEDA,E7_E3_MIXED_TEST_WEDA,E3_BITS_WEDA_MIXED_REUSED,weda,RandomForest,fall_only_ml,FallNoTiming_Core,16,0.405857740585774,best_val_f1_then_precision_with_recall088_tiebreak,146,9,1,24,0.7272727272727273,0.96,0.8275862068965517,0.9444444444444444,0.9828387096774194,0.9100470216917586,12,300,RandomForest trees=300 fall / 200 direction
FALL_GradientBoosting_FallNoTiming_Core_E1_BITS_TO_BITS,E1_BITS_TO_BITS,E1_BITS_TO_BITS,bits,GradientBoosting,fall_only_ml,FallNoTiming_Core,16,0.45154072617295926,best_val_f1_then_precision_with_recall088_tiebreak,474,6,6,42,0.875,0.875,0.875,0.9772727272727273,0.97890625,0.9330364386190849,-4,100,GradientBoosting default trees=100
FALL_GradientBoosting_FallNoTiming_Core_E2_WEDA_TO_WEDA,E2_WEDA_TO_WEDA,E2_WEDA_TO_WEDA,weda,GradientBoosting,fall_only_ml,FallNoTiming_Core,16,0.88991895382407,best_val_f1_then_precision_with_recall088_tiebreak,154,1,9,16,0.9411764705882353,0.64,0.7619047619047619,0.9444444444444444,0.9907096774193549,0.9433462893481329,4,100,GradientBoosting default trees=100
FALL_GradientBoosting_FallNoTiming_Core_E3_BITS_WEDA_MIXED,E3_BITS_WEDA_MIXED,E3_BITS_WEDA_MIXED,bits+weda,GradientBoosting,fall_only_ml,FallNoTiming_Core,16,0.4041474170500204,best_val_f1_then_precision_with_recall088_tiebreak,608,27,13,60,0.6896551724137931,0.821917808219178,0.75,0.943502824858757,0.9730126199978427,0.8501749348136358,-6,100,GradientBoosting default trees=100
FALL_GradientBoosting_FallNoTiming_Core_E3_BITS_WEDA_MIXED,E6_E3_MIXED_TEST_BITS,E3_BITS_WEDA_MIXED,bits,GradientBoosting,fall_only_ml,FallNoTiming_Core,16,0.4041474170500204,best_val_f1_then_precision_with_recall088_tiebreak,467,13,11,37,0.74,0.7708333333333334,0.7551020408163265,0.9545454545454546,0.9798394097222223,0.8684972501536614,-13,100,GradientBoosting default trees=100
FALL_GradientBoosting_FallNoTiming_Core_E3_BITS_WEDA_MIXED,E7_E3_MIXED_TEST_WEDA,E3_BITS_WEDA_MIXED,weda,GradientBoosting,fall_only_ml,FallNoTiming_Core,16,0.4041474170500204,best_val_f1_then_precision_with_recall088_tiebreak,141,14,2,23,0.6216216216216216,0.92,0.7419354838709677,0.9111111111111111,0.9723870967741935,0.8420946096946851,7,100,GradientBoosting default trees=100
FALL_GradientBoosting_FallNoTiming_Core_E4_BITS_TO_WEDA,E4_BITS_TO_WEDA,E4_BITS_TO_WEDA,weda,GradientBoosting,fall_only_ml,FallNoTiming_Core,16,0.45154072617295926,best_val_f1_then_precision_with_recall088_tiebreak,93,62,0,25,0.28735632183908044,1.0,0.44642857142857145,0.6555555555555556,0.9251612903225807,0.6105266543263821,-18,100,GradientBoosting default trees=100
FALL_GradientBoosting_FallNoTiming_Core_E5_WEDA_TO_BITS,E5_WEDA_TO_BITS,E5_WEDA_TO_BITS,bits,GradientBoosting,fall_only_ml,FallNoTiming_Core,16,0.88991895382407,best_val_f1_then_precision_with_recall088_tiebreak,473,7,24,24,0.7741935483870968,0.5,0.6075949367088608,0.9412878787878788,0.9522135416666666,0.706057358452078,-2,100,GradientBoosting default trees=100
FALL_GradientBoosting_FallNoTiming_Core_E6_E3_MIXED_TEST_BITS,E6_E3_MIXED_TEST_BITS,E3_BITS_WEDA_MIXED_REUSED,bits,GradientBoosting,fall_only_ml,FallNoTiming_Core,16,0.4041474170500204,best_val_f1_then_precision_with_recall088_tiebreak,467,13,11,37,0.74,0.7708333333333334,0.7551020408163265,0.9545454545454546,0.9798394097222223,0.8684972501536614,-13,100,GradientBoosting default trees=100
FALL_GradientBoosting_FallNoTiming_Core_E7_E3_MIXED_TEST_WEDA,E7_E3_MIXED_TEST_WEDA,E3_BITS_WEDA_MIXED_REUSED,weda,GradientBoosting,fall_only_ml,FallNoTiming_Core,16,0.4041474170500204,best_val_f1_then_precision_with_recall088_tiebreak,141,14,2,23,0.6216216216216216,0.92,0.7419354838709677,0.9111111111111111,0.9723870967741935,0.8420946096946851,7,100,GradientBoosting default trees=100
FALL_HistGradientBoosting_FallNoTiming_Core_E1_BITS_TO_BITS,E1_BITS_TO_BITS,E1_BITS_TO_BITS,bits,HistGradientBoosting,fall_only_ml,FallNoTiming_Core,16,0.15481157432335432,best_val_f1_then_precision_with_recall088_tiebreak,465,15,4,44,0.7457627118644068,0.9166666666666666,0.822429906542056,0.9640151515151515,0.9779947916666667,0.9241098539348871,-13,140,HistGradientBoosting max_iter=140
FALL_HistGradientBoosting_FallNoTiming_Core_E2_WEDA_TO_WEDA,E2_WEDA_TO_WEDA,E2_WEDA_TO_WEDA,weda,HistGradientBoosting,fall_only_ml,FallNoTiming_Core,16,0.9968908416738408,best_val_f1_then_precision_with_recall088_tiebreak,155,0,11,14,1.0,0.56,0.717948717948718,0.9388888888888889,0.9914838709677419,0.9485281280583222,5,140,HistGradientBoosting max_iter=140
FALL_HistGradientBoosting_FallNoTiming_Core_E3_BITS_WEDA_MIXED,E3_BITS_WEDA_MIXED,E3_BITS_WEDA_MIXED,bits+weda,HistGradientBoosting,fall_only_ml,FallNoTiming_Core,16,0.46443172683126877,best_val_f1_then_precision_with_recall088_tiebreak,618,17,12,61,0.782051282051282,0.8356164383561644,0.8079470198675497,0.9590395480225988,0.9802394563693237,0.8945976671531417,4,140,HistGradientBoosting max_iter=140
FALL_HistGradientBoosting_FallNoTiming_Core_E3_BITS_WEDA_MIXED,E6_E3_MIXED_TEST_BITS,E3_BITS_WEDA_MIXED,bits,HistGradientBoosting,fall_only_ml,FallNoTiming_Core,16,0.46443172683126877,best_val_f1_then_precision_with_recall088_tiebreak,472,8,11,37,0.8222222222222222,0.7708333333333334,0.7956989247311828,0.9640151515151515,0.9832899305555556,0.911962661145966,-8,140,HistGradientBoosting max_iter=140
FALL_HistGradientBoosting_FallNoTiming_Core_E3_BITS_WEDA_MIXED,E7_E3_MIXED_TEST_WEDA,E3_BITS_WEDA_MIXED,weda,HistGradientBoosting,fall_only_ml,FallNoTiming_Core,16,0.46443172683126877,best_val_f1_then_precision_with_recall088_tiebreak,146,9,1,24,0.7272727272727273,0.96,0.8275862068965517,0.9444444444444444,0.9821935483870967,0.8643054236884498,12,140,HistGradientBoosting max_iter=140
FALL_HistGradientBoosting_FallNoTiming_Core_E4_BITS_TO_WEDA,E4_BITS_TO_WEDA,E4_BITS_TO_WEDA,weda,HistGradientBoosting,fall_only_ml,FallNoTiming_Core,16,0.15481157432335432,best_val_f1_then_precision_with_recall088_tiebreak,87,68,0,25,0.26881720430107525,1.0,0.423728813559322,0.6222222222222222,0.9303225806451614,0.6636808901892499,-24,140,HistGradientBoosting max_iter=140
FALL_HistGradientBoosting_FallNoTiming_Core_E5_WEDA_TO_BITS,E5_WEDA_TO_BITS,E5_WEDA_TO_BITS,bits,HistGradientBoosting,fall_only_ml,FallNoTiming_Core,16,0.9968908416738408,best_val_f1_then_precision_with_recall088_tiebreak,476,4,27,21,0.84,0.4375,0.5753424657534246,0.9412878787878788,0.9676215277777777,0.7821593310514955,1,140,HistGradientBoosting max_iter=140
FALL_HistGradientBoosting_FallNoTiming_Core_E6_E3_MIXED_TEST_BITS,E6_E3_MIXED_TEST_BITS,E3_BITS_WEDA_MIXED_REUSED,bits,HistGradientBoosting,fall_only_ml,FallNoTiming_Core,16,0.46443172683126877,best_val_f1_then_precision_with_recall088_tiebreak,472,8,11,37,0.8222222222222222,0.7708333333333334,0.7956989247311828,0.9640151515151515,0.9832899305555556,0.911962661145966,-8,140,HistGradientBoosting max_iter=140
FALL_HistGradientBoosting_FallNoTiming_Core_E7_E3_MIXED_TEST_WEDA,E7_E3_MIXED_TEST_WEDA,E3_BITS_WEDA_MIXED_REUSED,weda,HistGradientBoosting,fall_only_ml,FallNoTiming_Core,16,0.46443172683126877,best_val_f1_then_precision_with_recall088_tiebreak,146,9,1,24,0.7272727272727273,0.96,0.8275862068965517,0.9444444444444444,0.9821935483870967,0.8643054236884498,12,140,HistGradientBoosting max_iter=140
FALL_LogisticRegression_FallNoTiming_Full_E1_BITS_TO_BITS,E1_BITS_TO_BITS,E1_BITS_TO_BITS,bits,LogisticRegression,fall_only_ml,FallNoTiming_Full,132,0.832635992230927,best_val_f1_then_precision_with_recall088_tiebreak,480,0,5,43,1.0,0.8958333333333334,0.945054945054945,0.990530303030303,0.99375,0.9754526064375116,2,133,LR params=133
FALL_LogisticRegression_FallNoTiming_Full_E2_WEDA_TO_WEDA,E2_WEDA_TO_WEDA,E2_WEDA_TO_WEDA,weda,LogisticRegression,fall_only_ml,FallNoTiming_Full,132,0.8451878593850544,best_val_f1_then_precision_with_recall088_tiebreak,149,6,1,24,0.8,0.96,0.8727272727272727,0.9611111111111111,0.9909677419354839,0.9487333443057583,-1,133,LR params=133
FALL_LogisticRegression_FallNoTiming_Full_E3_BITS_WEDA_MIXED,E3_BITS_WEDA_MIXED,E3_BITS_WEDA_MIXED,bits+weda,LogisticRegression,fall_only_ml,FallNoTiming_Full,132,0.9464921044912047,best_val_f1_then_precision_with_recall088_tiebreak,630,5,20,53,0.9137931034482759,0.726027397260274,0.8091603053435115,0.9646892655367232,0.9725595944342573,0.9076986766816664,16,133,LR params=133
FALL_LogisticRegression_FallNoTiming_Full_E3_BITS_WEDA_MIXED,E6_E3_MIXED_TEST_BITS,E3_BITS_WEDA_MIXED,bits,LogisticRegression,fall_only_ml,FallNoTiming_Full,132,0.9464921044912047,best_val_f1_then_precision_with_recall088_tiebreak,478,2,13,35,0.9459459459459459,0.7291666666666666,0.8235294117647058,0.9715909090909091,0.97265625,0.9087933310960485,-2,133,LR params=133
FALL_LogisticRegression_FallNoTiming_Full_E3_BITS_WEDA_MIXED,E7_E3_MIXED_TEST_WEDA,E3_BITS_WEDA_MIXED,weda,LogisticRegression,fall_only_ml,FallNoTiming_Full,132,0.9464921044912047,best_val_f1_then_precision_with_recall088_tiebreak,152,3,7,18,0.8571428571428571,0.72,0.782608695652174,0.9444444444444444,0.9829677419354839,0.9150504654039731,18,133,LR params=133
FALL_LogisticRegression_FallNoTiming_Full_E4_BITS_TO_WEDA,E4_BITS_TO_WEDA,E4_BITS_TO_WEDA,weda,LogisticRegression,fall_only_ml,FallNoTiming_Full,132,0.832635992230927,best_val_f1_then_precision_with_recall088_tiebreak,76,79,2,23,0.22549019607843138,0.92,0.36220472440944884,0.55,0.8683870967741936,0.5294352305313799,-35,133,LR params=133
FALL_LogisticRegression_FallNoTiming_Full_E5_WEDA_TO_BITS,E5_WEDA_TO_BITS,E5_WEDA_TO_BITS,bits,LogisticRegression,fall_only_ml,FallNoTiming_Full,132,0.8451878593850544,best_val_f1_then_precision_with_recall088_tiebreak,464,16,16,32,0.6666666666666666,0.6666666666666666,0.6666666666666666,0.9393939393939394,0.9328993055555556,0.7345700046178529,-11,133,LR params=133
FALL_LogisticRegression_FallNoTiming_Full_E6_E3_MIXED_TEST_BITS,E6_E3_MIXED_TEST_BITS,E3_BITS_WEDA_MIXED_REUSED,bits,LogisticRegression,fall_only_ml,FallNoTiming_Full,132,0.9464921044912047,best_val_f1_then_precision_with_recall088_tiebreak,478,2,13,35,0.9459459459459459,0.7291666666666666,0.8235294117647058,0.9715909090909091,0.97265625,0.9087933310960485,-2,133,LR params=133
FALL_LogisticRegression_FallNoTiming_Full_E7_E3_MIXED_TEST_WEDA,E7_E3_MIXED_TEST_WEDA,E3_BITS_WEDA_MIXED_REUSED,weda,LogisticRegression,fall_only_ml,FallNoTiming_Full,132,0.9464921044912047,best_val_f1_then_precision_with_recall088_tiebreak,152,3,7,18,0.8571428571428571,0.72,0.782608695652174,0.9444444444444444,0.9829677419354839,0.9150504654039731,18,133,LR params=133
FALL_LinearSVM_FallNoTiming_Full_E1_BITS_TO_BITS,E1_BITS_TO_BITS,E1_BITS_TO_BITS,bits,LinearSVM,fall_only_ml,FallNoTiming_Full,132,0.7683995405800186,best_val_f1_then_precision_with_recall088_tiebreak,480,0,8,40,1.0,0.8333333333333334,0.9090909090909091,0.9848484848484849,0.9728298611111111,0.9432641665511463,2,133,LinearSVM params~133
FALL_LinearSVM_FallNoTiming_Full_E2_WEDA_TO_WEDA,E2_WEDA_TO_WEDA,E2_WEDA_TO_WEDA,weda,LinearSVM,fall_only_ml,FallNoTiming_Full,132,0.5733108633193602,best_val_f1_then_precision_with_recall088_tiebreak,147,8,2,23,0.7419354838709677,0.92,0.8214285714285714,0.9444444444444444,0.984516129032258,0.9239311968680795,-3,133,LinearSVM params~133
FALL_LinearSVM_FallNoTiming_Full_E3_BITS_WEDA_MIXED,E3_BITS_WEDA_MIXED,E3_BITS_WEDA_MIXED,bits+weda,LinearSVM,fall_only_ml,FallNoTiming_Full,132,0.8897351138787699,best_val_f1_then_precision_with_recall088_tiebreak,629,6,21,52,0.896551724137931,0.7123287671232876,0.7938931297709924,0.961864406779661,0.9721281415165569,0.9071432164077994,15,133,LinearSVM params~133
FALL_LinearSVM_FallNoTiming_Full_E3_BITS_WEDA_MIXED,E6_E3_MIXED_TEST_BITS,E3_BITS_WEDA_MIXED,bits,LinearSVM,fall_only_ml,FallNoTiming_Full,132,0.8897351138787699,best_val_f1_then_precision_with_recall088_tiebreak,478,2,13,35,0.9459459459459459,0.7291666666666666,0.8235294117647058,0.9715909090909091,0.9708333333333333,0.9073099911809371,-2,133,LinearSVM params~133
FALL_LinearSVM_FallNoTiming_Full_E3_BITS_WEDA_MIXED,E7_E3_MIXED_TEST_WEDA,E3_BITS_WEDA_MIXED,weda,LinearSVM,fall_only_ml,FallNoTiming_Full,132,0.8897351138787699,best_val_f1_then_precision_with_recall088_tiebreak,151,4,8,17,0.8095238095238095,0.68,0.7391304347826086,0.9333333333333333,0.9809032258064516,0.9066380234144942,17,133,LinearSVM params~133
FALL_LinearSVM_FallNoTiming_Full_E4_BITS_TO_WEDA,E4_BITS_TO_WEDA,E4_BITS_TO_WEDA,weda,LinearSVM,fall_only_ml,FallNoTiming_Full,132,0.7683995405800186,best_val_f1_then_precision_with_recall088_tiebreak,86,69,4,21,0.23333333333333334,0.84,0.3652173913043478,0.5944444444444444,0.784258064516129,0.3786814739462174,-25,133,LinearSVM params~133
FALL_LinearSVM_FallNoTiming_Full_E5_WEDA_TO_BITS,E5_WEDA_TO_BITS,E5_WEDA_TO_BITS,bits,LinearSVM,fall_only_ml,FallNoTiming_Full,132,0.5733108633193602,best_val_f1_then_precision_with_recall088_tiebreak,459,21,14,34,0.6181818181818182,0.7083333333333334,0.6601941747572816,0.9337121212121212,0.9090711805555556,0.641742781844151,-16,133,LinearSVM params~133
FALL_LinearSVM_FallNoTiming_Full_E6_E3_MIXED_TEST_BITS,E6_E3_MIXED_TEST_BITS,E3_BITS_WEDA_MIXED_REUSED,bits,LinearSVM,fall_only_ml,FallNoTiming_Full,132,0.8897351138787699,best_val_f1_then_precision_with_recall088_tiebreak,478,2,13,35,0.9459459459459459,0.7291666666666666,0.8235294117647058,0.9715909090909091,0.9708333333333333,0.9073099911809371,-2,133,LinearSVM params~133
FALL_LinearSVM_FallNoTiming_Full_E7_E3_MIXED_TEST_WEDA,E7_E3_MIXED_TEST_WEDA,E3_BITS_WEDA_MIXED_REUSED,weda,LinearSVM,fall_only_ml,FallNoTiming_Full,132,0.8897351138787699,best_val_f1_then_precision_with_recall088_tiebreak,151,4,8,17,0.8095238095238095,0.68,0.7391304347826086,0.9333333333333333,0.9809032258064516,0.9066380234144942,17,133,LinearSVM params~133
FALL_RandomForest_FallNoTiming_Full_E1_BITS_TO_BITS,E1_BITS_TO_BITS,E1_BITS_TO_BITS,bits,RandomForest,fall_only_ml,FallNoTiming_Full,132,0.4962482566248257,best_val_f1_then_precision_with_recall088_tiebreak,477,3,5,43,0.9347826086956522,0.8958333333333334,0.9148936170212766,0.9848484848484849,0.9825737847222222,0.9571260696294454,-1,300,RandomForest trees=300 fall / 200 direction
FALL_RandomForest_FallNoTiming_Full_E2_WEDA_TO_WEDA,E2_WEDA_TO_WEDA,E2_WEDA_TO_WEDA,weda,RandomForest,fall_only_ml,FallNoTiming_Full,132,0.46288702928870296,best_val_f1_then_precision_with_recall088_tiebreak,149,6,2,23,0.7931034482758621,0.92,0.8518518518518519,0.9555555555555556,0.9921290322580645,0.960086799870134,-1,300,RandomForest trees=300 fall / 200 direction
FALL_RandomForest_FallNoTiming_Full_E3_BITS_WEDA_MIXED,E3_BITS_WEDA_MIXED,E3_BITS_WEDA_MIXED,bits+weda,RandomForest,fall_only_ml,FallNoTiming_Full,132,0.34728033472803344,best_val_f1_then_precision_with_recall088_tiebreak,619,16,9,64,0.8,0.8767123287671232,0.8366013071895425,0.9646892655367232,0.9759896451299751,0.9212124738007041,5,300,RandomForest trees=300 fall / 200 direction
FALL_RandomForest_FallNoTiming_Full_E3_BITS_WEDA_MIXED,E6_E3_MIXED_TEST_BITS,E3_BITS_WEDA_MIXED,bits,RandomForest,fall_only_ml,FallNoTiming_Full,132,0.34728033472803344,best_val_f1_then_precision_with_recall088_tiebreak,479,1,7,41,0.9761904761904762,0.8541666666666666,0.9111111111111111,0.9848484848484849,0.9763237847222221,0.949644631784752,-1,300,RandomForest trees=300 fall / 200 direction
FALL_RandomForest_FallNoTiming_Full_E3_BITS_WEDA_MIXED,E7_E3_MIXED_TEST_WEDA,E3_BITS_WEDA_MIXED,weda,RandomForest,fall_only_ml,FallNoTiming_Full,132,0.34728033472803344,best_val_f1_then_precision_with_recall088_tiebreak,140,15,2,23,0.6052631578947368,0.92,0.7301587301587301,0.9055555555555556,0.9820645161290323,0.9182415402025176,6,300,RandomForest trees=300 fall / 200 direction
FALL_RandomForest_FallNoTiming_Full_E4_BITS_TO_WEDA,E4_BITS_TO_WEDA,E4_BITS_TO_WEDA,weda,RandomForest,fall_only_ml,FallNoTiming_Full,132,0.4962482566248257,best_val_f1_then_precision_with_recall088_tiebreak,116,39,0,25,0.390625,1.0,0.5617977528089888,0.7833333333333333,0.9411612903225806,0.7254244101823363,5,300,RandomForest trees=300 fall / 200 direction
FALL_RandomForest_FallNoTiming_Full_E5_WEDA_TO_BITS,E5_WEDA_TO_BITS,E5_WEDA_TO_BITS,bits,RandomForest,fall_only_ml,FallNoTiming_Full,132,0.46288702928870296,best_val_f1_then_precision_with_recall088_tiebreak,478,2,20,28,0.9333333333333333,0.5833333333333334,0.717948717948718,0.9583333333333334,0.963845486111111,0.8677773298275737,3,300,RandomForest trees=300 fall / 200 direction
FALL_RandomForest_FallNoTiming_Full_E6_E3_MIXED_TEST_BITS,E6_E3_MIXED_TEST_BITS,E3_BITS_WEDA_MIXED_REUSED,bits,RandomForest,fall_only_ml,FallNoTiming_Full,132,0.34728033472803344,best_val_f1_then_precision_with_recall088_tiebreak,479,1,7,41,0.9761904761904762,0.8541666666666666,0.9111111111111111,0.9848484848484849,0.9763237847222221,0.949644631784752,-1,300,RandomForest trees=300 fall / 200 direction
FALL_RandomForest_FallNoTiming_Full_E7_E3_MIXED_TEST_WEDA,E7_E3_MIXED_TEST_WEDA,E3_BITS_WEDA_MIXED_REUSED,weda,RandomForest,fall_only_ml,FallNoTiming_Full,132,0.34728033472803344,best_val_f1_then_precision_with_recall088_tiebreak,140,15,2,23,0.6052631578947368,0.92,0.7301587301587301,0.9055555555555556,0.9820645161290323,0.9182415402025176,6,300,RandomForest trees=300 fall / 200 direction
FALL_GradientBoosting_FallNoTiming_Full_E1_BITS_TO_BITS,E1_BITS_TO_BITS,E1_BITS_TO_BITS,bits,GradientBoosting,fall_only_ml,FallNoTiming_Full,132,0.6235903918421675,best_val_f1_then_precision_with_recall088_tiebreak,478,2,8,40,0.9523809523809523,0.8333333333333334,0.8888888888888888,0.9810606060606061,0.9817708333333333,0.9517911254398667,0,100,GradientBoosting default trees=100
FALL_GradientBoosting_FallNoTiming_Full_E2_WEDA_TO_WEDA,E2_WEDA_TO_WEDA,E2_WEDA_TO_WEDA,weda,GradientBoosting,fall_only_ml,FallNoTiming_Full,132,0.7187731120959577,best_val_f1_then_precision_with_recall088_tiebreak,152,3,3,22,0.88,0.88,0.88,0.9666666666666667,0.9912258064516128,0.9626091204934958,2,100,GradientBoosting default trees=100
FALL_GradientBoosting_FallNoTiming_Full_E3_BITS_WEDA_MIXED,E3_BITS_WEDA_MIXED,E3_BITS_WEDA_MIXED,bits+weda,GradientBoosting,fall_only_ml,FallNoTiming_Full,132,0.48460387851025294,best_val_f1_then_precision_with_recall088_tiebreak,628,7,11,62,0.8985507246376812,0.8493150684931506,0.8732394366197183,0.9745762711864406,0.9833567036997086,0.9355970977588354,14,100,GradientBoosting default trees=100
FALL_GradientBoosting_FallNoTiming_Full_E3_BITS_WEDA_MIXED,E6_E3_MIXED_TEST_BITS,E3_BITS_WEDA_MIXED,bits,GradientBoosting,fall_only_ml,FallNoTiming_Full,132,0.48460387851025294,best_val_f1_then_precision_with_recall088_tiebreak,480,0,9,39,1.0,0.8125,0.896551724137931,0.9829545454545454,0.9877387152777778,0.9554014080837365,0,100,GradientBoosting default trees=100
FALL_GradientBoosting_FallNoTiming_Full_E3_BITS_WEDA_MIXED,E7_E3_MIXED_TEST_WEDA,E3_BITS_WEDA_MIXED,weda,GradientBoosting,fall_only_ml,FallNoTiming_Full,132,0.48460387851025294,best_val_f1_then_precision_with_recall088_tiebreak,148,7,2,23,0.7666666666666667,0.92,0.8363636363636363,0.95,0.9816774193548388,0.9410734472049691,14,100,GradientBoosting default trees=100
FALL_GradientBoosting_FallNoTiming_Full_E4_BITS_TO_WEDA,E4_BITS_TO_WEDA,E4_BITS_TO_WEDA,weda,GradientBoosting,fall_only_ml,FallNoTiming_Full,132,0.6235903918421675,best_val_f1_then_precision_with_recall088_tiebreak,94,61,1,24,0.2823529411764706,0.96,0.43636363636363634,0.6555555555555556,0.9065806451612903,0.6423071843214023,-17,100,GradientBoosting default trees=100
FALL_GradientBoosting_FallNoTiming_Full_E5_WEDA_TO_BITS,E5_WEDA_TO_BITS,E5_WEDA_TO_BITS,bits,GradientBoosting,fall_only_ml,FallNoTiming_Full,132,0.7187731120959577,best_val_f1_then_precision_with_recall088_tiebreak,477,3,15,33,0.9166666666666666,0.6875,0.7857142857142857,0.9659090909090909,0.9384765625,0.8752666711597591,2,100,GradientBoosting default trees=100
FALL_GradientBoosting_FallNoTiming_Full_E6_E3_MIXED_TEST_BITS,E6_E3_MIXED_TEST_BITS,E3_BITS_WEDA_MIXED_REUSED,bits,GradientBoosting,fall_only_ml,FallNoTiming_Full,132,0.48460387851025294,best_val_f1_then_precision_with_recall088_tiebreak,480,0,9,39,1.0,0.8125,0.896551724137931,0.9829545454545454,0.9877387152777778,0.9554014080837365,0,100,GradientBoosting default trees=100
FALL_GradientBoosting_FallNoTiming_Full_E7_E3_MIXED_TEST_WEDA,E7_E3_MIXED_TEST_WEDA,E3_BITS_WEDA_MIXED_REUSED,weda,GradientBoosting,fall_only_ml,FallNoTiming_Full,132,0.48460387851025294,best_val_f1_then_precision_with_recall088_tiebreak,148,7,2,23,0.7666666666666667,0.92,0.8363636363636363,0.95,0.9816774193548388,0.9410734472049691,14,100,GradientBoosting default trees=100
FALL_HistGradientBoosting_FallNoTiming_Full_E1_BITS_TO_BITS,E1_BITS_TO_BITS,E1_BITS_TO_BITS,bits,HistGradientBoosting,fall_only_ml,FallNoTiming_Full,132,0.12552300329652522,best_val_f1_then_precision_with_recall088_tiebreak,474,6,3,45,0.8823529411764706,0.9375,0.9090909090909091,0.9829545454545454,0.983984375,0.967337933337497,-4,140,HistGradientBoosting max_iter=140
FALL_HistGradientBoosting_FallNoTiming_Full_E2_WEDA_TO_WEDA,E2_WEDA_TO_WEDA,E2_WEDA_TO_WEDA,weda,HistGradientBoosting,fall_only_ml,FallNoTiming_Full,132,0.6736389267734862,best_val_f1_then_precision_with_recall088_tiebreak,152,3,2,23,0.8846153846153846,0.92,0.9019607843137255,0.9722222222222222,0.9974193548387097,0.9864367816091955,2,140,HistGradientBoosting max_iter=140
FALL_HistGradientBoosting_FallNoTiming_Full_E3_BITS_WEDA_MIXED,E3_BITS_WEDA_MIXED,E3_BITS_WEDA_MIXED,bits+weda,HistGradientBoosting,fall_only_ml,FallNoTiming_Full,132,0.07112964762469026,best_val_f1_then_precision_with_recall088_tiebreak,625,10,6,67,0.8701298701298701,0.9178082191780822,0.8933333333333333,0.9774011299435028,0.9825477294790206,0.9549181840974719,11,140,HistGradientBoosting max_iter=140
FALL_HistGradientBoosting_FallNoTiming_Full_E3_BITS_WEDA_MIXED,E6_E3_MIXED_TEST_BITS,E3_BITS_WEDA_MIXED,bits,HistGradientBoosting,fall_only_ml,FallNoTiming_Full,132,0.07112964762469026,best_val_f1_then_precision_with_recall088_tiebreak,480,0,5,43,1.0,0.8958333333333334,0.945054945054945,0.990530303030303,0.9807291666666668,0.9622662634193049,0,140,HistGradientBoosting max_iter=140
FALL_HistGradientBoosting_FallNoTiming_Full_E3_BITS_WEDA_MIXED,E7_E3_MIXED_TEST_WEDA,E3_BITS_WEDA_MIXED,weda,HistGradientBoosting,fall_only_ml,FallNoTiming_Full,132,0.07112964762469026,best_val_f1_then_precision_with_recall088_tiebreak,145,10,1,24,0.7058823529411765,0.96,0.8135593220338984,0.9388888888888889,0.9891612903225806,0.9545921032989999,11,140,HistGradientBoosting max_iter=140
FALL_HistGradientBoosting_FallNoTiming_Full_E4_BITS_TO_WEDA,E4_BITS_TO_WEDA,E4_BITS_TO_WEDA,weda,HistGradientBoosting,fall_only_ml,FallNoTiming_Full,132,0.12552300329652522,best_val_f1_then_precision_with_recall088_tiebreak,88,67,0,25,0.2717391304347826,1.0,0.42735042735042733,0.6277777777777778,0.911741935483871,0.6717047608644531,-23,140,HistGradientBoosting max_iter=140
FALL_HistGradientBoosting_FallNoTiming_Full_E5_WEDA_TO_BITS,E5_WEDA_TO_BITS,E5_WEDA_TO_BITS,bits,HistGradientBoosting,fall_only_ml,FallNoTiming_Full,132,0.6736389267734862,best_val_f1_then_precision_with_recall088_tiebreak,474,6,19,29,0.8285714285714286,0.6041666666666666,0.6987951807228916,0.9526515151515151,0.9612630208333334,0.861943145123743,-1,140,HistGradientBoosting max_iter=140
FALL_HistGradientBoosting_FallNoTiming_Full_E6_E3_MIXED_TEST_BITS,E6_E3_MIXED_TEST_BITS,E3_BITS_WEDA_MIXED_REUSED,bits,HistGradientBoosting,fall_only_ml,FallNoTiming_Full,132,0.07112964762469026,best_val_f1_then_precision_with_recall088_tiebreak,480,0,5,43,1.0,0.8958333333333334,0.945054945054945,0.990530303030303,0.9807291666666668,0.9622662634193049,0,140,HistGradientBoosting max_iter=140
FALL_HistGradientBoosting_FallNoTiming_Full_E7_E3_MIXED_TEST_WEDA,E7_E3_MIXED_TEST_WEDA,E3_BITS_WEDA_MIXED_REUSED,weda,HistGradientBoosting,fall_only_ml,FallNoTiming_Full,132,0.07112964762469026,best_val_f1_then_precision_with_recall088_tiebreak,145,10,1,24,0.7058823529411765,0.96,0.8135593220338984,0.9388888888888889,0.9891612903225806,0.9545921032989999,11,140,HistGradientBoosting max_iter=140
