pipeline,experiment_id,train_protocol,source,E2E_Direction_Macro_F1,coverage,correct_rate,forward_f1,backward_f1,lateral_f1,direction_n_supervised
D1_Tiny_DSConv_Direction_E1_BITS_TO_BITS_seed42_lr0.001,E1_BITS_TO_BITS,E1_BITS_TO_BITS,lightweight_direction_with_best_fall,0.6262626262626263,0.8055555555555556,0.6388888888888888,0.8484848484848485,0.36363636363636365,0.6666666666666666,36
D1_Tiny_DSConv_Direction_E2_WEDA_TO_WEDA_seed42_lr0.001,E2_WEDA_TO_WEDA,E2_WEDA_TO_WEDA,lightweight_direction_with_best_fall,0.7218045112781954,0.88,0.68,0.5714285714285714,0.7368421052631579,0.8571428571428571,25
D1_Tiny_DSConv_Direction_E3_BITS_WEDA_MIXED_seed42_lr0.001,E3_BITS_WEDA_MIXED,E3_BITS_WEDA_MIXED,lightweight_direction_with_best_fall,0.7115261813537676,0.8524590163934426,0.6721311475409836,0.7916666666666666,0.6206896551724138,0.7222222222222222,61
D1_Tiny_DSConv_Direction_E3_BITS_WEDA_MIXED_seed42_lr0.001,E6_E3_MIXED_TEST_BITS,E3_BITS_WEDA_MIXED,lightweight_direction_with_best_fall,0.5821751880657912,0.8055555555555556,0.5833333333333334,0.7741935483870968,0.36363636363636365,0.6086956521739131,36
D1_Tiny_DSConv_Direction_E3_BITS_WEDA_MIXED_seed42_lr0.001,E7_E3_MIXED_TEST_WEDA,E3_BITS_WEDA_MIXED,lightweight_direction_with_best_fall,0.8414613708731356,0.92,0.8,0.8235294117647058,0.7777777777777778,0.9230769230769231,25
D1_Tiny_DSConv_Direction_E4_BITS_TO_WEDA_seed42_lr0.001,E4_BITS_TO_WEDA,E4_BITS_TO_WEDA,lightweight_direction_with_best_fall,0.1843137254901961,0.96,0.2,0.35294117647058826,0.0,0.2,25
D1_Tiny_DSConv_Direction_E5_WEDA_TO_BITS_seed42_lr0.001,E5_WEDA_TO_BITS,E5_WEDA_TO_BITS,lightweight_direction_with_best_fall,0.5002970885323826,0.6944444444444444,0.5277777777777778,0.8484848484848485,0.18181818181818182,0.47058823529411764,36
D1_Tiny_DSConv_Direction_E1_BITS_TO_BITS_seed42_lr0.0005,E1_BITS_TO_BITS,E1_BITS_TO_BITS,lightweight_direction_with_best_fall,0.6383838383838384,0.8055555555555556,0.6388888888888888,0.7878787878787878,0.4,0.7272727272727273,36
D1_Tiny_DSConv_Direction_E2_WEDA_TO_WEDA_seed42_lr0.0005,E2_WEDA_TO_WEDA,E2_WEDA_TO_WEDA,lightweight_direction_with_best_fall,0.8116402116402117,0.88,0.76,0.7777777777777778,0.8,0.8571428571428571,25
D1_Tiny_DSConv_Direction_E3_BITS_WEDA_MIXED_seed42_lr0.0005,E3_BITS_WEDA_MIXED,E3_BITS_WEDA_MIXED,lightweight_direction_with_best_fall,0.714871794871795,0.8524590163934426,0.6721311475409836,0.76,0.6666666666666666,0.717948717948718,61
D1_Tiny_DSConv_Direction_E3_BITS_WEDA_MIXED_seed42_lr0.0005,E6_E3_MIXED_TEST_BITS,E3_BITS_WEDA_MIXED,lightweight_direction_with_best_fall,0.5980406212664278,0.8055555555555556,0.5833333333333334,0.7096774193548387,0.4444444444444444,0.64,36
D1_Tiny_DSConv_Direction_E3_BITS_WEDA_MIXED_seed42_lr0.0005,E7_E3_MIXED_TEST_WEDA,E3_BITS_WEDA_MIXED,lightweight_direction_with_best_fall,0.8330827067669172,0.92,0.8,0.8421052631578947,0.8,0.8571428571428571,25
D1_Tiny_DSConv_Direction_E4_BITS_TO_WEDA_seed42_lr0.0005,E4_BITS_TO_WEDA,E4_BITS_TO_WEDA,lightweight_direction_with_best_fall,0.15273477812177502,0.96,0.16,0.35294117647058826,0.0,0.10526315789473684,25
D1_Tiny_DSConv_Direction_E5_WEDA_TO_BITS_seed42_lr0.0005,E5_WEDA_TO_BITS,E5_WEDA_TO_BITS,lightweight_direction_with_best_fall,0.4980392156862745,0.6944444444444444,0.5277777777777778,0.8235294117647058,0.2,0.47058823529411764,36
D2_Micro_TCN_Direction_E1_BITS_TO_BITS_seed42_lr0.001,E1_BITS_TO_BITS,E1_BITS_TO_BITS,lightweight_direction_with_best_fall,0.6878306878306878,0.8055555555555556,0.6944444444444444,0.8571428571428571,0.4444444444444444,0.7619047619047619,36
D2_Micro_TCN_Direction_E2_WEDA_TO_WEDA_seed42_lr0.001,E2_WEDA_TO_WEDA,E2_WEDA_TO_WEDA,lightweight_direction_with_best_fall,0.37985347985347984,0.88,0.4,0.7,0.15384615384615385,0.2857142857142857,25
D2_Micro_TCN_Direction_E3_BITS_WEDA_MIXED_seed42_lr0.001,E3_BITS_WEDA_MIXED,E3_BITS_WEDA_MIXED,lightweight_direction_with_best_fall,0.739651215841692,0.8524590163934426,0.6885245901639344,0.7755102040816326,0.7407407407407407,0.7027027027027027,61
D2_Micro_TCN_Direction_E3_BITS_WEDA_MIXED_seed42_lr0.001,E6_E3_MIXED_TEST_BITS,E3_BITS_WEDA_MIXED,lightweight_direction_with_best_fall,0.6918459961938223,0.8055555555555556,0.6944444444444444,0.8484848484848485,0.4444444444444444,0.782608695652174,36
D2_Micro_TCN_Direction_E3_BITS_WEDA_MIXED_seed42_lr0.001,E7_E3_MIXED_TEST_WEDA,E3_BITS_WEDA_MIXED,lightweight_direction_with_best_fall,0.6951058201058201,0.92,0.68,0.625,0.8888888888888888,0.5714285714285714,25
D2_Micro_TCN_Direction_E4_BITS_TO_WEDA_seed42_lr0.001,E4_BITS_TO_WEDA,E4_BITS_TO_WEDA,lightweight_direction_with_best_fall,0.27017543859649124,0.96,0.32,0.6,0.0,0.21052631578947367,25
D2_Micro_TCN_Direction_E5_WEDA_TO_BITS_seed42_lr0.001,E5_WEDA_TO_BITS,E5_WEDA_TO_BITS,lightweight_direction_with_best_fall,0.5606060606060607,0.6944444444444444,0.5555555555555556,0.8484848484848485,0.3333333333333333,0.5,36
D2_Micro_TCN_Direction_E1_BITS_TO_BITS_seed42_lr0.0005,E1_BITS_TO_BITS,E1_BITS_TO_BITS,lightweight_direction_with_best_fall,0.7272727272727274,0.8055555555555556,0.7222222222222222,0.8484848484848485,0.5,0.8333333333333334,36
D2_Micro_TCN_Direction_E2_WEDA_TO_WEDA_seed42_lr0.0005,E2_WEDA_TO_WEDA,E2_WEDA_TO_WEDA,lightweight_direction_with_best_fall,0.5132275132275131,0.88,0.48,0.6666666666666666,0.42857142857142855,0.4444444444444444,25
D2_Micro_TCN_Direction_E3_BITS_WEDA_MIXED_seed42_lr0.0005,E3_BITS_WEDA_MIXED,E3_BITS_WEDA_MIXED,lightweight_direction_with_best_fall,0.7228571428571429,0.8524590163934426,0.6885245901639344,0.84,0.6428571428571429,0.6857142857142857,61
D2_Micro_TCN_Direction_E3_BITS_WEDA_MIXED_seed42_lr0.0005,E6_E3_MIXED_TEST_BITS,E3_BITS_WEDA_MIXED,lightweight_direction_with_best_fall,0.6486631016042781,0.8055555555555556,0.6666666666666666,0.8823529411764706,0.36363636363636365,0.7,36
D2_Micro_TCN_Direction_E3_BITS_WEDA_MIXED_seed42_lr0.0005,E7_E3_MIXED_TEST_WEDA,E3_BITS_WEDA_MIXED,lightweight_direction_with_best_fall,0.7467320261437909,0.92,0.72,0.75,0.8235294117647058,0.6666666666666666,25
D2_Micro_TCN_Direction_E4_BITS_TO_WEDA_seed42_lr0.0005,E4_BITS_TO_WEDA,E4_BITS_TO_WEDA,lightweight_direction_with_best_fall,0.3725981620718463,0.96,0.44,0.7368421052631579,0.0,0.38095238095238093,25
D2_Micro_TCN_Direction_E5_WEDA_TO_BITS_seed42_lr0.0005,E5_WEDA_TO_BITS,E5_WEDA_TO_BITS,lightweight_direction_with_best_fall,0.4757936507936507,0.6944444444444444,0.5,0.875,0.26666666666666666,0.2857142857142857,36
D3_A5_Direction_Small_050_E1_BITS_TO_BITS_seed42_lr0.001,E1_BITS_TO_BITS,E1_BITS_TO_BITS,lightweight_direction_with_best_fall,0.5621212121212121,0.8055555555555556,0.6111111111111112,0.8,0.25,0.6363636363636364,36
D3_A5_Direction_Small_050_E2_WEDA_TO_WEDA_seed42_lr0.001,E2_WEDA_TO_WEDA,E2_WEDA_TO_WEDA,lightweight_direction_with_best_fall,0.5527777777777777,0.88,0.52,0.625,0.5333333333333333,0.5,25
D3_A5_Direction_Small_050_E3_BITS_WEDA_MIXED_seed42_lr0.001,E3_BITS_WEDA_MIXED,E3_BITS_WEDA_MIXED,lightweight_direction_with_best_fall,0.5730579063912398,0.8524590163934426,0.6065573770491803,0.8518518518518519,0.2727272727272727,0.5945945945945946,61
D3_A5_Direction_Small_050_E3_BITS_WEDA_MIXED_seed42_lr0.001,E6_E3_MIXED_TEST_BITS,E3_BITS_WEDA_MIXED,lightweight_direction_with_best_fall,0.6174527227158806,0.8055555555555556,0.6388888888888888,0.8571428571428571,0.36363636363636365,0.631578947368421,36
D3_A5_Direction_Small_050_E3_BITS_WEDA_MIXED_seed42_lr0.001,E7_E3_MIXED_TEST_WEDA,E3_BITS_WEDA_MIXED,lightweight_direction_with_best_fall,0.5264930001772107,0.92,0.56,0.8421052631578947,0.18181818181818182,0.5555555555555556,25
D3_A5_Direction_Small_050_E4_BITS_TO_WEDA_seed42_lr0.001,E4_BITS_TO_WEDA,E4_BITS_TO_WEDA,lightweight_direction_with_best_fall,0.48188405797101447,0.96,0.56,0.6956521739130435,0.0,0.75,25
D3_A5_Direction_Small_050_E5_WEDA_TO_BITS_seed42_lr0.001,E5_WEDA_TO_BITS,E5_WEDA_TO_BITS,lightweight_direction_with_best_fall,0.518954248366013,0.6944444444444444,0.5277777777777778,0.8235294117647058,0.3333333333333333,0.4,36
D3_A5_Direction_Small_050_E1_BITS_TO_BITS_seed42_lr0.0005,E1_BITS_TO_BITS,E1_BITS_TO_BITS,lightweight_direction_with_best_fall,0.5681818181818182,0.8055555555555556,0.6111111111111112,0.7878787878787878,0.25,0.6666666666666666,36
D3_A5_Direction_Small_050_E2_WEDA_TO_WEDA_seed42_lr0.0005,E2_WEDA_TO_WEDA,E2_WEDA_TO_WEDA,lightweight_direction_with_best_fall,0.5056022408963585,0.88,0.48,0.5882352941176471,0.42857142857142855,0.5,25
D3_A5_Direction_Small_050_E3_BITS_WEDA_MIXED_seed42_lr0.0005,E3_BITS_WEDA_MIXED,E3_BITS_WEDA_MIXED,lightweight_direction_with_best_fall,0.685855923951162,0.8524590163934426,0.6557377049180327,0.8163265306122449,0.5925925925925926,0.6486486486486487,61
D3_A5_Direction_Small_050_E3_BITS_WEDA_MIXED_seed42_lr0.0005,E6_E3_MIXED_TEST_BITS,E3_BITS_WEDA_MIXED,lightweight_direction_with_best_fall,0.6300653594771242,0.8055555555555556,0.6388888888888888,0.8235294117647058,0.4,0.6666666666666666,36
D3_A5_Direction_Small_050_E3_BITS_WEDA_MIXED_seed42_lr0.0005,E7_E3_MIXED_TEST_WEDA,E3_BITS_WEDA_MIXED,lightweight_direction_with_best_fall,0.7102941176470589,0.92,0.68,0.8,0.7058823529411765,0.625,25
D3_A5_Direction_Small_050_E4_BITS_TO_WEDA_seed42_lr0.0005,E4_BITS_TO_WEDA,E4_BITS_TO_WEDA,lightweight_direction_with_best_fall,0.47771836007130125,0.96,0.56,0.7272727272727273,0.0,0.7058823529411765,25
D3_A5_Direction_Small_050_E5_WEDA_TO_BITS_seed42_lr0.0005,E5_WEDA_TO_BITS,E5_WEDA_TO_BITS,lightweight_direction_with_best_fall,0.5187257187257187,0.6944444444444444,0.5277777777777778,0.8484848484848485,0.3076923076923077,0.4,36
D4_A5_Direction_Small_025_E1_BITS_TO_BITS_seed42_lr0.001,E1_BITS_TO_BITS,E1_BITS_TO_BITS,lightweight_direction_with_best_fall,0.6300653594771242,0.8055555555555556,0.6388888888888888,0.8235294117647058,0.4,0.6666666666666666,36
D4_A5_Direction_Small_025_E2_WEDA_TO_WEDA_seed42_lr0.001,E2_WEDA_TO_WEDA,E2_WEDA_TO_WEDA,lightweight_direction_with_best_fall,0.6285200179937022,0.88,0.6,0.5333333333333333,0.7368421052631579,0.6153846153846154,25
D4_A5_Direction_Small_025_E3_BITS_WEDA_MIXED_seed42_lr0.001,E3_BITS_WEDA_MIXED,E3_BITS_WEDA_MIXED,lightweight_direction_with_best_fall,0.5626834381551363,0.8524590163934426,0.5573770491803278,0.7547169811320755,0.5333333333333333,0.4,61
D4_A5_Direction_Small_025_E3_BITS_WEDA_MIXED_seed42_lr0.001,E6_E3_MIXED_TEST_BITS,E3_BITS_WEDA_MIXED,lightweight_direction_with_best_fall,0.562962962962963,0.8055555555555556,0.5833333333333334,0.8,0.3333333333333333,0.5555555555555556,36
D4_A5_Direction_Small_025_E3_BITS_WEDA_MIXED_seed42_lr0.001,E7_E3_MIXED_TEST_WEDA,E3_BITS_WEDA_MIXED,lightweight_direction_with_best_fall,0.5,0.92,0.52,0.6666666666666666,0.6666666666666666,0.16666666666666666,25
D4_A5_Direction_Small_025_E4_BITS_TO_WEDA_seed42_lr0.001,E4_BITS_TO_WEDA,E4_BITS_TO_WEDA,lightweight_direction_with_best_fall,0.4456140350877193,0.96,0.52,0.7368421052631579,0.0,0.6,25
D4_A5_Direction_Small_025_E5_WEDA_TO_BITS_seed42_lr0.001,E5_WEDA_TO_BITS,E5_WEDA_TO_BITS,lightweight_direction_with_best_fall,0.48771468885320884,0.6944444444444444,0.5,0.8387096774193549,0.15384615384615385,0.47058823529411764,36
D4_A5_Direction_Small_025_E1_BITS_TO_BITS_seed42_lr0.0005,E1_BITS_TO_BITS,E1_BITS_TO_BITS,lightweight_direction_with_best_fall,0.4329004329004329,0.8055555555555556,0.5277777777777778,0.7272727272727273,0.2857142857142857,0.2857142857142857,36
D4_A5_Direction_Small_025_E2_WEDA_TO_WEDA_seed42_lr0.0005,E2_WEDA_TO_WEDA,E2_WEDA_TO_WEDA,lightweight_direction_with_best_fall,0.6361111111111111,0.88,0.6,0.625,0.75,0.5333333333333333,25
D4_A5_Direction_Small_025_E3_BITS_WEDA_MIXED_seed42_lr0.0005,E3_BITS_WEDA_MIXED,E3_BITS_WEDA_MIXED,lightweight_direction_with_best_fall,0.5412698412698412,0.8524590163934426,0.5573770491803278,0.8,0.4666666666666667,0.35714285714285715,61
D4_A5_Direction_Small_025_E3_BITS_WEDA_MIXED_seed42_lr0.0005,E6_E3_MIXED_TEST_BITS,E3_BITS_WEDA_MIXED,lightweight_direction_with_best_fall,0.48690476190476195,0.8055555555555556,0.5277777777777778,0.8,0.2857142857142857,0.375,36
D4_A5_Direction_Small_025_E3_BITS_WEDA_MIXED_seed42_lr0.0005,E7_E3_MIXED_TEST_WEDA,E3_BITS_WEDA_MIXED,lightweight_direction_with_best_fall,0.5861111111111111,0.92,0.6,0.8,0.625,0.3333333333333333,25
D4_A5_Direction_Small_025_E4_BITS_TO_WEDA_seed42_lr0.0005,E4_BITS_TO_WEDA,E4_BITS_TO_WEDA,lightweight_direction_with_best_fall,0.30158730158730157,0.96,0.4,0.5714285714285714,0.0,0.3333333333333333,25
D4_A5_Direction_Small_025_E5_WEDA_TO_BITS_seed42_lr0.0005,E5_WEDA_TO_BITS,E5_WEDA_TO_BITS,lightweight_direction_with_best_fall,0.47301587301587295,0.6944444444444444,0.5,0.8,0.3333333333333333,0.2857142857142857,36
D5_Tiny_GRU_Direction_E1_BITS_TO_BITS_seed42_lr0.001,E1_BITS_TO_BITS,E1_BITS_TO_BITS,lightweight_direction_with_best_fall,0.5941666666666666,0.8055555555555556,0.6388888888888888,0.8125,0.25,0.72,36
D5_Tiny_GRU_Direction_E2_WEDA_TO_WEDA_seed42_lr0.001,E2_WEDA_TO_WEDA,E2_WEDA_TO_WEDA,lightweight_direction_with_best_fall,0.7777777777777778,0.88,0.72,0.7,0.8,0.8333333333333334,25
D5_Tiny_GRU_Direction_E3_BITS_WEDA_MIXED_seed42_lr0.001,E3_BITS_WEDA_MIXED,E3_BITS_WEDA_MIXED,lightweight_direction_with_best_fall,0.5348810348810349,0.8524590163934426,0.5409836065573771,0.7307692307692307,0.3333333333333333,0.5405405405405406,61
D5_Tiny_GRU_Direction_E3_BITS_WEDA_MIXED_seed42_lr0.001,E6_E3_MIXED_TEST_BITS,E3_BITS_WEDA_MIXED,lightweight_direction_with_best_fall,0.444927536231884,0.8055555555555556,0.4722222222222222,0.7333333333333333,0.16666666666666666,0.43478260869565216,36
D5_Tiny_GRU_Direction_E3_BITS_WEDA_MIXED_seed42_lr0.001,E7_E3_MIXED_TEST_WEDA,E3_BITS_WEDA_MIXED,lightweight_direction_with_best_fall,0.6471861471861472,0.92,0.64,0.7272727272727273,0.5,0.7142857142857143,25
D5_Tiny_GRU_Direction_E4_BITS_TO_WEDA_seed42_lr0.001,E4_BITS_TO_WEDA,E4_BITS_TO_WEDA,lightweight_direction_with_best_fall,0.46222222222222226,0.96,0.56,0.72,0.0,0.6666666666666666,25
D5_Tiny_GRU_Direction_E5_WEDA_TO_BITS_seed42_lr0.001,E5_WEDA_TO_BITS,E5_WEDA_TO_BITS,lightweight_direction_with_best_fall,0.43771231793010373,0.6944444444444444,0.4166666666666667,0.6896551724137931,0.3076923076923077,0.3157894736842105,36
D5_Tiny_GRU_Direction_E1_BITS_TO_BITS_seed42_lr0.0005,E1_BITS_TO_BITS,E1_BITS_TO_BITS,lightweight_direction_with_best_fall,0.6028022157054416,0.8055555555555556,0.6111111111111112,0.8387096774193549,0.3333333333333333,0.6363636363636364,36
D5_Tiny_GRU_Direction_E2_WEDA_TO_WEDA_seed42_lr0.0005,E2_WEDA_TO_WEDA,E2_WEDA_TO_WEDA,lightweight_direction_with_best_fall,0.7777777777777778,0.88,0.72,0.7,0.8,0.8333333333333334,25
D5_Tiny_GRU_Direction_E3_BITS_WEDA_MIXED_seed42_lr0.0005,E3_BITS_WEDA_MIXED,E3_BITS_WEDA_MIXED,lightweight_direction_with_best_fall,0.561879526585409,0.8524590163934426,0.5573770491803278,0.7450980392156863,0.4,0.5405405405405406,61
D5_Tiny_GRU_Direction_E3_BITS_WEDA_MIXED_seed42_lr0.0005,E6_E3_MIXED_TEST_BITS,E3_BITS_WEDA_MIXED,lightweight_direction_with_best_fall,0.444927536231884,0.8055555555555556,0.4722222222222222,0.7333333333333333,0.16666666666666666,0.43478260869565216,36
D5_Tiny_GRU_Direction_E3_BITS_WEDA_MIXED_seed42_lr0.0005,E7_E3_MIXED_TEST_WEDA,E3_BITS_WEDA_MIXED,lightweight_direction_with_best_fall,0.6971916971916973,0.92,0.68,0.7619047619047619,0.6153846153846154,0.7142857142857143,25
D5_Tiny_GRU_Direction_E4_BITS_TO_WEDA_seed42_lr0.0005,E4_BITS_TO_WEDA,E4_BITS_TO_WEDA,lightweight_direction_with_best_fall,0.5787284610814023,0.96,0.6,0.6666666666666666,0.7058823529411765,0.36363636363636365,25
D5_Tiny_GRU_Direction_E5_WEDA_TO_BITS_seed42_lr0.0005,E5_WEDA_TO_BITS,E5_WEDA_TO_BITS,lightweight_direction_with_best_fall,0.43771231793010373,0.6944444444444444,0.4166666666666667,0.6896551724137931,0.3076923076923077,0.3157894736842105,36
D6_Summary_MLP_DirectionCore_E1_BITS_TO_BITS_seed42_lr0.001,E1_BITS_TO_BITS,E1_BITS_TO_BITS,lightweight_direction_with_best_fall,0.7041666666666666,0.8055555555555556,0.6944444444444444,0.8125,0.5,0.8,36
D6_Summary_MLP_DirectionCore_E2_WEDA_TO_WEDA_seed42_lr0.001,E2_WEDA_TO_WEDA,E2_WEDA_TO_WEDA,lightweight_direction_with_best_fall,0.6220043572984749,0.88,0.56,0.4444444444444444,0.5882352941176471,0.8333333333333334,25
D6_Summary_MLP_DirectionCore_E3_BITS_WEDA_MIXED_seed42_lr0.001,E3_BITS_WEDA_MIXED,E3_BITS_WEDA_MIXED,lightweight_direction_with_best_fall,0.6828064559156997,0.8524590163934426,0.639344262295082,0.7346938775510204,0.6470588235294118,0.6666666666666666,61
D6_Summary_MLP_DirectionCore_E3_BITS_WEDA_MIXED_seed42_lr0.001,E6_E3_MIXED_TEST_BITS,E3_BITS_WEDA_MIXED,lightweight_direction_with_best_fall,0.651702786377709,0.8055555555555556,0.6388888888888888,0.8235294117647058,0.5,0.631578947368421,36
D6_Summary_MLP_DirectionCore_E3_BITS_WEDA_MIXED_seed42_lr0.001,E7_E3_MIXED_TEST_WEDA,E3_BITS_WEDA_MIXED,lightweight_direction_with_best_fall,0.6626262626262627,0.92,0.64,0.5333333333333333,0.7272727272727273,0.7272727272727273,25
D6_Summary_MLP_DirectionCore_E4_BITS_TO_WEDA_seed42_lr0.001,E4_BITS_TO_WEDA,E4_BITS_TO_WEDA,lightweight_direction_with_best_fall,0.301994301994302,0.96,0.36,0.46153846153846156,0.0,0.4444444444444444,25
D6_Summary_MLP_DirectionCore_E5_WEDA_TO_BITS_seed42_lr0.001,E5_WEDA_TO_BITS,E5_WEDA_TO_BITS,lightweight_direction_with_best_fall,0.5450980392156862,0.6944444444444444,0.5277777777777778,0.7647058823529411,0.4,0.47058823529411764,36
D6_Summary_MLP_DirectionCore_E1_BITS_TO_BITS_seed42_lr0.0005,E1_BITS_TO_BITS,E1_BITS_TO_BITS,lightweight_direction_with_best_fall,0.7506393861892583,0.8055555555555556,0.75,0.8823529411764706,0.5,0.8695652173913043,36
D6_Summary_MLP_DirectionCore_E2_WEDA_TO_WEDA_seed42_lr0.0005,E2_WEDA_TO_WEDA,E2_WEDA_TO_WEDA,lightweight_direction_with_best_fall,0.6220043572984749,0.88,0.56,0.4444444444444444,0.5882352941176471,0.8333333333333334,25
D6_Summary_MLP_DirectionCore_E3_BITS_WEDA_MIXED_seed42_lr0.0005,E3_BITS_WEDA_MIXED,E3_BITS_WEDA_MIXED,lightweight_direction_with_best_fall,0.6828064559156997,0.8524590163934426,0.639344262295082,0.7346938775510204,0.6470588235294118,0.6666666666666666,61
D6_Summary_MLP_DirectionCore_E3_BITS_WEDA_MIXED_seed42_lr0.0005,E6_E3_MIXED_TEST_BITS,E3_BITS_WEDA_MIXED,lightweight_direction_with_best_fall,0.651702786377709,0.8055555555555556,0.6388888888888888,0.8235294117647058,0.5,0.631578947368421,36
D6_Summary_MLP_DirectionCore_E3_BITS_WEDA_MIXED_seed42_lr0.0005,E7_E3_MIXED_TEST_WEDA,E3_BITS_WEDA_MIXED,lightweight_direction_with_best_fall,0.6626262626262627,0.92,0.64,0.5333333333333333,0.7272727272727273,0.7272727272727273,25
D6_Summary_MLP_DirectionCore_E4_BITS_TO_WEDA_seed42_lr0.0005,E4_BITS_TO_WEDA,E4_BITS_TO_WEDA,lightweight_direction_with_best_fall,0.25071225071225073,0.96,0.32,0.3076923076923077,0.0,0.4444444444444444,25
D6_Summary_MLP_DirectionCore_E5_WEDA_TO_BITS_seed42_lr0.0005,E5_WEDA_TO_BITS,E5_WEDA_TO_BITS,lightweight_direction_with_best_fall,0.5011140819964349,0.6944444444444444,0.5,0.7647058823529411,0.36363636363636365,0.375,36
