window_id,dataset,source_path,source_folder,subject_id,trial_id,activity_id,activity_name,activity,fall_label,direction_label,direction_supervised,start_idx,end_idx,start_time,end_time,sampling_rate,window_size,stride_size,feature_order,source_hz,target_hz,resampling_method,window_rule,original_length,processed_length,fall_interval_start,fall_interval_end,unit_conversion,sensor_position,dataset_name,acc_unit_before,gyro_unit_before,acc_unit_after,gyro_unit_after,conversion_factor_acc,conversion_factor_gyro,unit_harmonized,split,true_fall,pred_fall,fall_prob,true_direction,pred_direction
w25_00003575,weda,C:\Users\ADMIN\Desktop\ds-fall\data\raw\WEDA-FALL-main\dataset\25Hz\D01\U04_R01_accel.csv,C:\Users\ADMIN\Desktop\ds-fall\data\raw\WEDA-FALL-main\dataset\25Hz,U04,D01_R01,D01,walking,walking,0,none,False,0,50,0.006,1.966,25.0,50,12,"ax,ay,az,gx,gy,gz,acc_mag,gyro_mag,jerk,roll,pitch,tilt_delta",25.0,25.0,raw_25hz_time_aligned_to_uniform_25hz,adl_sliding_capped,491,496,,,dataset_unit_map,wrist,weda,m/s^2,rad/s,m/s^2,rad/s,1.0,1.0,True,test,non_fall,non_fall,7.436898158630356e-05,none,forward
w25_00003576,weda,C:\Users\ADMIN\Desktop\ds-fall\data\raw\WEDA-FALL-main\dataset\25Hz\D01\U04_R01_accel.csv,C:\Users\ADMIN\Desktop\ds-fall\data\raw\WEDA-FALL-main\dataset\25Hz,U04,D01_R01,D01,walking,walking,0,none,False,12,62,0.486,2.4459999999999997,25.0,50,12,"ax,ay,az,gx,gy,gz,acc_mag,gyro_mag,jerk,roll,pitch,tilt_delta",25.0,25.0,raw_25hz_time_aligned_to_uniform_25hz,adl_sliding_capped,491,496,,,dataset_unit_map,wrist,weda,m/s^2,rad/s,m/s^2,rad/s,1.0,1.0,True,test,non_fall,non_fall,0.00036009299219585955,none,forward
w25_00003577,weda,C:\Users\ADMIN\Desktop\ds-fall\data\raw\WEDA-FALL-main\dataset\25Hz\D01\U04_R01_accel.csv,C:\Users\ADMIN\Desktop\ds-fall\data\raw\WEDA-FALL-main\dataset\25Hz,U04,D01_R01,D01,walking,walking,0,none,False,24,74,0.966,2.9259999999999997,25.0,50,12,"ax,ay,az,gx,gy,gz,acc_mag,gyro_mag,jerk,roll,pitch,tilt_delta",25.0,25.0,raw_25hz_time_aligned_to_uniform_25hz,adl_sliding_capped,491,496,,,dataset_unit_map,wrist,weda,m/s^2,rad/s,m/s^2,rad/s,1.0,1.0,True,test,non_fall,non_fall,0.00012008780322503299,none,forward
w25_00003578,weda,C:\Users\ADMIN\Desktop\ds-fall\data\raw\WEDA-FALL-main\dataset\25Hz\D01\U04_R01_accel.csv,C:\Users\ADMIN\Desktop\ds-fall\data\raw\WEDA-FALL-main\dataset\25Hz,U04,D01_R01,D01,walking,walking,0,none,False,36,86,1.446,3.4059999999999997,25.0,50,12,"ax,ay,az,gx,gy,gz,acc_mag,gyro_mag,jerk,roll,pitch,tilt_delta",25.0,25.0,raw_25hz_time_aligned_to_uniform_25hz,adl_sliding_capped,491,496,,,dataset_unit_map,wrist,weda,m/s^2,rad/s,m/s^2,rad/s,1.0,1.0,True,test,non_fall,non_fall,2.0462621250771917e-05,none,backward
w25_00003579,weda,C:\Users\ADMIN\Desktop\ds-fall\data\raw\WEDA-FALL-main\dataset\25Hz\D01\U04_R01_accel.csv,C:\Users\ADMIN\Desktop\ds-fall\data\raw\WEDA-FALL-main\dataset\25Hz,U04,D01_R01,D01,walking,walking,0,none,False,48,98,1.926,3.8859999999999997,25.0,50,12,"ax,ay,az,gx,gy,gz,acc_mag,gyro_mag,jerk,roll,pitch,tilt_delta",25.0,25.0,raw_25hz_time_aligned_to_uniform_25hz,adl_sliding_capped,491,496,,,dataset_unit_map,wrist,weda,m/s^2,rad/s,m/s^2,rad/s,1.0,1.0,True,test,non_fall,non_fall,7.299330718524288e-06,none,backward
w25_00003645,weda,C:\Users\ADMIN\Desktop\ds-fall\data\raw\WEDA-FALL-main\dataset\25Hz\D01\U24_R01_accel.csv,C:\Users\ADMIN\Desktop\ds-fall\data\raw\WEDA-FALL-main\dataset\25Hz,U24,D01_R01,D01,walking,walking,0,none,False,0,50,0.002,1.962,25.0,50,12,"ax,ay,az,gx,gy,gz,acc_mag,gyro_mag,jerk,roll,pitch,tilt_delta",25.0,25.0,raw_25hz_time_aligned_to_uniform_25hz,adl_sliding_capped,610,615,,,dataset_unit_map,wrist,weda,m/s^2,rad/s,m/s^2,rad/s,1.0,1.0,True,test,non_fall,non_fall,5.022920049668755e-06,none,forward
w25_00003646,weda,C:\Users\ADMIN\Desktop\ds-fall\data\raw\WEDA-FALL-main\dataset\25Hz\D01\U24_R01_accel.csv,C:\Users\ADMIN\Desktop\ds-fall\data\raw\WEDA-FALL-main\dataset\25Hz,U24,D01_R01,D01,walking,walking,0,none,False,12,62,0.482,2.4419999999999997,25.0,50,12,"ax,ay,az,gx,gy,gz,acc_mag,gyro_mag,jerk,roll,pitch,tilt_delta",25.0,25.0,raw_25hz_time_aligned_to_uniform_25hz,adl_sliding_capped,610,615,,,dataset_unit_map,wrist,weda,m/s^2,rad/s,m/s^2,rad/s,1.0,1.0,True,test,non_fall,non_fall,5.101960141473683e-06,none,forward
w25_00003647,weda,C:\Users\ADMIN\Desktop\ds-fall\data\raw\WEDA-FALL-main\dataset\25Hz\D01\U24_R01_accel.csv,C:\Users\ADMIN\Desktop\ds-fall\data\raw\WEDA-FALL-main\dataset\25Hz,U24,D01_R01,D01,walking,walking,0,none,False,24,74,0.962,2.9219999999999997,25.0,50,12,"ax,ay,az,gx,gy,gz,acc_mag,gyro_mag,jerk,roll,pitch,tilt_delta",25.0,25.0,raw_25hz_time_aligned_to_uniform_25hz,adl_sliding_capped,610,615,,,dataset_unit_map,wrist,weda,m/s^2,rad/s,m/s^2,rad/s,1.0,1.0,True,test,non_fall,non_fall,5.129055807628902e-06,none,forward
w25_00003648,weda,C:\Users\ADMIN\Desktop\ds-fall\data\raw\WEDA-FALL-main\dataset\25Hz\D01\U24_R01_accel.csv,C:\Users\ADMIN\Desktop\ds-fall\data\raw\WEDA-FALL-main\dataset\25Hz,U24,D01_R01,D01,walking,walking,0,none,False,36,86,1.442,3.4019999999999997,25.0,50,12,"ax,ay,az,gx,gy,gz,acc_mag,gyro_mag,jerk,roll,pitch,tilt_delta",25.0,25.0,raw_25hz_time_aligned_to_uniform_25hz,adl_sliding_capped,610,615,,,dataset_unit_map,wrist,weda,m/s^2,rad/s,m/s^2,rad/s,1.0,1.0,True,test,non_fall,non_fall,6.3583006522094365e-06,none,forward
w25_00003649,weda,C:\Users\ADMIN\Desktop\ds-fall\data\raw\WEDA-FALL-main\dataset\25Hz\D01\U24_R01_accel.csv,C:\Users\ADMIN\Desktop\ds-fall\data\raw\WEDA-FALL-main\dataset\25Hz,U24,D01_R01,D01,walking,walking,0,none,False,48,98,1.922,3.8819999999999997,25.0,50,12,"ax,ay,az,gx,gy,gz,acc_mag,gyro_mag,jerk,roll,pitch,tilt_delta",25.0,25.0,raw_25hz_time_aligned_to_uniform_25hz,adl_sliding_capped,610,615,,,dataset_unit_map,wrist,weda,m/s^2,rad/s,m/s^2,rad/s,1.0,1.0,True,test,non_fall,non_fall,1.7054029740393162e-05,none,forward
w25_00003650,weda,C:\Users\ADMIN\Desktop\ds-fall\data\raw\WEDA-FALL-main\dataset\25Hz\D01\U25_R01_accel.csv,C:\Users\ADMIN\Desktop\ds-fall\data\raw\WEDA-FALL-main\dataset\25Hz,U25,D01_R01,D01,walking,walking,0,none,False,0,50,0.002,1.962,25.0,50,12,"ax,ay,az,gx,gy,gz,acc_mag,gyro_mag,jerk,roll,pitch,tilt_delta",25.0,25.0,raw_25hz_time_aligned_to_uniform_25hz,adl_sliding_capped,456,461,,,dataset_unit_map,wrist,weda,m/s^2,rad/s,m/s^2,rad/s,1.0,1.0,True,test,non_fall,non_fall,3.845082119369181e-06,none,forward
w25_00003651,weda,C:\Users\ADMIN\Desktop\ds-fall\data\raw\WEDA-FALL-main\dataset\25Hz\D01\U25_R01_accel.csv,C:\Users\ADMIN\Desktop\ds-fall\data\raw\WEDA-FALL-main\dataset\25Hz,U25,D01_R01,D01,walking,walking,0,none,False,12,62,0.482,2.4419999999999997,25.0,50,12,"ax,ay,az,gx,gy,gz,acc_mag,gyro_mag,jerk,roll,pitch,tilt_delta",25.0,25.0,raw_25hz_time_aligned_to_uniform_25hz,adl_sliding_capped,456,461,,,dataset_unit_map,wrist,weda,m/s^2,rad/s,m/s^2,rad/s,1.0,1.0,True,test,non_fall,non_fall,4.7951493797881994e-06,none,forward
w25_00003652,weda,C:\Users\ADMIN\Desktop\ds-fall\data\raw\WEDA-FALL-main\dataset\25Hz\D01\U25_R01_accel.csv,C:\Users\ADMIN\Desktop\ds-fall\data\raw\WEDA-FALL-main\dataset\25Hz,U25,D01_R01,D01,walking,walking,0,none,False,24,74,0.962,2.9219999999999997,25.0,50,12,"ax,ay,az,gx,gy,gz,acc_mag,gyro_mag,jerk,roll,pitch,tilt_delta",25.0,25.0,raw_25hz_time_aligned_to_uniform_25hz,adl_sliding_capped,456,461,,,dataset_unit_map,wrist,weda,m/s^2,rad/s,m/s^2,rad/s,1.0,1.0,True,test,non_fall,non_fall,8.410446753259748e-06,none,forward
w25_00003653,weda,C:\Users\ADMIN\Desktop\ds-fall\data\raw\WEDA-FALL-main\dataset\25Hz\D01\U25_R01_accel.csv,C:\Users\ADMIN\Desktop\ds-fall\data\raw\WEDA-FALL-main\dataset\25Hz,U25,D01_R01,D01,walking,walking,0,none,False,36,86,1.442,3.4019999999999997,25.0,50,12,"ax,ay,az,gx,gy,gz,acc_mag,gyro_mag,jerk,roll,pitch,tilt_delta",25.0,25.0,raw_25hz_time_aligned_to_uniform_25hz,adl_sliding_capped,456,461,,,dataset_unit_map,wrist,weda,m/s^2,rad/s,m/s^2,rad/s,1.0,1.0,True,test,non_fall,non_fall,7.356053538387641e-05,none,forward
w25_00003654,weda,C:\Users\ADMIN\Desktop\ds-fall\data\raw\WEDA-FALL-main\dataset\25Hz\D01\U25_R01_accel.csv,C:\Users\ADMIN\Desktop\ds-fall\data\raw\WEDA-FALL-main\dataset\25Hz,U25,D01_R01,D01,walking,walking,0,none,False,48,98,1.922,3.8819999999999997,25.0,50,12,"ax,ay,az,gx,gy,gz,acc_mag,gyro_mag,jerk,roll,pitch,tilt_delta",25.0,25.0,raw_25hz_time_aligned_to_uniform_25hz,adl_sliding_capped,456,461,,,dataset_unit_map,wrist,weda,m/s^2,rad/s,m/s^2,rad/s,1.0,1.0,True,test,non_fall,non_fall,5.970943220745539e-06,none,forward
w25_00003700,weda,C:\Users\ADMIN\Desktop\ds-fall\data\raw\WEDA-FALL-main\dataset\25Hz\D02\U04_R01_accel.csv,C:\Users\ADMIN\Desktop\ds-fall\data\raw\WEDA-FALL-main\dataset\25Hz,U04,D02_R01,D02,jogging,jogging,0,none,False,0,50,0.001,1.9609999999999999,25.0,50,12,"ax,ay,az,gx,gy,gz,acc_mag,gyro_mag,jerk,roll,pitch,tilt_delta",25.0,25.0,raw_25hz_time_aligned_to_uniform_25hz,adl_sliding_capped,376,378,,,dataset_unit_map,wrist,weda,m/s^2,rad/s,m/s^2,rad/s,1.0,1.0,True,test,non_fall,non_fall,0.0018670913996174932,none,lateral
w25_00003701,weda,C:\Users\ADMIN\Desktop\ds-fall\data\raw\WEDA-FALL-main\dataset\25Hz\D02\U04_R01_accel.csv,C:\Users\ADMIN\Desktop\ds-fall\data\raw\WEDA-FALL-main\dataset\25Hz,U04,D02_R01,D02,jogging,jogging,0,none,False,12,62,0.481,2.441,25.0,50,12,"ax,ay,az,gx,gy,gz,acc_mag,gyro_mag,jerk,roll,pitch,tilt_delta",25.0,25.0,raw_25hz_time_aligned_to_uniform_25hz,adl_sliding_capped,376,378,,,dataset_unit_map,wrist,weda,m/s^2,rad/s,m/s^2,rad/s,1.0,1.0,True,test,non_fall,non_fall,0.001449877512641251,none,backward
w25_00003702,weda,C:\Users\ADMIN\Desktop\ds-fall\data\raw\WEDA-FALL-main\dataset\25Hz\D02\U04_R01_accel.csv,C:\Users\ADMIN\Desktop\ds-fall\data\raw\WEDA-FALL-main\dataset\25Hz,U04,D02_R01,D02,jogging,jogging,0,none,False,24,74,0.961,2.921,25.0,50,12,"ax,ay,az,gx,gy,gz,acc_mag,gyro_mag,jerk,roll,pitch,tilt_delta",25.0,25.0,raw_25hz_time_aligned_to_uniform_25hz,adl_sliding_capped,376,378,,,dataset_unit_map,wrist,weda,m/s^2,rad/s,m/s^2,rad/s,1.0,1.0,True,test,non_fall,non_fall,0.0006578590255230665,none,lateral
w25_00003703,weda,C:\Users\ADMIN\Desktop\ds-fall\data\raw\WEDA-FALL-main\dataset\25Hz\D02\U04_R01_accel.csv,C:\Users\ADMIN\Desktop\ds-fall\data\raw\WEDA-FALL-main\dataset\25Hz,U04,D02_R01,D02,jogging,jogging,0,none,False,36,86,1.4409999999999998,3.401,25.0,50,12,"ax,ay,az,gx,gy,gz,acc_mag,gyro_mag,jerk,roll,pitch,tilt_delta",25.0,25.0,raw_25hz_time_aligned_to_uniform_25hz,adl_sliding_capped,376,378,,,dataset_unit_map,wrist,weda,m/s^2,rad/s,m/s^2,rad/s,1.0,1.0,True,test,non_fall,non_fall,0.005763292778283358,none,lateral
w25_00003704,weda,C:\Users\ADMIN\Desktop\ds-fall\data\raw\WEDA-FALL-main\dataset\25Hz\D02\U04_R01_accel.csv,C:\Users\ADMIN\Desktop\ds-fall\data\raw\WEDA-FALL-main\dataset\25Hz,U04,D02_R01,D02,jogging,jogging,0,none,False,48,98,1.9209999999999998,3.881,25.0,50,12,"ax,ay,az,gx,gy,gz,acc_mag,gyro_mag,jerk,roll,pitch,tilt_delta",25.0,25.0,raw_25hz_time_aligned_to_uniform_25hz,adl_sliding_capped,376,378,,,dataset_unit_map,wrist,weda,m/s^2,rad/s,m/s^2,rad/s,1.0,1.0,True,test,non_fall,non_fall,0.013904059305787086,none,lateral
w25_00003770,weda,C:\Users\ADMIN\Desktop\ds-fall\data\raw\WEDA-FALL-main\dataset\25Hz\D03\U04_R01_accel.csv,C:\Users\ADMIN\Desktop\ds-fall\data\raw\WEDA-FALL-main\dataset\25Hz,U04,D03_R01,D03,stairs,stairs,0,none,False,0,50,0.002,1.962,25.0,50,12,"ax,ay,az,gx,gy,gz,acc_mag,gyro_mag,jerk,roll,pitch,tilt_delta",25.0,25.0,raw_25hz_time_aligned_to_uniform_25hz,adl_sliding_capped,639,646,,,dataset_unit_map,wrist,weda,m/s^2,rad/s,m/s^2,rad/s,1.0,1.0,True,test,non_fall,non_fall,0.00013399527233559638,none,backward
w25_00003771,weda,C:\Users\ADMIN\Desktop\ds-fall\data\raw\WEDA-FALL-main\dataset\25Hz\D03\U04_R01_accel.csv,C:\Users\ADMIN\Desktop\ds-fall\data\raw\WEDA-FALL-main\dataset\25Hz,U04,D03_R01,D03,stairs,stairs,0,none,False,12,62,0.482,2.4419999999999997,25.0,50,12,"ax,ay,az,gx,gy,gz,acc_mag,gyro_mag,jerk,roll,pitch,tilt_delta",25.0,25.0,raw_25hz_time_aligned_to_uniform_25hz,adl_sliding_capped,639,646,,,dataset_unit_map,wrist,weda,m/s^2,rad/s,m/s^2,rad/s,1.0,1.0,True,test,non_fall,non_fall,3.0247151698858943e-06,none,forward
w25_00003772,weda,C:\Users\ADMIN\Desktop\ds-fall\data\raw\WEDA-FALL-main\dataset\25Hz\D03\U04_R01_accel.csv,C:\Users\ADMIN\Desktop\ds-fall\data\raw\WEDA-FALL-main\dataset\25Hz,U04,D03_R01,D03,stairs,stairs,0,none,False,24,74,0.962,2.9219999999999997,25.0,50,12,"ax,ay,az,gx,gy,gz,acc_mag,gyro_mag,jerk,roll,pitch,tilt_delta",25.0,25.0,raw_25hz_time_aligned_to_uniform_25hz,adl_sliding_capped,639,646,,,dataset_unit_map,wrist,weda,m/s^2,rad/s,m/s^2,rad/s,1.0,1.0,True,test,non_fall,non_fall,2.2375643311534077e-06,none,forward
w25_00003773,weda,C:\Users\ADMIN\Desktop\ds-fall\data\raw\WEDA-FALL-main\dataset\25Hz\D03\U04_R01_accel.csv,C:\Users\ADMIN\Desktop\ds-fall\data\raw\WEDA-FALL-main\dataset\25Hz,U04,D03_R01,D03,stairs,stairs,0,none,False,36,86,1.442,3.4019999999999997,25.0,50,12,"ax,ay,az,gx,gy,gz,acc_mag,gyro_mag,jerk,roll,pitch,tilt_delta",25.0,25.0,raw_25hz_time_aligned_to_uniform_25hz,adl_sliding_capped,639,646,,,dataset_unit_map,wrist,weda,m/s^2,rad/s,m/s^2,rad/s,1.0,1.0,True,test,non_fall,non_fall,4.482398253458086e-06,none,forward
w25_00003774,weda,C:\Users\ADMIN\Desktop\ds-fall\data\raw\WEDA-FALL-main\dataset\25Hz\D03\U04_R01_accel.csv,C:\Users\ADMIN\Desktop\ds-fall\data\raw\WEDA-FALL-main\dataset\25Hz,U04,D03_R01,D03,stairs,stairs,0,none,False,48,98,1.922,3.8819999999999997,25.0,50,12,"ax,ay,az,gx,gy,gz,acc_mag,gyro_mag,jerk,roll,pitch,tilt_delta",25.0,25.0,raw_25hz_time_aligned_to_uniform_25hz,adl_sliding_capped,639,646,,,dataset_unit_map,wrist,weda,m/s^2,rad/s,m/s^2,rad/s,1.0,1.0,True,test,non_fall,non_fall,5.36548714080709e-06,none,forward
w25_00003830,weda,C:\Users\ADMIN\Desktop\ds-fall\data\raw\WEDA-FALL-main\dataset\25Hz\D03\U24_R01_accel.csv,C:\Users\ADMIN\Desktop\ds-fall\data\raw\WEDA-FALL-main\dataset\25Hz,U24,D03_R01,D03,stairs,stairs,0,none,False,0,50,0.002,1.962,25.0,50,12,"ax,ay,az,gx,gy,gz,acc_mag,gyro_mag,jerk,roll,pitch,tilt_delta",25.0,25.0,raw_25hz_time_aligned_to_uniform_25hz,adl_sliding_capped,998,1008,,,dataset_unit_map,wrist,weda,m/s^2,rad/s,m/s^2,rad/s,1.0,1.0,True,test,non_fall,non_fall,9.819738625083119e-05,none,forward
w25_00003831,weda,C:\Users\ADMIN\Desktop\ds-fall\data\raw\WEDA-FALL-main\dataset\25Hz\D03\U24_R01_accel.csv,C:\Users\ADMIN\Desktop\ds-fall\data\raw\WEDA-FALL-main\dataset\25Hz,U24,D03_R01,D03,stairs,stairs,0,none,False,12,62,0.482,2.4419999999999997,25.0,50,12,"ax,ay,az,gx,gy,gz,acc_mag,gyro_mag,jerk,roll,pitch,tilt_delta",25.0,25.0,raw_25hz_time_aligned_to_uniform_25hz,adl_sliding_capped,998,1008,,,dataset_unit_map,wrist,weda,m/s^2,rad/s,m/s^2,rad/s,1.0,1.0,True,test,non_fall,non_fall,8.789355342742056e-05,none,forward
w25_00003832,weda,C:\Users\ADMIN\Desktop\ds-fall\data\raw\WEDA-FALL-main\dataset\25Hz\D03\U24_R01_accel.csv,C:\Users\ADMIN\Desktop\ds-fall\data\raw\WEDA-FALL-main\dataset\25Hz,U24,D03_R01,D03,stairs,stairs,0,none,False,24,74,0.962,2.9219999999999997,25.0,50,12,"ax,ay,az,gx,gy,gz,acc_mag,gyro_mag,jerk,roll,pitch,tilt_delta",25.0,25.0,raw_25hz_time_aligned_to_uniform_25hz,adl_sliding_capped,998,1008,,,dataset_unit_map,wrist,weda,m/s^2,rad/s,m/s^2,rad/s,1.0,1.0,True,test,non_fall,non_fall,7.987506978679448e-05,none,forward
w25_00003833,weda,C:\Users\ADMIN\Desktop\ds-fall\data\raw\WEDA-FALL-main\dataset\25Hz\D03\U24_R01_accel.csv,C:\Users\ADMIN\Desktop\ds-fall\data\raw\WEDA-FALL-main\dataset\25Hz,U24,D03_R01,D03,stairs,stairs,0,none,False,36,86,1.442,3.4019999999999997,25.0,50,12,"ax,ay,az,gx,gy,gz,acc_mag,gyro_mag,jerk,roll,pitch,tilt_delta",25.0,25.0,raw_25hz_time_aligned_to_uniform_25hz,adl_sliding_capped,998,1008,,,dataset_unit_map,wrist,weda,m/s^2,rad/s,m/s^2,rad/s,1.0,1.0,True,test,non_fall,non_fall,0.0001060769718606025,none,forward
w25_00003834,weda,C:\Users\ADMIN\Desktop\ds-fall\data\raw\WEDA-FALL-main\dataset\25Hz\D03\U24_R01_accel.csv,C:\Users\ADMIN\Desktop\ds-fall\data\raw\WEDA-FALL-main\dataset\25Hz,U24,D03_R01,D03,stairs,stairs,0,none,False,48,98,1.922,3.8819999999999997,25.0,50,12,"ax,ay,az,gx,gy,gz,acc_mag,gyro_mag,jerk,roll,pitch,tilt_delta",25.0,25.0,raw_25hz_time_aligned_to_uniform_25hz,adl_sliding_capped,998,1008,,,dataset_unit_map,wrist,weda,m/s^2,rad/s,m/s^2,rad/s,1.0,1.0,True,test,non_fall,non_fall,0.00015694777539465576,none,forward
w25_00003880,weda,C:\Users\ADMIN\Desktop\ds-fall\data\raw\WEDA-FALL-main\dataset\25Hz\D04\U04_R01_accel.csv,C:\Users\ADMIN\Desktop\ds-fall\data\raw\WEDA-FALL-main\dataset\25Hz,U04,D04_R01,D04,sit_wait_stand,sit_wait_stand,0,none,False,0,50,0.002,1.962,25.0,50,12,"ax,ay,az,gx,gy,gz,acc_mag,gyro_mag,jerk,roll,pitch,tilt_delta",25.0,25.0,raw_25hz_time_aligned_to_uniform_25hz,adl_sliding_capped,285,286,,,dataset_unit_map,wrist,weda,m/s^2,rad/s,m/s^2,rad/s,1.0,1.0,True,test,non_fall,non_fall,1.8996392100234516e-05,none,backward
w25_00003881,weda,C:\Users\ADMIN\Desktop\ds-fall\data\raw\WEDA-FALL-main\dataset\25Hz\D04\U04_R01_accel.csv,C:\Users\ADMIN\Desktop\ds-fall\data\raw\WEDA-FALL-main\dataset\25Hz,U04,D04_R01,D04,sit_wait_stand,sit_wait_stand,0,none,False,12,62,0.482,2.4419999999999997,25.0,50,12,"ax,ay,az,gx,gy,gz,acc_mag,gyro_mag,jerk,roll,pitch,tilt_delta",25.0,25.0,raw_25hz_time_aligned_to_uniform_25hz,adl_sliding_capped,285,286,,,dataset_unit_map,wrist,weda,m/s^2,rad/s,m/s^2,rad/s,1.0,1.0,True,test,non_fall,non_fall,1.081895152310608e-05,none,backward
w25_00003882,weda,C:\Users\ADMIN\Desktop\ds-fall\data\raw\WEDA-FALL-main\dataset\25Hz\D04\U04_R01_accel.csv,C:\Users\ADMIN\Desktop\ds-fall\data\raw\WEDA-FALL-main\dataset\25Hz,U04,D04_R01,D04,sit_wait_stand,sit_wait_stand,0,none,False,24,74,0.962,2.9219999999999997,25.0,50,12,"ax,ay,az,gx,gy,gz,acc_mag,gyro_mag,jerk,roll,pitch,tilt_delta",25.0,25.0,raw_25hz_time_aligned_to_uniform_25hz,adl_sliding_capped,285,286,,,dataset_unit_map,wrist,weda,m/s^2,rad/s,m/s^2,rad/s,1.0,1.0,True,test,non_fall,non_fall,1.5348046872531995e-05,none,backward
w25_00003883,weda,C:\Users\ADMIN\Desktop\ds-fall\data\raw\WEDA-FALL-main\dataset\25Hz\D04\U04_R01_accel.csv,C:\Users\ADMIN\Desktop\ds-fall\data\raw\WEDA-FALL-main\dataset\25Hz,U04,D04_R01,D04,sit_wait_stand,sit_wait_stand,0,none,False,36,86,1.442,3.4019999999999997,25.0,50,12,"ax,ay,az,gx,gy,gz,acc_mag,gyro_mag,jerk,roll,pitch,tilt_delta",25.0,25.0,raw_25hz_time_aligned_to_uniform_25hz,adl_sliding_capped,285,286,,,dataset_unit_map,wrist,weda,m/s^2,rad/s,m/s^2,rad/s,1.0,1.0,True,test,non_fall,non_fall,0.0015305934939533472,none,forward
w25_00003884,weda,C:\Users\ADMIN\Desktop\ds-fall\data\raw\WEDA-FALL-main\dataset\25Hz\D04\U04_R01_accel.csv,C:\Users\ADMIN\Desktop\ds-fall\data\raw\WEDA-FALL-main\dataset\25Hz,U04,D04_R01,D04,sit_wait_stand,sit_wait_stand,0,none,False,48,98,1.922,3.8819999999999997,25.0,50,12,"ax,ay,az,gx,gy,gz,acc_mag,gyro_mag,jerk,roll,pitch,tilt_delta",25.0,25.0,raw_25hz_time_aligned_to_uniform_25hz,adl_sliding_capped,285,286,,,dataset_unit_map,wrist,weda,m/s^2,rad/s,m/s^2,rad/s,1.0,1.0,True,test,non_fall,non_fall,0.0001962155947694555,none,forward
w25_00003950,weda,C:\Users\ADMIN\Desktop\ds-fall\data\raw\WEDA-FALL-main\dataset\25Hz\D04\U24_R01_accel.csv,C:\Users\ADMIN\Desktop\ds-fall\data\raw\WEDA-FALL-main\dataset\25Hz,U24,D04_R01,D04,sit_wait_stand,sit_wait_stand,0,none,False,0,50,0.002,1.962,25.0,50,12,"ax,ay,az,gx,gy,gz,acc_mag,gyro_mag,jerk,roll,pitch,tilt_delta",25.0,25.0,raw_25hz_time_aligned_to_uniform_25hz,adl_sliding_capped,160,161,,,dataset_unit_map,wrist,weda,m/s^2,rad/s,m/s^2,rad/s,1.0,1.0,True,test,non_fall,non_fall,1.3337987638806226e-06,none,forward
w25_00003951,weda,C:\Users\ADMIN\Desktop\ds-fall\data\raw\WEDA-FALL-main\dataset\25Hz\D04\U24_R01_accel.csv,C:\Users\ADMIN\Desktop\ds-fall\data\raw\WEDA-FALL-main\dataset\25Hz,U24,D04_R01,D04,sit_wait_stand,sit_wait_stand,0,none,False,12,62,0.482,2.4419999999999997,25.0,50,12,"ax,ay,az,gx,gy,gz,acc_mag,gyro_mag,jerk,roll,pitch,tilt_delta",25.0,25.0,raw_25hz_time_aligned_to_uniform_25hz,adl_sliding_capped,160,161,,,dataset_unit_map,wrist,weda,m/s^2,rad/s,m/s^2,rad/s,1.0,1.0,True,test,non_fall,non_fall,7.66938228480285e-06,none,forward
w25_00003952,weda,C:\Users\ADMIN\Desktop\ds-fall\data\raw\WEDA-FALL-main\dataset\25Hz\D04\U24_R01_accel.csv,C:\Users\ADMIN\Desktop\ds-fall\data\raw\WEDA-FALL-main\dataset\25Hz,U24,D04_R01,D04,sit_wait_stand,sit_wait_stand,0,none,False,24,74,0.962,2.9219999999999997,25.0,50,12,"ax,ay,az,gx,gy,gz,acc_mag,gyro_mag,jerk,roll,pitch,tilt_delta",25.0,25.0,raw_25hz_time_aligned_to_uniform_25hz,adl_sliding_capped,160,161,,,dataset_unit_map,wrist,weda,m/s^2,rad/s,m/s^2,rad/s,1.0,1.0,True,test,non_fall,non_fall,0.0006770387408323586,none,forward
w25_00003953,weda,C:\Users\ADMIN\Desktop\ds-fall\data\raw\WEDA-FALL-main\dataset\25Hz\D04\U24_R01_accel.csv,C:\Users\ADMIN\Desktop\ds-fall\data\raw\WEDA-FALL-main\dataset\25Hz,U24,D04_R01,D04,sit_wait_stand,sit_wait_stand,0,none,False,36,86,1.442,3.4019999999999997,25.0,50,12,"ax,ay,az,gx,gy,gz,acc_mag,gyro_mag,jerk,roll,pitch,tilt_delta",25.0,25.0,raw_25hz_time_aligned_to_uniform_25hz,adl_sliding_capped,160,161,,,dataset_unit_map,wrist,weda,m/s^2,rad/s,m/s^2,rad/s,1.0,1.0,True,test,non_fall,non_fall,0.00591529393568635,none,forward
w25_00003954,weda,C:\Users\ADMIN\Desktop\ds-fall\data\raw\WEDA-FALL-main\dataset\25Hz\D04\U24_R01_accel.csv,C:\Users\ADMIN\Desktop\ds-fall\data\raw\WEDA-FALL-main\dataset\25Hz,U24,D04_R01,D04,sit_wait_stand,sit_wait_stand,0,none,False,48,98,1.922,3.8819999999999997,25.0,50,12,"ax,ay,az,gx,gy,gz,acc_mag,gyro_mag,jerk,roll,pitch,tilt_delta",25.0,25.0,raw_25hz_time_aligned_to_uniform_25hz,adl_sliding_capped,160,161,,,dataset_unit_map,wrist,weda,m/s^2,rad/s,m/s^2,rad/s,1.0,1.0,True,test,non_fall,non_fall,0.02101263403892517,none,forward
w25_00003955,weda,C:\Users\ADMIN\Desktop\ds-fall\data\raw\WEDA-FALL-main\dataset\25Hz\D04\U25_R01_accel.csv,C:\Users\ADMIN\Desktop\ds-fall\data\raw\WEDA-FALL-main\dataset\25Hz,U25,D04_R01,D04,sit_wait_stand,sit_wait_stand,0,none,False,0,50,0.001,1.9609999999999999,25.0,50,12,"ax,ay,az,gx,gy,gz,acc_mag,gyro_mag,jerk,roll,pitch,tilt_delta",25.0,25.0,raw_25hz_time_aligned_to_uniform_25hz,adl_sliding_capped,266,269,,,dataset_unit_map,wrist,weda,m/s^2,rad/s,m/s^2,rad/s,1.0,1.0,True,test,non_fall,non_fall,1.1142895345983561e-05,none,forward
w25_00003956,weda,C:\Users\ADMIN\Desktop\ds-fall\data\raw\WEDA-FALL-main\dataset\25Hz\D04\U25_R01_accel.csv,C:\Users\ADMIN\Desktop\ds-fall\data\raw\WEDA-FALL-main\dataset\25Hz,U25,D04_R01,D04,sit_wait_stand,sit_wait_stand,0,none,False,12,62,0.481,2.441,25.0,50,12,"ax,ay,az,gx,gy,gz,acc_mag,gyro_mag,jerk,roll,pitch,tilt_delta",25.0,25.0,raw_25hz_time_aligned_to_uniform_25hz,adl_sliding_capped,266,269,,,dataset_unit_map,wrist,weda,m/s^2,rad/s,m/s^2,rad/s,1.0,1.0,True,test,non_fall,non_fall,2.7110483642900363e-05,none,forward
w25_00003957,weda,C:\Users\ADMIN\Desktop\ds-fall\data\raw\WEDA-FALL-main\dataset\25Hz\D04\U25_R01_accel.csv,C:\Users\ADMIN\Desktop\ds-fall\data\raw\WEDA-FALL-main\dataset\25Hz,U25,D04_R01,D04,sit_wait_stand,sit_wait_stand,0,none,False,24,74,0.961,2.921,25.0,50,12,"ax,ay,az,gx,gy,gz,acc_mag,gyro_mag,jerk,roll,pitch,tilt_delta",25.0,25.0,raw_25hz_time_aligned_to_uniform_25hz,adl_sliding_capped,266,269,,,dataset_unit_map,wrist,weda,m/s^2,rad/s,m/s^2,rad/s,1.0,1.0,True,test,non_fall,non_fall,6.481342893494002e-07,none,forward
w25_00003958,weda,C:\Users\ADMIN\Desktop\ds-fall\data\raw\WEDA-FALL-main\dataset\25Hz\D04\U25_R01_accel.csv,C:\Users\ADMIN\Desktop\ds-fall\data\raw\WEDA-FALL-main\dataset\25Hz,U25,D04_R01,D04,sit_wait_stand,sit_wait_stand,0,none,False,36,86,1.4409999999999998,3.401,25.0,50,12,"ax,ay,az,gx,gy,gz,acc_mag,gyro_mag,jerk,roll,pitch,tilt_delta",25.0,25.0,raw_25hz_time_aligned_to_uniform_25hz,adl_sliding_capped,266,269,,,dataset_unit_map,wrist,weda,m/s^2,rad/s,m/s^2,rad/s,1.0,1.0,True,test,non_fall,non_fall,2.559631298026943e-07,none,forward
w25_00003959,weda,C:\Users\ADMIN\Desktop\ds-fall\data\raw\WEDA-FALL-main\dataset\25Hz\D04\U25_R01_accel.csv,C:\Users\ADMIN\Desktop\ds-fall\data\raw\WEDA-FALL-main\dataset\25Hz,U25,D04_R01,D04,sit_wait_stand,sit_wait_stand,0,none,False,48,98,1.9209999999999998,3.881,25.0,50,12,"ax,ay,az,gx,gy,gz,acc_mag,gyro_mag,jerk,roll,pitch,tilt_delta",25.0,25.0,raw_25hz_time_aligned_to_uniform_25hz,adl_sliding_capped,266,269,,,dataset_unit_map,wrist,weda,m/s^2,rad/s,m/s^2,rad/s,1.0,1.0,True,test,non_fall,non_fall,8.799420356808696e-07,none,forward
w25_00004020,weda,C:\Users\ADMIN\Desktop\ds-fall\data\raw\WEDA-FALL-main\dataset\25Hz\D05\U04_R01_accel.csv,C:\Users\ADMIN\Desktop\ds-fall\data\raw\WEDA-FALL-main\dataset\25Hz,U04,D05_R01,D05,collapse_into_chair,collapse_into_chair,0,none,False,0,50,0.008,1.968,25.0,50,12,"ax,ay,az,gx,gy,gz,acc_mag,gyro_mag,jerk,roll,pitch,tilt_delta",25.0,25.0,raw_25hz_time_aligned_to_uniform_25hz,adl_sliding_capped,199,200,,,dataset_unit_map,wrist,weda,m/s^2,rad/s,m/s^2,rad/s,1.0,1.0,True,test,non_fall,non_fall,2.7748896172852255e-05,none,forward
w25_00004021,weda,C:\Users\ADMIN\Desktop\ds-fall\data\raw\WEDA-FALL-main\dataset\25Hz\D05\U04_R01_accel.csv,C:\Users\ADMIN\Desktop\ds-fall\data\raw\WEDA-FALL-main\dataset\25Hz,U04,D05_R01,D05,collapse_into_chair,collapse_into_chair,0,none,False,12,62,0.488,2.448,25.0,50,12,"ax,ay,az,gx,gy,gz,acc_mag,gyro_mag,jerk,roll,pitch,tilt_delta",25.0,25.0,raw_25hz_time_aligned_to_uniform_25hz,adl_sliding_capped,199,200,,,dataset_unit_map,wrist,weda,m/s^2,rad/s,m/s^2,rad/s,1.0,1.0,True,test,non_fall,non_fall,1.2894637620775029e-05,none,backward
w25_00004022,weda,C:\Users\ADMIN\Desktop\ds-fall\data\raw\WEDA-FALL-main\dataset\25Hz\D05\U04_R01_accel.csv,C:\Users\ADMIN\Desktop\ds-fall\data\raw\WEDA-FALL-main\dataset\25Hz,U04,D05_R01,D05,collapse_into_chair,collapse_into_chair,0,none,False,24,74,0.968,2.928,25.0,50,12,"ax,ay,az,gx,gy,gz,acc_mag,gyro_mag,jerk,roll,pitch,tilt_delta",25.0,25.0,raw_25hz_time_aligned_to_uniform_25hz,adl_sliding_capped,199,200,,,dataset_unit_map,wrist,weda,m/s^2,rad/s,m/s^2,rad/s,1.0,1.0,True,test,non_fall,non_fall,1.4470585938397562e-06,none,forward
w25_00004023,weda,C:\Users\ADMIN\Desktop\ds-fall\data\raw\WEDA-FALL-main\dataset\25Hz\D05\U04_R01_accel.csv,C:\Users\ADMIN\Desktop\ds-fall\data\raw\WEDA-FALL-main\dataset\25Hz,U04,D05_R01,D05,collapse_into_chair,collapse_into_chair,0,none,False,36,86,1.448,3.408,25.0,50,12,"ax,ay,az,gx,gy,gz,acc_mag,gyro_mag,jerk,roll,pitch,tilt_delta",25.0,25.0,raw_25hz_time_aligned_to_uniform_25hz,adl_sliding_capped,199,200,,,dataset_unit_map,wrist,weda,m/s^2,rad/s,m/s^2,rad/s,1.0,1.0,True,test,non_fall,non_fall,4.5428186012941296e-07,none,forward
w25_00004024,weda,C:\Users\ADMIN\Desktop\ds-fall\data\raw\WEDA-FALL-main\dataset\25Hz\D05\U04_R01_accel.csv,C:\Users\ADMIN\Desktop\ds-fall\data\raw\WEDA-FALL-main\dataset\25Hz,U04,D05_R01,D05,collapse_into_chair,collapse_into_chair,0,none,False,48,98,1.928,3.888,25.0,50,12,"ax,ay,az,gx,gy,gz,acc_mag,gyro_mag,jerk,roll,pitch,tilt_delta",25.0,25.0,raw_25hz_time_aligned_to_uniform_25hz,adl_sliding_capped,199,200,,,dataset_unit_map,wrist,weda,m/s^2,rad/s,m/s^2,rad/s,1.0,1.0,True,test,non_fall,non_fall,8.71538588853582e-07,none,forward
w25_00004025,weda,C:\Users\ADMIN\Desktop\ds-fall\data\raw\WEDA-FALL-main\dataset\25Hz\D05\U04_R01_accel.csv,C:\Users\ADMIN\Desktop\ds-fall\data\raw\WEDA-FALL-main\dataset\25Hz,U04,D05_R01,D05,collapse_into_chair,collapse_into_chair,0,none,False,60,110,2.408,4.368,25.0,50,12,"ax,ay,az,gx,gy,gz,acc_mag,gyro_mag,jerk,roll,pitch,tilt_delta",25.0,25.0,raw_25hz_time_aligned_to_uniform_25hz,adl_sliding_capped,199,200,,,dataset_unit_map,wrist,weda,m/s^2,rad/s,m/s^2,rad/s,1.0,1.0,True,test,non_fall,non_fall,4.312474175094394e-06,none,forward
w25_00004026,weda,C:\Users\ADMIN\Desktop\ds-fall\data\raw\WEDA-FALL-main\dataset\25Hz\D05\U04_R01_accel.csv,C:\Users\ADMIN\Desktop\ds-fall\data\raw\WEDA-FALL-main\dataset\25Hz,U04,D05_R01,D05,collapse_into_chair,collapse_into_chair,0,none,False,72,122,2.888,4.848,25.0,50,12,"ax,ay,az,gx,gy,gz,acc_mag,gyro_mag,jerk,roll,pitch,tilt_delta",25.0,25.0,raw_25hz_time_aligned_to_uniform_25hz,adl_sliding_capped,199,200,,,dataset_unit_map,wrist,weda,m/s^2,rad/s,m/s^2,rad/s,1.0,1.0,True,test,non_fall,non_fall,2.3101090846466832e-05,none,forward
w25_00004027,weda,C:\Users\ADMIN\Desktop\ds-fall\data\raw\WEDA-FALL-main\dataset\25Hz\D05\U04_R01_accel.csv,C:\Users\ADMIN\Desktop\ds-fall\data\raw\WEDA-FALL-main\dataset\25Hz,U04,D05_R01,D05,collapse_into_chair,collapse_into_chair,0,none,False,84,134,3.368,5.328,25.0,50,12,"ax,ay,az,gx,gy,gz,acc_mag,gyro_mag,jerk,roll,pitch,tilt_delta",25.0,25.0,raw_25hz_time_aligned_to_uniform_25hz,adl_sliding_capped,199,200,,,dataset_unit_map,wrist,weda,m/s^2,rad/s,m/s^2,rad/s,1.0,1.0,True,test,non_fall,non_fall,1.5572146367048845e-05,none,forward
w25_00004028,weda,C:\Users\ADMIN\Desktop\ds-fall\data\raw\WEDA-FALL-main\dataset\25Hz\D05\U04_R01_accel.csv,C:\Users\ADMIN\Desktop\ds-fall\data\raw\WEDA-FALL-main\dataset\25Hz,U04,D05_R01,D05,collapse_into_chair,collapse_into_chair,0,none,False,96,146,3.848,5.808,25.0,50,12,"ax,ay,az,gx,gy,gz,acc_mag,gyro_mag,jerk,roll,pitch,tilt_delta",25.0,25.0,raw_25hz_time_aligned_to_uniform_25hz,adl_sliding_capped,199,200,,,dataset_unit_map,wrist,weda,m/s^2,rad/s,m/s^2,rad/s,1.0,1.0,True,test,non_fall,non_fall,1.553599940962158e-05,none,forward
w25_00004029,weda,C:\Users\ADMIN\Desktop\ds-fall\data\raw\WEDA-FALL-main\dataset\25Hz\D05\U04_R01_accel.csv,C:\Users\ADMIN\Desktop\ds-fall\data\raw\WEDA-FALL-main\dataset\25Hz,U04,D05_R01,D05,collapse_into_chair,collapse_into_chair,0,none,False,108,158,4.328,6.288,25.0,50,12,"ax,ay,az,gx,gy,gz,acc_mag,gyro_mag,jerk,roll,pitch,tilt_delta",25.0,25.0,raw_25hz_time_aligned_to_uniform_25hz,adl_sliding_capped,199,200,,,dataset_unit_map,wrist,weda,m/s^2,rad/s,m/s^2,rad/s,1.0,1.0,True,test,non_fall,non_fall,0.00011851712042698637,none,forward
w25_00004145,weda,C:\Users\ADMIN\Desktop\ds-fall\data\raw\WEDA-FALL-main\dataset\25Hz\D06\U04_R01_accel.csv,C:\Users\ADMIN\Desktop\ds-fall\data\raw\WEDA-FALL-main\dataset\25Hz,U04,D06_R01,D06,crouch_tie_shoes_stand,crouch_tie_shoes_stand,0,none,False,0,50,0.002,1.962,25.0,50,12,"ax,ay,az,gx,gy,gz,acc_mag,gyro_mag,jerk,roll,pitch,tilt_delta",25.0,25.0,raw_25hz_time_aligned_to_uniform_25hz,adl_sliding_capped,239,241,,,dataset_unit_map,wrist,weda,m/s^2,rad/s,m/s^2,rad/s,1.0,1.0,True,test,non_fall,non_fall,1.6431660696980543e-05,none,forward
w25_00004146,weda,C:\Users\ADMIN\Desktop\ds-fall\data\raw\WEDA-FALL-main\dataset\25Hz\D06\U04_R01_accel.csv,C:\Users\ADMIN\Desktop\ds-fall\data\raw\WEDA-FALL-main\dataset\25Hz,U04,D06_R01,D06,crouch_tie_shoes_stand,crouch_tie_shoes_stand,0,none,False,12,62,0.482,2.4419999999999997,25.0,50,12,"ax,ay,az,gx,gy,gz,acc_mag,gyro_mag,jerk,roll,pitch,tilt_delta",25.0,25.0,raw_25hz_time_aligned_to_uniform_25hz,adl_sliding_capped,239,241,,,dataset_unit_map,wrist,weda,m/s^2,rad/s,m/s^2,rad/s,1.0,1.0,True,test,non_fall,non_fall,1.5079440345289186e-05,none,forward
w25_00004147,weda,C:\Users\ADMIN\Desktop\ds-fall\data\raw\WEDA-FALL-main\dataset\25Hz\D06\U04_R01_accel.csv,C:\Users\ADMIN\Desktop\ds-fall\data\raw\WEDA-FALL-main\dataset\25Hz,U04,D06_R01,D06,crouch_tie_shoes_stand,crouch_tie_shoes_stand,0,none,False,24,74,0.962,2.9219999999999997,25.0,50,12,"ax,ay,az,gx,gy,gz,acc_mag,gyro_mag,jerk,roll,pitch,tilt_delta",25.0,25.0,raw_25hz_time_aligned_to_uniform_25hz,adl_sliding_capped,239,241,,,dataset_unit_map,wrist,weda,m/s^2,rad/s,m/s^2,rad/s,1.0,1.0,True,test,non_fall,non_fall,0.001644903444685042,none,forward
w25_00004148,weda,C:\Users\ADMIN\Desktop\ds-fall\data\raw\WEDA-FALL-main\dataset\25Hz\D06\U04_R01_accel.csv,C:\Users\ADMIN\Desktop\ds-fall\data\raw\WEDA-FALL-main\dataset\25Hz,U04,D06_R01,D06,crouch_tie_shoes_stand,crouch_tie_shoes_stand,0,none,False,36,86,1.442,3.4019999999999997,25.0,50,12,"ax,ay,az,gx,gy,gz,acc_mag,gyro_mag,jerk,roll,pitch,tilt_delta",25.0,25.0,raw_25hz_time_aligned_to_uniform_25hz,adl_sliding_capped,239,241,,,dataset_unit_map,wrist,weda,m/s^2,rad/s,m/s^2,rad/s,1.0,1.0,True,test,non_fall,non_fall,0.00393752520903945,none,forward
w25_00004149,weda,C:\Users\ADMIN\Desktop\ds-fall\data\raw\WEDA-FALL-main\dataset\25Hz\D06\U04_R01_accel.csv,C:\Users\ADMIN\Desktop\ds-fall\data\raw\WEDA-FALL-main\dataset\25Hz,U04,D06_R01,D06,crouch_tie_shoes_stand,crouch_tie_shoes_stand,0,none,False,48,98,1.922,3.8819999999999997,25.0,50,12,"ax,ay,az,gx,gy,gz,acc_mag,gyro_mag,jerk,roll,pitch,tilt_delta",25.0,25.0,raw_25hz_time_aligned_to_uniform_25hz,adl_sliding_capped,239,241,,,dataset_unit_map,wrist,weda,m/s^2,rad/s,m/s^2,rad/s,1.0,1.0,True,test,non_fall,non_fall,0.00848639477044344,none,forward
w25_00004230,weda,C:\Users\ADMIN\Desktop\ds-fall\data\raw\WEDA-FALL-main\dataset\25Hz\D07\U04_R01_accel.csv,C:\Users\ADMIN\Desktop\ds-fall\data\raw\WEDA-FALL-main\dataset\25Hz,U04,D07_R01,D07,stumble_walking,stumble_walking,0,none,False,0,50,0.002,1.962,25.0,50,12,"ax,ay,az,gx,gy,gz,acc_mag,gyro_mag,jerk,roll,pitch,tilt_delta",25.0,25.0,raw_25hz_time_aligned_to_uniform_25hz,adl_sliding_capped,215,216,,,dataset_unit_map,wrist,weda,m/s^2,rad/s,m/s^2,rad/s,1.0,1.0,True,test,non_fall,non_fall,0.0005202729371376336,none,forward
w25_00004231,weda,C:\Users\ADMIN\Desktop\ds-fall\data\raw\WEDA-FALL-main\dataset\25Hz\D07\U04_R01_accel.csv,C:\Users\ADMIN\Desktop\ds-fall\data\raw\WEDA-FALL-main\dataset\25Hz,U04,D07_R01,D07,stumble_walking,stumble_walking,0,none,False,12,62,0.482,2.4419999999999997,25.0,50,12,"ax,ay,az,gx,gy,gz,acc_mag,gyro_mag,jerk,roll,pitch,tilt_delta",25.0,25.0,raw_25hz_time_aligned_to_uniform_25hz,adl_sliding_capped,215,216,,,dataset_unit_map,wrist,weda,m/s^2,rad/s,m/s^2,rad/s,1.0,1.0,True,test,non_fall,non_fall,0.0005731078563258052,none,forward
w25_00004232,weda,C:\Users\ADMIN\Desktop\ds-fall\data\raw\WEDA-FALL-main\dataset\25Hz\D07\U04_R01_accel.csv,C:\Users\ADMIN\Desktop\ds-fall\data\raw\WEDA-FALL-main\dataset\25Hz,U04,D07_R01,D07,stumble_walking,stumble_walking,0,none,False,24,74,0.962,2.9219999999999997,25.0,50,12,"ax,ay,az,gx,gy,gz,acc_mag,gyro_mag,jerk,roll,pitch,tilt_delta",25.0,25.0,raw_25hz_time_aligned_to_uniform_25hz,adl_sliding_capped,215,216,,,dataset_unit_map,wrist,weda,m/s^2,rad/s,m/s^2,rad/s,1.0,1.0,True,test,non_fall,non_fall,0.00035729206865653396,none,forward
w25_00004233,weda,C:\Users\ADMIN\Desktop\ds-fall\data\raw\WEDA-FALL-main\dataset\25Hz\D07\U04_R01_accel.csv,C:\Users\ADMIN\Desktop\ds-fall\data\raw\WEDA-FALL-main\dataset\25Hz,U04,D07_R01,D07,stumble_walking,stumble_walking,0,none,False,36,86,1.442,3.4019999999999997,25.0,50,12,"ax,ay,az,gx,gy,gz,acc_mag,gyro_mag,jerk,roll,pitch,tilt_delta",25.0,25.0,raw_25hz_time_aligned_to_uniform_25hz,adl_sliding_capped,215,216,,,dataset_unit_map,wrist,weda,m/s^2,rad/s,m/s^2,rad/s,1.0,1.0,True,test,non_fall,non_fall,0.00010999920777976513,none,forward
w25_00004234,weda,C:\Users\ADMIN\Desktop\ds-fall\data\raw\WEDA-FALL-main\dataset\25Hz\D07\U04_R01_accel.csv,C:\Users\ADMIN\Desktop\ds-fall\data\raw\WEDA-FALL-main\dataset\25Hz,U04,D07_R01,D07,stumble_walking,stumble_walking,0,none,False,48,98,1.922,3.8819999999999997,25.0,50,12,"ax,ay,az,gx,gy,gz,acc_mag,gyro_mag,jerk,roll,pitch,tilt_delta",25.0,25.0,raw_25hz_time_aligned_to_uniform_25hz,adl_sliding_capped,215,216,,,dataset_unit_map,wrist,weda,m/s^2,rad/s,m/s^2,rad/s,1.0,1.0,True,test,non_fall,non_fall,0.00042168013169430196,none,forward
w25_00004235,weda,C:\Users\ADMIN\Desktop\ds-fall\data\raw\WEDA-FALL-main\dataset\25Hz\D07\U04_R01_accel.csv,C:\Users\ADMIN\Desktop\ds-fall\data\raw\WEDA-FALL-main\dataset\25Hz,U04,D07_R01,D07,stumble_walking,stumble_walking,0,none,False,60,110,2.4019999999999997,4.362,25.0,50,12,"ax,ay,az,gx,gy,gz,acc_mag,gyro_mag,jerk,roll,pitch,tilt_delta",25.0,25.0,raw_25hz_time_aligned_to_uniform_25hz,adl_sliding_capped,215,216,,,dataset_unit_map,wrist,weda,m/s^2,rad/s,m/s^2,rad/s,1.0,1.0,True,test,non_fall,non_fall,0.00012931821402162313,none,forward
w25_00004236,weda,C:\Users\ADMIN\Desktop\ds-fall\data\raw\WEDA-FALL-main\dataset\25Hz\D07\U04_R01_accel.csv,C:\Users\ADMIN\Desktop\ds-fall\data\raw\WEDA-FALL-main\dataset\25Hz,U04,D07_R01,D07,stumble_walking,stumble_walking,0,none,False,72,122,2.8819999999999997,4.842,25.0,50,12,"ax,ay,az,gx,gy,gz,acc_mag,gyro_mag,jerk,roll,pitch,tilt_delta",25.0,25.0,raw_25hz_time_aligned_to_uniform_25hz,adl_sliding_capped,215,216,,,dataset_unit_map,wrist,weda,m/s^2,rad/s,m/s^2,rad/s,1.0,1.0,True,test,non_fall,non_fall,0.00011091768101323396,none,backward
w25_00004237,weda,C:\Users\ADMIN\Desktop\ds-fall\data\raw\WEDA-FALL-main\dataset\25Hz\D07\U04_R01_accel.csv,C:\Users\ADMIN\Desktop\ds-fall\data\raw\WEDA-FALL-main\dataset\25Hz,U04,D07_R01,D07,stumble_walking,stumble_walking,0,none,False,84,134,3.3619999999999997,5.322,25.0,50,12,"ax,ay,az,gx,gy,gz,acc_mag,gyro_mag,jerk,roll,pitch,tilt_delta",25.0,25.0,raw_25hz_time_aligned_to_uniform_25hz,adl_sliding_capped,215,216,,,dataset_unit_map,wrist,weda,m/s^2,rad/s,m/s^2,rad/s,1.0,1.0,True,test,non_fall,non_fall,1.9964792841165035e-07,none,forward
w25_00004238,weda,C:\Users\ADMIN\Desktop\ds-fall\data\raw\WEDA-FALL-main\dataset\25Hz\D07\U04_R01_accel.csv,C:\Users\ADMIN\Desktop\ds-fall\data\raw\WEDA-FALL-main\dataset\25Hz,U04,D07_R01,D07,stumble_walking,stumble_walking,0,none,False,96,146,3.8419999999999996,5.802,25.0,50,12,"ax,ay,az,gx,gy,gz,acc_mag,gyro_mag,jerk,roll,pitch,tilt_delta",25.0,25.0,raw_25hz_time_aligned_to_uniform_25hz,adl_sliding_capped,215,216,,,dataset_unit_map,wrist,weda,m/s^2,rad/s,m/s^2,rad/s,1.0,1.0,True,test,non_fall,non_fall,1.0825125684732484e-07,none,backward
w25_00004239,weda,C:\Users\ADMIN\Desktop\ds-fall\data\raw\WEDA-FALL-main\dataset\25Hz\D07\U04_R01_accel.csv,C:\Users\ADMIN\Desktop\ds-fall\data\raw\WEDA-FALL-main\dataset\25Hz,U04,D07_R01,D07,stumble_walking,stumble_walking,0,none,False,108,158,4.322,6.282,25.0,50,12,"ax,ay,az,gx,gy,gz,acc_mag,gyro_mag,jerk,roll,pitch,tilt_delta",25.0,25.0,raw_25hz_time_aligned_to_uniform_25hz,adl_sliding_capped,215,216,,,dataset_unit_map,wrist,weda,m/s^2,rad/s,m/s^2,rad/s,1.0,1.0,True,test,non_fall,non_fall,3.139111370842329e-08,none,forward
w25_00004370,weda,C:\Users\ADMIN\Desktop\ds-fall\data\raw\WEDA-FALL-main\dataset\25Hz\D08\U04_R01_accel.csv,C:\Users\ADMIN\Desktop\ds-fall\data\raw\WEDA-FALL-main\dataset\25Hz,U04,D08_R01,D08,gentle_jump,gentle_jump,0,none,False,0,50,0.001,1.9609999999999999,25.0,50,12,"ax,ay,az,gx,gy,gz,acc_mag,gyro_mag,jerk,roll,pitch,tilt_delta",25.0,25.0,raw_25hz_time_aligned_to_uniform_25hz,adl_sliding_capped,123,123,,,dataset_unit_map,wrist,weda,m/s^2,rad/s,m/s^2,rad/s,1.0,1.0,True,test,non_fall,non_fall,1.748740760376677e-05,none,backward
w25_00004371,weda,C:\Users\ADMIN\Desktop\ds-fall\data\raw\WEDA-FALL-main\dataset\25Hz\D08\U04_R01_accel.csv,C:\Users\ADMIN\Desktop\ds-fall\data\raw\WEDA-FALL-main\dataset\25Hz,U04,D08_R01,D08,gentle_jump,gentle_jump,0,none,False,12,62,0.481,2.441,25.0,50,12,"ax,ay,az,gx,gy,gz,acc_mag,gyro_mag,jerk,roll,pitch,tilt_delta",25.0,25.0,raw_25hz_time_aligned_to_uniform_25hz,adl_sliding_capped,123,123,,,dataset_unit_map,wrist,weda,m/s^2,rad/s,m/s^2,rad/s,1.0,1.0,True,test,non_fall,non_fall,0.0004195448418613523,none,backward
w25_00004372,weda,C:\Users\ADMIN\Desktop\ds-fall\data\raw\WEDA-FALL-main\dataset\25Hz\D08\U04_R01_accel.csv,C:\Users\ADMIN\Desktop\ds-fall\data\raw\WEDA-FALL-main\dataset\25Hz,U04,D08_R01,D08,gentle_jump,gentle_jump,0,none,False,24,74,0.961,2.921,25.0,50,12,"ax,ay,az,gx,gy,gz,acc_mag,gyro_mag,jerk,roll,pitch,tilt_delta",25.0,25.0,raw_25hz_time_aligned_to_uniform_25hz,adl_sliding_capped,123,123,,,dataset_unit_map,wrist,weda,m/s^2,rad/s,m/s^2,rad/s,1.0,1.0,True,test,non_fall,non_fall,0.019475314766168594,none,lateral
w25_00004373,weda,C:\Users\ADMIN\Desktop\ds-fall\data\raw\WEDA-FALL-main\dataset\25Hz\D08\U04_R01_accel.csv,C:\Users\ADMIN\Desktop\ds-fall\data\raw\WEDA-FALL-main\dataset\25Hz,U04,D08_R01,D08,gentle_jump,gentle_jump,0,none,False,36,86,1.4409999999999998,3.401,25.0,50,12,"ax,ay,az,gx,gy,gz,acc_mag,gyro_mag,jerk,roll,pitch,tilt_delta",25.0,25.0,raw_25hz_time_aligned_to_uniform_25hz,adl_sliding_capped,123,123,,,dataset_unit_map,wrist,weda,m/s^2,rad/s,m/s^2,rad/s,1.0,1.0,True,test,non_fall,non_fall,0.436892569065094,none,backward
w25_00004374,weda,C:\Users\ADMIN\Desktop\ds-fall\data\raw\WEDA-FALL-main\dataset\25Hz\D08\U04_R01_accel.csv,C:\Users\ADMIN\Desktop\ds-fall\data\raw\WEDA-FALL-main\dataset\25Hz,U04,D08_R01,D08,gentle_jump,gentle_jump,0,none,False,48,98,1.9209999999999998,3.881,25.0,50,12,"ax,ay,az,gx,gy,gz,acc_mag,gyro_mag,jerk,roll,pitch,tilt_delta",25.0,25.0,raw_25hz_time_aligned_to_uniform_25hz,adl_sliding_capped,123,123,,,dataset_unit_map,wrist,weda,m/s^2,rad/s,m/s^2,rad/s,1.0,1.0,True,test,non_fall,non_fall,0.060163043439388275,none,backward
w25_00004375,weda,C:\Users\ADMIN\Desktop\ds-fall\data\raw\WEDA-FALL-main\dataset\25Hz\D08\U04_R01_accel.csv,C:\Users\ADMIN\Desktop\ds-fall\data\raw\WEDA-FALL-main\dataset\25Hz,U04,D08_R01,D08,gentle_jump,gentle_jump,0,none,False,60,110,2.401,4.361000000000001,25.0,50,12,"ax,ay,az,gx,gy,gz,acc_mag,gyro_mag,jerk,roll,pitch,tilt_delta",25.0,25.0,raw_25hz_time_aligned_to_uniform_25hz,adl_sliding_capped,123,123,,,dataset_unit_map,wrist,weda,m/s^2,rad/s,m/s^2,rad/s,1.0,1.0,True,test,non_fall,non_fall,0.0002607800124678761,none,backward
w25_00004376,weda,C:\Users\ADMIN\Desktop\ds-fall\data\raw\WEDA-FALL-main\dataset\25Hz\D08\U04_R01_accel.csv,C:\Users\ADMIN\Desktop\ds-fall\data\raw\WEDA-FALL-main\dataset\25Hz,U04,D08_R01,D08,gentle_jump,gentle_jump,0,none,False,72,122,2.881,4.841,25.0,50,12,"ax,ay,az,gx,gy,gz,acc_mag,gyro_mag,jerk,roll,pitch,tilt_delta",25.0,25.0,raw_25hz_time_aligned_to_uniform_25hz,adl_sliding_capped,123,123,,,dataset_unit_map,wrist,weda,m/s^2,rad/s,m/s^2,rad/s,1.0,1.0,True,test,non_fall,non_fall,6.9663678914366756e-06,none,backward
w25_00004377,weda,C:\Users\ADMIN\Desktop\ds-fall\data\raw\WEDA-FALL-main\dataset\25Hz\D08\U04_R02_accel.csv,C:\Users\ADMIN\Desktop\ds-fall\data\raw\WEDA-FALL-main\dataset\25Hz,U04,D08_R02,D08,gentle_jump,gentle_jump,0,none,False,0,50,0.001,1.9609999999999999,25.0,50,12,"ax,ay,az,gx,gy,gz,acc_mag,gyro_mag,jerk,roll,pitch,tilt_delta",25.0,25.0,raw_25hz_time_aligned_to_uniform_25hz,adl_sliding_capped,101,101,,,dataset_unit_map,wrist,weda,m/s^2,rad/s,m/s^2,rad/s,1.0,1.0,True,test,non_fall,fall,0.9490017294883728,none,backward
w25_00004378,weda,C:\Users\ADMIN\Desktop\ds-fall\data\raw\WEDA-FALL-main\dataset\25Hz\D08\U04_R02_accel.csv,C:\Users\ADMIN\Desktop\ds-fall\data\raw\WEDA-FALL-main\dataset\25Hz,U04,D08_R02,D08,gentle_jump,gentle_jump,0,none,False,12,62,0.481,2.441,25.0,50,12,"ax,ay,az,gx,gy,gz,acc_mag,gyro_mag,jerk,roll,pitch,tilt_delta",25.0,25.0,raw_25hz_time_aligned_to_uniform_25hz,adl_sliding_capped,101,101,,,dataset_unit_map,wrist,weda,m/s^2,rad/s,m/s^2,rad/s,1.0,1.0,True,test,non_fall,fall,0.936192512512207,none,lateral
w25_00004379,weda,C:\Users\ADMIN\Desktop\ds-fall\data\raw\WEDA-FALL-main\dataset\25Hz\D08\U04_R02_accel.csv,C:\Users\ADMIN\Desktop\ds-fall\data\raw\WEDA-FALL-main\dataset\25Hz,U04,D08_R02,D08,gentle_jump,gentle_jump,0,none,False,24,74,0.961,2.921,25.0,50,12,"ax,ay,az,gx,gy,gz,acc_mag,gyro_mag,jerk,roll,pitch,tilt_delta",25.0,25.0,raw_25hz_time_aligned_to_uniform_25hz,adl_sliding_capped,101,101,,,dataset_unit_map,wrist,weda,m/s^2,rad/s,m/s^2,rad/s,1.0,1.0,True,test,non_fall,non_fall,0.28479236364364624,none,backward
w25_00004510,weda,C:\Users\ADMIN\Desktop\ds-fall\data\raw\WEDA-FALL-main\dataset\25Hz\D09\U04_R01_accel.csv,C:\Users\ADMIN\Desktop\ds-fall\data\raw\WEDA-FALL-main\dataset\25Hz,U04,D09_R01,D09,hit_table_with_hand,hit_table_with_hand,0,none,False,0,50,0.002,1.962,25.0,50,12,"ax,ay,az,gx,gy,gz,acc_mag,gyro_mag,jerk,roll,pitch,tilt_delta",25.0,25.0,raw_25hz_time_aligned_to_uniform_25hz,adl_sliding_capped,124,124,,,dataset_unit_map,wrist,weda,m/s^2,rad/s,m/s^2,rad/s,1.0,1.0,True,test,non_fall,non_fall,0.00015754064952488989,none,backward
w25_00004511,weda,C:\Users\ADMIN\Desktop\ds-fall\data\raw\WEDA-FALL-main\dataset\25Hz\D09\U04_R01_accel.csv,C:\Users\ADMIN\Desktop\ds-fall\data\raw\WEDA-FALL-main\dataset\25Hz,U04,D09_R01,D09,hit_table_with_hand,hit_table_with_hand,0,none,False,12,62,0.482,2.4419999999999997,25.0,50,12,"ax,ay,az,gx,gy,gz,acc_mag,gyro_mag,jerk,roll,pitch,tilt_delta",25.0,25.0,raw_25hz_time_aligned_to_uniform_25hz,adl_sliding_capped,124,124,,,dataset_unit_map,wrist,weda,m/s^2,rad/s,m/s^2,rad/s,1.0,1.0,True,test,non_fall,non_fall,6.9169027483440004e-06,none,lateral
w25_00004512,weda,C:\Users\ADMIN\Desktop\ds-fall\data\raw\WEDA-FALL-main\dataset\25Hz\D09\U04_R01_accel.csv,C:\Users\ADMIN\Desktop\ds-fall\data\raw\WEDA-FALL-main\dataset\25Hz,U04,D09_R01,D09,hit_table_with_hand,hit_table_with_hand,0,none,False,24,74,0.962,2.9219999999999997,25.0,50,12,"ax,ay,az,gx,gy,gz,acc_mag,gyro_mag,jerk,roll,pitch,tilt_delta",25.0,25.0,raw_25hz_time_aligned_to_uniform_25hz,adl_sliding_capped,124,124,,,dataset_unit_map,wrist,weda,m/s^2,rad/s,m/s^2,rad/s,1.0,1.0,True,test,non_fall,non_fall,0.00016188784502446651,none,lateral
w25_00004513,weda,C:\Users\ADMIN\Desktop\ds-fall\data\raw\WEDA-FALL-main\dataset\25Hz\D09\U04_R01_accel.csv,C:\Users\ADMIN\Desktop\ds-fall\data\raw\WEDA-FALL-main\dataset\25Hz,U04,D09_R01,D09,hit_table_with_hand,hit_table_with_hand,0,none,False,36,86,1.442,3.4019999999999997,25.0,50,12,"ax,ay,az,gx,gy,gz,acc_mag,gyro_mag,jerk,roll,pitch,tilt_delta",25.0,25.0,raw_25hz_time_aligned_to_uniform_25hz,adl_sliding_capped,124,124,,,dataset_unit_map,wrist,weda,m/s^2,rad/s,m/s^2,rad/s,1.0,1.0,True,test,non_fall,non_fall,0.0003909266379196197,none,lateral
w25_00004514,weda,C:\Users\ADMIN\Desktop\ds-fall\data\raw\WEDA-FALL-main\dataset\25Hz\D09\U04_R01_accel.csv,C:\Users\ADMIN\Desktop\ds-fall\data\raw\WEDA-FALL-main\dataset\25Hz,U04,D09_R01,D09,hit_table_with_hand,hit_table_with_hand,0,none,False,48,98,1.922,3.8819999999999997,25.0,50,12,"ax,ay,az,gx,gy,gz,acc_mag,gyro_mag,jerk,roll,pitch,tilt_delta",25.0,25.0,raw_25hz_time_aligned_to_uniform_25hz,adl_sliding_capped,124,124,,,dataset_unit_map,wrist,weda,m/s^2,rad/s,m/s^2,rad/s,1.0,1.0,True,test,non_fall,non_fall,0.0014474536292254925,none,lateral
w25_00004515,weda,C:\Users\ADMIN\Desktop\ds-fall\data\raw\WEDA-FALL-main\dataset\25Hz\D09\U04_R01_accel.csv,C:\Users\ADMIN\Desktop\ds-fall\data\raw\WEDA-FALL-main\dataset\25Hz,U04,D09_R01,D09,hit_table_with_hand,hit_table_with_hand,0,none,False,60,110,2.4019999999999997,4.362,25.0,50,12,"ax,ay,az,gx,gy,gz,acc_mag,gyro_mag,jerk,roll,pitch,tilt_delta",25.0,25.0,raw_25hz_time_aligned_to_uniform_25hz,adl_sliding_capped,124,124,,,dataset_unit_map,wrist,weda,m/s^2,rad/s,m/s^2,rad/s,1.0,1.0,True,test,non_fall,non_fall,0.00013236897939350456,none,forward
w25_00004516,weda,C:\Users\ADMIN\Desktop\ds-fall\data\raw\WEDA-FALL-main\dataset\25Hz\D09\U04_R01_accel.csv,C:\Users\ADMIN\Desktop\ds-fall\data\raw\WEDA-FALL-main\dataset\25Hz,U04,D09_R01,D09,hit_table_with_hand,hit_table_with_hand,0,none,False,72,122,2.8819999999999997,4.842,25.0,50,12,"ax,ay,az,gx,gy,gz,acc_mag,gyro_mag,jerk,roll,pitch,tilt_delta",25.0,25.0,raw_25hz_time_aligned_to_uniform_25hz,adl_sliding_capped,124,124,,,dataset_unit_map,wrist,weda,m/s^2,rad/s,m/s^2,rad/s,1.0,1.0,True,test,non_fall,non_fall,1.937567321874667e-05,none,backward
w25_00004517,weda,C:\Users\ADMIN\Desktop\ds-fall\data\raw\WEDA-FALL-main\dataset\25Hz\D09\U04_R02_accel.csv,C:\Users\ADMIN\Desktop\ds-fall\data\raw\WEDA-FALL-main\dataset\25Hz,U04,D09_R02,D09,hit_table_with_hand,hit_table_with_hand,0,none,False,0,50,0.002,1.962,25.0,50,12,"ax,ay,az,gx,gy,gz,acc_mag,gyro_mag,jerk,roll,pitch,tilt_delta",25.0,25.0,raw_25hz_time_aligned_to_uniform_25hz,adl_sliding_capped,81,82,,,dataset_unit_map,wrist,weda,m/s^2,rad/s,m/s^2,rad/s,1.0,1.0,True,test,non_fall,non_fall,6.67955246171914e-05,none,lateral
w25_00004518,weda,C:\Users\ADMIN\Desktop\ds-fall\data\raw\WEDA-FALL-main\dataset\25Hz\D09\U04_R02_accel.csv,C:\Users\ADMIN\Desktop\ds-fall\data\raw\WEDA-FALL-main\dataset\25Hz,U04,D09_R02,D09,hit_table_with_hand,hit_table_with_hand,0,none,False,12,62,0.482,2.4419999999999997,25.0,50,12,"ax,ay,az,gx,gy,gz,acc_mag,gyro_mag,jerk,roll,pitch,tilt_delta",25.0,25.0,raw_25hz_time_aligned_to_uniform_25hz,adl_sliding_capped,81,82,,,dataset_unit_map,wrist,weda,m/s^2,rad/s,m/s^2,rad/s,1.0,1.0,True,test,non_fall,non_fall,0.0001228381006512791,none,lateral
w25_00004519,weda,C:\Users\ADMIN\Desktop\ds-fall\data\raw\WEDA-FALL-main\dataset\25Hz\D09\U04_R02_accel.csv,C:\Users\ADMIN\Desktop\ds-fall\data\raw\WEDA-FALL-main\dataset\25Hz,U04,D09_R02,D09,hit_table_with_hand,hit_table_with_hand,0,none,False,24,74,0.962,2.9219999999999997,25.0,50,12,"ax,ay,az,gx,gy,gz,acc_mag,gyro_mag,jerk,roll,pitch,tilt_delta",25.0,25.0,raw_25hz_time_aligned_to_uniform_25hz,adl_sliding_capped,81,82,,,dataset_unit_map,wrist,weda,m/s^2,rad/s,m/s^2,rad/s,1.0,1.0,True,test,non_fall,non_fall,5.5597032769583166e-05,none,forward
w25_00004650,weda,C:\Users\ADMIN\Desktop\ds-fall\data\raw\WEDA-FALL-main\dataset\25Hz\D09\U24_R01_accel.csv,C:\Users\ADMIN\Desktop\ds-fall\data\raw\WEDA-FALL-main\dataset\25Hz,U24,D09_R01,D09,hit_table_with_hand,hit_table_with_hand,0,none,False,0,50,0.002,1.962,25.0,50,12,"ax,ay,az,gx,gy,gz,acc_mag,gyro_mag,jerk,roll,pitch,tilt_delta",25.0,25.0,raw_25hz_time_aligned_to_uniform_25hz,adl_sliding_capped,118,119,,,dataset_unit_map,wrist,weda,m/s^2,rad/s,m/s^2,rad/s,1.0,1.0,True,test,non_fall,non_fall,2.638660134834936e-06,none,backward
w25_00004651,weda,C:\Users\ADMIN\Desktop\ds-fall\data\raw\WEDA-FALL-main\dataset\25Hz\D09\U24_R01_accel.csv,C:\Users\ADMIN\Desktop\ds-fall\data\raw\WEDA-FALL-main\dataset\25Hz,U24,D09_R01,D09,hit_table_with_hand,hit_table_with_hand,0,none,False,12,62,0.482,2.4419999999999997,25.0,50,12,"ax,ay,az,gx,gy,gz,acc_mag,gyro_mag,jerk,roll,pitch,tilt_delta",25.0,25.0,raw_25hz_time_aligned_to_uniform_25hz,adl_sliding_capped,118,119,,,dataset_unit_map,wrist,weda,m/s^2,rad/s,m/s^2,rad/s,1.0,1.0,True,test,non_fall,non_fall,6.915029644005699e-06,none,backward
w25_00004652,weda,C:\Users\ADMIN\Desktop\ds-fall\data\raw\WEDA-FALL-main\dataset\25Hz\D09\U24_R01_accel.csv,C:\Users\ADMIN\Desktop\ds-fall\data\raw\WEDA-FALL-main\dataset\25Hz,U24,D09_R01,D09,hit_table_with_hand,hit_table_with_hand,0,none,False,24,74,0.962,2.9219999999999997,25.0,50,12,"ax,ay,az,gx,gy,gz,acc_mag,gyro_mag,jerk,roll,pitch,tilt_delta",25.0,25.0,raw_25hz_time_aligned_to_uniform_25hz,adl_sliding_capped,118,119,,,dataset_unit_map,wrist,weda,m/s^2,rad/s,m/s^2,rad/s,1.0,1.0,True,test,non_fall,non_fall,4.095034455531277e-05,none,forward
w25_00004653,weda,C:\Users\ADMIN\Desktop\ds-fall\data\raw\WEDA-FALL-main\dataset\25Hz\D09\U24_R01_accel.csv,C:\Users\ADMIN\Desktop\ds-fall\data\raw\WEDA-FALL-main\dataset\25Hz,U24,D09_R01,D09,hit_table_with_hand,hit_table_with_hand,0,none,False,36,86,1.442,3.4019999999999997,25.0,50,12,"ax,ay,az,gx,gy,gz,acc_mag,gyro_mag,jerk,roll,pitch,tilt_delta",25.0,25.0,raw_25hz_time_aligned_to_uniform_25hz,adl_sliding_capped,118,119,,,dataset_unit_map,wrist,weda,m/s^2,rad/s,m/s^2,rad/s,1.0,1.0,True,test,non_fall,non_fall,0.00010553860920481384,none,forward
w25_00004654,weda,C:\Users\ADMIN\Desktop\ds-fall\data\raw\WEDA-FALL-main\dataset\25Hz\D09\U24_R01_accel.csv,C:\Users\ADMIN\Desktop\ds-fall\data\raw\WEDA-FALL-main\dataset\25Hz,U24,D09_R01,D09,hit_table_with_hand,hit_table_with_hand,0,none,False,48,98,1.922,3.8819999999999997,25.0,50,12,"ax,ay,az,gx,gy,gz,acc_mag,gyro_mag,jerk,roll,pitch,tilt_delta",25.0,25.0,raw_25hz_time_aligned_to_uniform_25hz,adl_sliding_capped,118,119,,,dataset_unit_map,wrist,weda,m/s^2,rad/s,m/s^2,rad/s,1.0,1.0,True,test,non_fall,non_fall,0.0001927232078742236,none,forward
w25_00004655,weda,C:\Users\ADMIN\Desktop\ds-fall\data\raw\WEDA-FALL-main\dataset\25Hz\D09\U24_R01_accel.csv,C:\Users\ADMIN\Desktop\ds-fall\data\raw\WEDA-FALL-main\dataset\25Hz,U24,D09_R01,D09,hit_table_with_hand,hit_table_with_hand,0,none,False,60,110,2.4019999999999997,4.362,25.0,50,12,"ax,ay,az,gx,gy,gz,acc_mag,gyro_mag,jerk,roll,pitch,tilt_delta",25.0,25.0,raw_25hz_time_aligned_to_uniform_25hz,adl_sliding_capped,118,119,,,dataset_unit_map,wrist,weda,m/s^2,rad/s,m/s^2,rad/s,1.0,1.0,True,test,non_fall,non_fall,6.057259724912001e-06,none,forward
w25_00004656,weda,C:\Users\ADMIN\Desktop\ds-fall\data\raw\WEDA-FALL-main\dataset\25Hz\D09\U24_R02_accel.csv,C:\Users\ADMIN\Desktop\ds-fall\data\raw\WEDA-FALL-main\dataset\25Hz,U24,D09_R02,D09,hit_table_with_hand,hit_table_with_hand,0,none,False,0,50,0.007,1.9669999999999999,25.0,50,12,"ax,ay,az,gx,gy,gz,acc_mag,gyro_mag,jerk,roll,pitch,tilt_delta",25.0,25.0,raw_25hz_time_aligned_to_uniform_25hz,adl_sliding_capped,138,138,,,dataset_unit_map,wrist,weda,m/s^2,rad/s,m/s^2,rad/s,1.0,1.0,True,test,non_fall,non_fall,1.989878910535481e-06,none,backward
w25_00004657,weda,C:\Users\ADMIN\Desktop\ds-fall\data\raw\WEDA-FALL-main\dataset\25Hz\D09\U24_R02_accel.csv,C:\Users\ADMIN\Desktop\ds-fall\data\raw\WEDA-FALL-main\dataset\25Hz,U24,D09_R02,D09,hit_table_with_hand,hit_table_with_hand,0,none,False,12,62,0.487,2.447,25.0,50,12,"ax,ay,az,gx,gy,gz,acc_mag,gyro_mag,jerk,roll,pitch,tilt_delta",25.0,25.0,raw_25hz_time_aligned_to_uniform_25hz,adl_sliding_capped,138,138,,,dataset_unit_map,wrist,weda,m/s^2,rad/s,m/s^2,rad/s,1.0,1.0,True,test,non_fall,non_fall,3.261099436713266e-06,none,backward
w25_00004658,weda,C:\Users\ADMIN\Desktop\ds-fall\data\raw\WEDA-FALL-main\dataset\25Hz\D09\U24_R02_accel.csv,C:\Users\ADMIN\Desktop\ds-fall\data\raw\WEDA-FALL-main\dataset\25Hz,U24,D09_R02,D09,hit_table_with_hand,hit_table_with_hand,0,none,False,24,74,0.967,2.927,25.0,50,12,"ax,ay,az,gx,gy,gz,acc_mag,gyro_mag,jerk,roll,pitch,tilt_delta",25.0,25.0,raw_25hz_time_aligned_to_uniform_25hz,adl_sliding_capped,138,138,,,dataset_unit_map,wrist,weda,m/s^2,rad/s,m/s^2,rad/s,1.0,1.0,True,test,non_fall,non_fall,1.04529435702716e-05,none,forward
w25_00004659,weda,C:\Users\ADMIN\Desktop\ds-fall\data\raw\WEDA-FALL-main\dataset\25Hz\D09\U24_R02_accel.csv,C:\Users\ADMIN\Desktop\ds-fall\data\raw\WEDA-FALL-main\dataset\25Hz,U24,D09_R02,D09,hit_table_with_hand,hit_table_with_hand,0,none,False,36,86,1.4469999999999998,3.407,25.0,50,12,"ax,ay,az,gx,gy,gz,acc_mag,gyro_mag,jerk,roll,pitch,tilt_delta",25.0,25.0,raw_25hz_time_aligned_to_uniform_25hz,adl_sliding_capped,138,138,,,dataset_unit_map,wrist,weda,m/s^2,rad/s,m/s^2,rad/s,1.0,1.0,True,test,non_fall,non_fall,2.0495237549766898e-05,none,forward
w25_00004660,weda,C:\Users\ADMIN\Desktop\ds-fall\data\raw\WEDA-FALL-main\dataset\25Hz\D09\U25_R01_accel.csv,C:\Users\ADMIN\Desktop\ds-fall\data\raw\WEDA-FALL-main\dataset\25Hz,U25,D09_R01,D09,hit_table_with_hand,hit_table_with_hand,0,none,False,0,50,0.078,2.038,25.0,50,12,"ax,ay,az,gx,gy,gz,acc_mag,gyro_mag,jerk,roll,pitch,tilt_delta",25.0,25.0,raw_25hz_time_aligned_to_uniform_25hz,adl_sliding_capped,124,123,,,dataset_unit_map,wrist,weda,m/s^2,rad/s,m/s^2,rad/s,1.0,1.0,True,test,non_fall,non_fall,5.287187377689406e-06,none,backward
w25_00004661,weda,C:\Users\ADMIN\Desktop\ds-fall\data\raw\WEDA-FALL-main\dataset\25Hz\D09\U25_R01_accel.csv,C:\Users\ADMIN\Desktop\ds-fall\data\raw\WEDA-FALL-main\dataset\25Hz,U25,D09_R01,D09,hit_table_with_hand,hit_table_with_hand,0,none,False,12,62,0.5579999999999999,2.5179999999999993,25.0,50,12,"ax,ay,az,gx,gy,gz,acc_mag,gyro_mag,jerk,roll,pitch,tilt_delta",25.0,25.0,raw_25hz_time_aligned_to_uniform_25hz,adl_sliding_capped,124,123,,,dataset_unit_map,wrist,weda,m/s^2,rad/s,m/s^2,rad/s,1.0,1.0,True,test,non_fall,non_fall,4.7649712087149965e-07,none,backward
w25_00004662,weda,C:\Users\ADMIN\Desktop\ds-fall\data\raw\WEDA-FALL-main\dataset\25Hz\D09\U25_R01_accel.csv,C:\Users\ADMIN\Desktop\ds-fall\data\raw\WEDA-FALL-main\dataset\25Hz,U25,D09_R01,D09,hit_table_with_hand,hit_table_with_hand,0,none,False,24,74,1.0379999999999998,2.9979999999999993,25.0,50,12,"ax,ay,az,gx,gy,gz,acc_mag,gyro_mag,jerk,roll,pitch,tilt_delta",25.0,25.0,raw_25hz_time_aligned_to_uniform_25hz,adl_sliding_capped,124,123,,,dataset_unit_map,wrist,weda,m/s^2,rad/s,m/s^2,rad/s,1.0,1.0,True,test,non_fall,non_fall,1.2426872899595764e-06,none,backward
w25_00004663,weda,C:\Users\ADMIN\Desktop\ds-fall\data\raw\WEDA-FALL-main\dataset\25Hz\D09\U25_R01_accel.csv,C:\Users\ADMIN\Desktop\ds-fall\data\raw\WEDA-FALL-main\dataset\25Hz,U25,D09_R01,D09,hit_table_with_hand,hit_table_with_hand,0,none,False,36,86,1.5179999999999998,3.4779999999999993,25.0,50,12,"ax,ay,az,gx,gy,gz,acc_mag,gyro_mag,jerk,roll,pitch,tilt_delta",25.0,25.0,raw_25hz_time_aligned_to_uniform_25hz,adl_sliding_capped,124,123,,,dataset_unit_map,wrist,weda,m/s^2,rad/s,m/s^2,rad/s,1.0,1.0,True,test,non_fall,non_fall,2.075500560749788e-06,none,backward
w25_00004664,weda,C:\Users\ADMIN\Desktop\ds-fall\data\raw\WEDA-FALL-main\dataset\25Hz\D09\U25_R01_accel.csv,C:\Users\ADMIN\Desktop\ds-fall\data\raw\WEDA-FALL-main\dataset\25Hz,U25,D09_R01,D09,hit_table_with_hand,hit_table_with_hand,0,none,False,48,98,1.9979999999999998,3.9579999999999993,25.0,50,12,"ax,ay,az,gx,gy,gz,acc_mag,gyro_mag,jerk,roll,pitch,tilt_delta",25.0,25.0,raw_25hz_time_aligned_to_uniform_25hz,adl_sliding_capped,124,123,,,dataset_unit_map,wrist,weda,m/s^2,rad/s,m/s^2,rad/s,1.0,1.0,True,test,non_fall,non_fall,1.643636323933606e-06,none,backward
w25_00004665,weda,C:\Users\ADMIN\Desktop\ds-fall\data\raw\WEDA-FALL-main\dataset\25Hz\D09\U25_R01_accel.csv,C:\Users\ADMIN\Desktop\ds-fall\data\raw\WEDA-FALL-main\dataset\25Hz,U25,D09_R01,D09,hit_table_with_hand,hit_table_with_hand,0,none,False,60,110,2.4779999999999993,4.438,25.0,50,12,"ax,ay,az,gx,gy,gz,acc_mag,gyro_mag,jerk,roll,pitch,tilt_delta",25.0,25.0,raw_25hz_time_aligned_to_uniform_25hz,adl_sliding_capped,124,123,,,dataset_unit_map,wrist,weda,m/s^2,rad/s,m/s^2,rad/s,1.0,1.0,True,test,non_fall,non_fall,9.095590485230787e-07,none,forward
w25_00004666,weda,C:\Users\ADMIN\Desktop\ds-fall\data\raw\WEDA-FALL-main\dataset\25Hz\D09\U25_R01_accel.csv,C:\Users\ADMIN\Desktop\ds-fall\data\raw\WEDA-FALL-main\dataset\25Hz,U25,D09_R01,D09,hit_table_with_hand,hit_table_with_hand,0,none,False,72,122,2.9579999999999993,4.917999999999999,25.0,50,12,"ax,ay,az,gx,gy,gz,acc_mag,gyro_mag,jerk,roll,pitch,tilt_delta",25.0,25.0,raw_25hz_time_aligned_to_uniform_25hz,adl_sliding_capped,124,123,,,dataset_unit_map,wrist,weda,m/s^2,rad/s,m/s^2,rad/s,1.0,1.0,True,test,non_fall,non_fall,1.0958314078379772e-06,none,forward
w25_00004667,weda,C:\Users\ADMIN\Desktop\ds-fall\data\raw\WEDA-FALL-main\dataset\25Hz\D09\U25_R02_accel.csv,C:\Users\ADMIN\Desktop\ds-fall\data\raw\WEDA-FALL-main\dataset\25Hz,U25,D09_R02,D09,hit_table_with_hand,hit_table_with_hand,0,none,False,0,50,0.001,1.9609999999999999,25.0,50,12,"ax,ay,az,gx,gy,gz,acc_mag,gyro_mag,jerk,roll,pitch,tilt_delta",25.0,25.0,raw_25hz_time_aligned_to_uniform_25hz,adl_sliding_capped,104,104,,,dataset_unit_map,wrist,weda,m/s^2,rad/s,m/s^2,rad/s,1.0,1.0,True,test,non_fall,non_fall,7.802964887559938e-07,none,backward
w25_00004668,weda,C:\Users\ADMIN\Desktop\ds-fall\data\raw\WEDA-FALL-main\dataset\25Hz\D09\U25_R02_accel.csv,C:\Users\ADMIN\Desktop\ds-fall\data\raw\WEDA-FALL-main\dataset\25Hz,U25,D09_R02,D09,hit_table_with_hand,hit_table_with_hand,0,none,False,12,62,0.481,2.441,25.0,50,12,"ax,ay,az,gx,gy,gz,acc_mag,gyro_mag,jerk,roll,pitch,tilt_delta",25.0,25.0,raw_25hz_time_aligned_to_uniform_25hz,adl_sliding_capped,104,104,,,dataset_unit_map,wrist,weda,m/s^2,rad/s,m/s^2,rad/s,1.0,1.0,True,test,non_fall,non_fall,7.536463613178057e-07,none,backward
w25_00004669,weda,C:\Users\ADMIN\Desktop\ds-fall\data\raw\WEDA-FALL-main\dataset\25Hz\D09\U25_R02_accel.csv,C:\Users\ADMIN\Desktop\ds-fall\data\raw\WEDA-FALL-main\dataset\25Hz,U25,D09_R02,D09,hit_table_with_hand,hit_table_with_hand,0,none,False,24,74,0.961,2.921,25.0,50,12,"ax,ay,az,gx,gy,gz,acc_mag,gyro_mag,jerk,roll,pitch,tilt_delta",25.0,25.0,raw_25hz_time_aligned_to_uniform_25hz,adl_sliding_capped,104,104,,,dataset_unit_map,wrist,weda,m/s^2,rad/s,m/s^2,rad/s,1.0,1.0,True,test,non_fall,non_fall,2.2275912670011166e-06,none,backward
w25_00004760,weda,C:\Users\ADMIN\Desktop\ds-fall\data\raw\WEDA-FALL-main\dataset\25Hz\D10\U04_R01_accel.csv,C:\Users\ADMIN\Desktop\ds-fall\data\raw\WEDA-FALL-main\dataset\25Hz,U04,D10_R01,D10,clapping_hands,clapping_hands,0,none,False,0,50,0.002,1.962,25.0,50,12,"ax,ay,az,gx,gy,gz,acc_mag,gyro_mag,jerk,roll,pitch,tilt_delta",25.0,25.0,raw_25hz_time_aligned_to_uniform_25hz,adl_sliding_capped,252,253,,,dataset_unit_map,wrist,weda,m/s^2,rad/s,m/s^2,rad/s,1.0,1.0,True,test,non_fall,fall,0.9072266817092896,none,backward
w25_00004761,weda,C:\Users\ADMIN\Desktop\ds-fall\data\raw\WEDA-FALL-main\dataset\25Hz\D10\U04_R01_accel.csv,C:\Users\ADMIN\Desktop\ds-fall\data\raw\WEDA-FALL-main\dataset\25Hz,U04,D10_R01,D10,clapping_hands,clapping_hands,0,none,False,12,62,0.482,2.4419999999999997,25.0,50,12,"ax,ay,az,gx,gy,gz,acc_mag,gyro_mag,jerk,roll,pitch,tilt_delta",25.0,25.0,raw_25hz_time_aligned_to_uniform_25hz,adl_sliding_capped,252,253,,,dataset_unit_map,wrist,weda,m/s^2,rad/s,m/s^2,rad/s,1.0,1.0,True,test,non_fall,fall,0.7623945474624634,none,lateral
w25_00004762,weda,C:\Users\ADMIN\Desktop\ds-fall\data\raw\WEDA-FALL-main\dataset\25Hz\D10\U04_R01_accel.csv,C:\Users\ADMIN\Desktop\ds-fall\data\raw\WEDA-FALL-main\dataset\25Hz,U04,D10_R01,D10,clapping_hands,clapping_hands,0,none,False,24,74,0.962,2.9219999999999997,25.0,50,12,"ax,ay,az,gx,gy,gz,acc_mag,gyro_mag,jerk,roll,pitch,tilt_delta",25.0,25.0,raw_25hz_time_aligned_to_uniform_25hz,adl_sliding_capped,252,253,,,dataset_unit_map,wrist,weda,m/s^2,rad/s,m/s^2,rad/s,1.0,1.0,True,test,non_fall,fall,0.8684619665145874,none,lateral
w25_00004763,weda,C:\Users\ADMIN\Desktop\ds-fall\data\raw\WEDA-FALL-main\dataset\25Hz\D10\U04_R01_accel.csv,C:\Users\ADMIN\Desktop\ds-fall\data\raw\WEDA-FALL-main\dataset\25Hz,U04,D10_R01,D10,clapping_hands,clapping_hands,0,none,False,36,86,1.442,3.4019999999999997,25.0,50,12,"ax,ay,az,gx,gy,gz,acc_mag,gyro_mag,jerk,roll,pitch,tilt_delta",25.0,25.0,raw_25hz_time_aligned_to_uniform_25hz,adl_sliding_capped,252,253,,,dataset_unit_map,wrist,weda,m/s^2,rad/s,m/s^2,rad/s,1.0,1.0,True,test,non_fall,non_fall,0.018144968897104263,none,backward
w25_00004764,weda,C:\Users\ADMIN\Desktop\ds-fall\data\raw\WEDA-FALL-main\dataset\25Hz\D10\U04_R01_accel.csv,C:\Users\ADMIN\Desktop\ds-fall\data\raw\WEDA-FALL-main\dataset\25Hz,U04,D10_R01,D10,clapping_hands,clapping_hands,0,none,False,48,98,1.922,3.8819999999999997,25.0,50,12,"ax,ay,az,gx,gy,gz,acc_mag,gyro_mag,jerk,roll,pitch,tilt_delta",25.0,25.0,raw_25hz_time_aligned_to_uniform_25hz,adl_sliding_capped,252,253,,,dataset_unit_map,wrist,weda,m/s^2,rad/s,m/s^2,rad/s,1.0,1.0,True,test,non_fall,non_fall,0.027528783306479454,none,backward
w25_00004765,weda,C:\Users\ADMIN\Desktop\ds-fall\data\raw\WEDA-FALL-main\dataset\25Hz\D10\U04_R01_accel.csv,C:\Users\ADMIN\Desktop\ds-fall\data\raw\WEDA-FALL-main\dataset\25Hz,U04,D10_R01,D10,clapping_hands,clapping_hands,0,none,False,60,110,2.4019999999999997,4.362,25.0,50,12,"ax,ay,az,gx,gy,gz,acc_mag,gyro_mag,jerk,roll,pitch,tilt_delta",25.0,25.0,raw_25hz_time_aligned_to_uniform_25hz,adl_sliding_capped,252,253,,,dataset_unit_map,wrist,weda,m/s^2,rad/s,m/s^2,rad/s,1.0,1.0,True,test,non_fall,non_fall,0.0035400299821048975,none,backward
w25_00004766,weda,C:\Users\ADMIN\Desktop\ds-fall\data\raw\WEDA-FALL-main\dataset\25Hz\D10\U04_R01_accel.csv,C:\Users\ADMIN\Desktop\ds-fall\data\raw\WEDA-FALL-main\dataset\25Hz,U04,D10_R01,D10,clapping_hands,clapping_hands,0,none,False,72,122,2.8819999999999997,4.842,25.0,50,12,"ax,ay,az,gx,gy,gz,acc_mag,gyro_mag,jerk,roll,pitch,tilt_delta",25.0,25.0,raw_25hz_time_aligned_to_uniform_25hz,adl_sliding_capped,252,253,,,dataset_unit_map,wrist,weda,m/s^2,rad/s,m/s^2,rad/s,1.0,1.0,True,test,non_fall,non_fall,3.3162290492327884e-05,none,backward
w25_00004767,weda,C:\Users\ADMIN\Desktop\ds-fall\data\raw\WEDA-FALL-main\dataset\25Hz\D10\U04_R01_accel.csv,C:\Users\ADMIN\Desktop\ds-fall\data\raw\WEDA-FALL-main\dataset\25Hz,U04,D10_R01,D10,clapping_hands,clapping_hands,0,none,False,84,134,3.3619999999999997,5.322,25.0,50,12,"ax,ay,az,gx,gy,gz,acc_mag,gyro_mag,jerk,roll,pitch,tilt_delta",25.0,25.0,raw_25hz_time_aligned_to_uniform_25hz,adl_sliding_capped,252,253,,,dataset_unit_map,wrist,weda,m/s^2,rad/s,m/s^2,rad/s,1.0,1.0,True,test,non_fall,non_fall,7.044022368063452e-06,none,backward
w25_00004768,weda,C:\Users\ADMIN\Desktop\ds-fall\data\raw\WEDA-FALL-main\dataset\25Hz\D10\U04_R01_accel.csv,C:\Users\ADMIN\Desktop\ds-fall\data\raw\WEDA-FALL-main\dataset\25Hz,U04,D10_R01,D10,clapping_hands,clapping_hands,0,none,False,96,146,3.8419999999999996,5.802,25.0,50,12,"ax,ay,az,gx,gy,gz,acc_mag,gyro_mag,jerk,roll,pitch,tilt_delta",25.0,25.0,raw_25hz_time_aligned_to_uniform_25hz,adl_sliding_capped,252,253,,,dataset_unit_map,wrist,weda,m/s^2,rad/s,m/s^2,rad/s,1.0,1.0,True,test,non_fall,non_fall,1.6962314930424327e-06,none,backward
w25_00004769,weda,C:\Users\ADMIN\Desktop\ds-fall\data\raw\WEDA-FALL-main\dataset\25Hz\D10\U04_R01_accel.csv,C:\Users\ADMIN\Desktop\ds-fall\data\raw\WEDA-FALL-main\dataset\25Hz,U04,D10_R01,D10,clapping_hands,clapping_hands,0,none,False,108,158,4.322,6.282,25.0,50,12,"ax,ay,az,gx,gy,gz,acc_mag,gyro_mag,jerk,roll,pitch,tilt_delta",25.0,25.0,raw_25hz_time_aligned_to_uniform_25hz,adl_sliding_capped,252,253,,,dataset_unit_map,wrist,weda,m/s^2,rad/s,m/s^2,rad/s,1.0,1.0,True,test,non_fall,non_fall,1.6056397953434498e-06,none,backward
w25_00004900,weda,C:\Users\ADMIN\Desktop\ds-fall\data\raw\WEDA-FALL-main\dataset\25Hz\D10\U24_R01_accel.csv,C:\Users\ADMIN\Desktop\ds-fall\data\raw\WEDA-FALL-main\dataset\25Hz,U24,D10_R01,D10,clapping_hands,clapping_hands,0,none,False,0,50,0.002,1.962,25.0,50,12,"ax,ay,az,gx,gy,gz,acc_mag,gyro_mag,jerk,roll,pitch,tilt_delta",25.0,25.0,raw_25hz_time_aligned_to_uniform_25hz,adl_sliding_capped,243,246,,,dataset_unit_map,wrist,weda,m/s^2,rad/s,m/s^2,rad/s,1.0,1.0,True,test,non_fall,non_fall,1.1706028999469709e-06,none,backward
w25_00004901,weda,C:\Users\ADMIN\Desktop\ds-fall\data\raw\WEDA-FALL-main\dataset\25Hz\D10\U24_R01_accel.csv,C:\Users\ADMIN\Desktop\ds-fall\data\raw\WEDA-FALL-main\dataset\25Hz,U24,D10_R01,D10,clapping_hands,clapping_hands,0,none,False,12,62,0.482,2.4419999999999997,25.0,50,12,"ax,ay,az,gx,gy,gz,acc_mag,gyro_mag,jerk,roll,pitch,tilt_delta",25.0,25.0,raw_25hz_time_aligned_to_uniform_25hz,adl_sliding_capped,243,246,,,dataset_unit_map,wrist,weda,m/s^2,rad/s,m/s^2,rad/s,1.0,1.0,True,test,non_fall,non_fall,6.804751819800003e-07,none,backward
w25_00004902,weda,C:\Users\ADMIN\Desktop\ds-fall\data\raw\WEDA-FALL-main\dataset\25Hz\D10\U24_R01_accel.csv,C:\Users\ADMIN\Desktop\ds-fall\data\raw\WEDA-FALL-main\dataset\25Hz,U24,D10_R01,D10,clapping_hands,clapping_hands,0,none,False,24,74,0.962,2.9219999999999997,25.0,50,12,"ax,ay,az,gx,gy,gz,acc_mag,gyro_mag,jerk,roll,pitch,tilt_delta",25.0,25.0,raw_25hz_time_aligned_to_uniform_25hz,adl_sliding_capped,243,246,,,dataset_unit_map,wrist,weda,m/s^2,rad/s,m/s^2,rad/s,1.0,1.0,True,test,non_fall,non_fall,8.346312370122178e-07,none,backward
w25_00004903,weda,C:\Users\ADMIN\Desktop\ds-fall\data\raw\WEDA-FALL-main\dataset\25Hz\D10\U24_R01_accel.csv,C:\Users\ADMIN\Desktop\ds-fall\data\raw\WEDA-FALL-main\dataset\25Hz,U24,D10_R01,D10,clapping_hands,clapping_hands,0,none,False,36,86,1.442,3.4019999999999997,25.0,50,12,"ax,ay,az,gx,gy,gz,acc_mag,gyro_mag,jerk,roll,pitch,tilt_delta",25.0,25.0,raw_25hz_time_aligned_to_uniform_25hz,adl_sliding_capped,243,246,,,dataset_unit_map,wrist,weda,m/s^2,rad/s,m/s^2,rad/s,1.0,1.0,True,test,non_fall,non_fall,1.6224177670665085e-05,none,backward
w25_00004904,weda,C:\Users\ADMIN\Desktop\ds-fall\data\raw\WEDA-FALL-main\dataset\25Hz\D10\U24_R01_accel.csv,C:\Users\ADMIN\Desktop\ds-fall\data\raw\WEDA-FALL-main\dataset\25Hz,U24,D10_R01,D10,clapping_hands,clapping_hands,0,none,False,48,98,1.922,3.8819999999999997,25.0,50,12,"ax,ay,az,gx,gy,gz,acc_mag,gyro_mag,jerk,roll,pitch,tilt_delta",25.0,25.0,raw_25hz_time_aligned_to_uniform_25hz,adl_sliding_capped,243,246,,,dataset_unit_map,wrist,weda,m/s^2,rad/s,m/s^2,rad/s,1.0,1.0,True,test,non_fall,non_fall,8.646235983178485e-06,none,backward
w25_00004905,weda,C:\Users\ADMIN\Desktop\ds-fall\data\raw\WEDA-FALL-main\dataset\25Hz\D10\U24_R01_accel.csv,C:\Users\ADMIN\Desktop\ds-fall\data\raw\WEDA-FALL-main\dataset\25Hz,U24,D10_R01,D10,clapping_hands,clapping_hands,0,none,False,60,110,2.4019999999999997,4.362,25.0,50,12,"ax,ay,az,gx,gy,gz,acc_mag,gyro_mag,jerk,roll,pitch,tilt_delta",25.0,25.0,raw_25hz_time_aligned_to_uniform_25hz,adl_sliding_capped,243,246,,,dataset_unit_map,wrist,weda,m/s^2,rad/s,m/s^2,rad/s,1.0,1.0,True,test,non_fall,non_fall,9.549753485771362e-06,none,backward
w25_00004906,weda,C:\Users\ADMIN\Desktop\ds-fall\data\raw\WEDA-FALL-main\dataset\25Hz\D10\U24_R01_accel.csv,C:\Users\ADMIN\Desktop\ds-fall\data\raw\WEDA-FALL-main\dataset\25Hz,U24,D10_R01,D10,clapping_hands,clapping_hands,0,none,False,72,122,2.8819999999999997,4.842,25.0,50,12,"ax,ay,az,gx,gy,gz,acc_mag,gyro_mag,jerk,roll,pitch,tilt_delta",25.0,25.0,raw_25hz_time_aligned_to_uniform_25hz,adl_sliding_capped,243,246,,,dataset_unit_map,wrist,weda,m/s^2,rad/s,m/s^2,rad/s,1.0,1.0,True,test,non_fall,non_fall,1.1126436220365576e-05,none,backward
w25_00004907,weda,C:\Users\ADMIN\Desktop\ds-fall\data\raw\WEDA-FALL-main\dataset\25Hz\D10\U24_R01_accel.csv,C:\Users\ADMIN\Desktop\ds-fall\data\raw\WEDA-FALL-main\dataset\25Hz,U24,D10_R01,D10,clapping_hands,clapping_hands,0,none,False,84,134,3.3619999999999997,5.322,25.0,50,12,"ax,ay,az,gx,gy,gz,acc_mag,gyro_mag,jerk,roll,pitch,tilt_delta",25.0,25.0,raw_25hz_time_aligned_to_uniform_25hz,adl_sliding_capped,243,246,,,dataset_unit_map,wrist,weda,m/s^2,rad/s,m/s^2,rad/s,1.0,1.0,True,test,non_fall,non_fall,5.411763140727999e-06,none,backward
w25_00004908,weda,C:\Users\ADMIN\Desktop\ds-fall\data\raw\WEDA-FALL-main\dataset\25Hz\D10\U24_R01_accel.csv,C:\Users\ADMIN\Desktop\ds-fall\data\raw\WEDA-FALL-main\dataset\25Hz,U24,D10_R01,D10,clapping_hands,clapping_hands,0,none,False,96,146,3.8419999999999996,5.802,25.0,50,12,"ax,ay,az,gx,gy,gz,acc_mag,gyro_mag,jerk,roll,pitch,tilt_delta",25.0,25.0,raw_25hz_time_aligned_to_uniform_25hz,adl_sliding_capped,243,246,,,dataset_unit_map,wrist,weda,m/s^2,rad/s,m/s^2,rad/s,1.0,1.0,True,test,non_fall,non_fall,1.0256185305479448e-05,none,backward
w25_00004909,weda,C:\Users\ADMIN\Desktop\ds-fall\data\raw\WEDA-FALL-main\dataset\25Hz\D10\U24_R01_accel.csv,C:\Users\ADMIN\Desktop\ds-fall\data\raw\WEDA-FALL-main\dataset\25Hz,U24,D10_R01,D10,clapping_hands,clapping_hands,0,none,False,108,158,4.322,6.282,25.0,50,12,"ax,ay,az,gx,gy,gz,acc_mag,gyro_mag,jerk,roll,pitch,tilt_delta",25.0,25.0,raw_25hz_time_aligned_to_uniform_25hz,adl_sliding_capped,243,246,,,dataset_unit_map,wrist,weda,m/s^2,rad/s,m/s^2,rad/s,1.0,1.0,True,test,non_fall,non_fall,4.8223810154013336e-06,none,backward
w25_00004910,weda,C:\Users\ADMIN\Desktop\ds-fall\data\raw\WEDA-FALL-main\dataset\25Hz\D10\U25_R01_accel.csv,C:\Users\ADMIN\Desktop\ds-fall\data\raw\WEDA-FALL-main\dataset\25Hz,U25,D10_R01,D10,clapping_hands,clapping_hands,0,none,False,0,50,0.001,1.9609999999999999,25.0,50,12,"ax,ay,az,gx,gy,gz,acc_mag,gyro_mag,jerk,roll,pitch,tilt_delta",25.0,25.0,raw_25hz_time_aligned_to_uniform_25hz,adl_sliding_capped,264,267,,,dataset_unit_map,wrist,weda,m/s^2,rad/s,m/s^2,rad/s,1.0,1.0,True,test,non_fall,non_fall,7.968468707986176e-06,none,backward
w25_00004911,weda,C:\Users\ADMIN\Desktop\ds-fall\data\raw\WEDA-FALL-main\dataset\25Hz\D10\U25_R01_accel.csv,C:\Users\ADMIN\Desktop\ds-fall\data\raw\WEDA-FALL-main\dataset\25Hz,U25,D10_R01,D10,clapping_hands,clapping_hands,0,none,False,12,62,0.481,2.441,25.0,50,12,"ax,ay,az,gx,gy,gz,acc_mag,gyro_mag,jerk,roll,pitch,tilt_delta",25.0,25.0,raw_25hz_time_aligned_to_uniform_25hz,adl_sliding_capped,264,267,,,dataset_unit_map,wrist,weda,m/s^2,rad/s,m/s^2,rad/s,1.0,1.0,True,test,non_fall,non_fall,1.8670341887627728e-05,none,backward
w25_00004912,weda,C:\Users\ADMIN\Desktop\ds-fall\data\raw\WEDA-FALL-main\dataset\25Hz\D10\U25_R01_accel.csv,C:\Users\ADMIN\Desktop\ds-fall\data\raw\WEDA-FALL-main\dataset\25Hz,U25,D10_R01,D10,clapping_hands,clapping_hands,0,none,False,24,74,0.961,2.921,25.0,50,12,"ax,ay,az,gx,gy,gz,acc_mag,gyro_mag,jerk,roll,pitch,tilt_delta",25.0,25.0,raw_25hz_time_aligned_to_uniform_25hz,adl_sliding_capped,264,267,,,dataset_unit_map,wrist,weda,m/s^2,rad/s,m/s^2,rad/s,1.0,1.0,True,test,non_fall,non_fall,1.5486502888961695e-05,none,backward
w25_00004913,weda,C:\Users\ADMIN\Desktop\ds-fall\data\raw\WEDA-FALL-main\dataset\25Hz\D10\U25_R01_accel.csv,C:\Users\ADMIN\Desktop\ds-fall\data\raw\WEDA-FALL-main\dataset\25Hz,U25,D10_R01,D10,clapping_hands,clapping_hands,0,none,False,36,86,1.4409999999999998,3.401,25.0,50,12,"ax,ay,az,gx,gy,gz,acc_mag,gyro_mag,jerk,roll,pitch,tilt_delta",25.0,25.0,raw_25hz_time_aligned_to_uniform_25hz,adl_sliding_capped,264,267,,,dataset_unit_map,wrist,weda,m/s^2,rad/s,m/s^2,rad/s,1.0,1.0,True,test,non_fall,non_fall,7.393025043711532e-06,none,backward
w25_00004914,weda,C:\Users\ADMIN\Desktop\ds-fall\data\raw\WEDA-FALL-main\dataset\25Hz\D10\U25_R01_accel.csv,C:\Users\ADMIN\Desktop\ds-fall\data\raw\WEDA-FALL-main\dataset\25Hz,U25,D10_R01,D10,clapping_hands,clapping_hands,0,none,False,48,98,1.9209999999999998,3.881,25.0,50,12,"ax,ay,az,gx,gy,gz,acc_mag,gyro_mag,jerk,roll,pitch,tilt_delta",25.0,25.0,raw_25hz_time_aligned_to_uniform_25hz,adl_sliding_capped,264,267,,,dataset_unit_map,wrist,weda,m/s^2,rad/s,m/s^2,rad/s,1.0,1.0,True,test,non_fall,non_fall,9.934761919794255e-07,none,backward
w25_00004915,weda,C:\Users\ADMIN\Desktop\ds-fall\data\raw\WEDA-FALL-main\dataset\25Hz\D10\U25_R01_accel.csv,C:\Users\ADMIN\Desktop\ds-fall\data\raw\WEDA-FALL-main\dataset\25Hz,U25,D10_R01,D10,clapping_hands,clapping_hands,0,none,False,60,110,2.401,4.361000000000001,25.0,50,12,"ax,ay,az,gx,gy,gz,acc_mag,gyro_mag,jerk,roll,pitch,tilt_delta",25.0,25.0,raw_25hz_time_aligned_to_uniform_25hz,adl_sliding_capped,264,267,,,dataset_unit_map,wrist,weda,m/s^2,rad/s,m/s^2,rad/s,1.0,1.0,True,test,non_fall,non_fall,9.684662245490472e-07,none,backward
w25_00004916,weda,C:\Users\ADMIN\Desktop\ds-fall\data\raw\WEDA-FALL-main\dataset\25Hz\D10\U25_R01_accel.csv,C:\Users\ADMIN\Desktop\ds-fall\data\raw\WEDA-FALL-main\dataset\25Hz,U25,D10_R01,D10,clapping_hands,clapping_hands,0,none,False,72,122,2.881,4.841,25.0,50,12,"ax,ay,az,gx,gy,gz,acc_mag,gyro_mag,jerk,roll,pitch,tilt_delta",25.0,25.0,raw_25hz_time_aligned_to_uniform_25hz,adl_sliding_capped,264,267,,,dataset_unit_map,wrist,weda,m/s^2,rad/s,m/s^2,rad/s,1.0,1.0,True,test,non_fall,non_fall,1.2237234159329091e-06,none,backward
w25_00004917,weda,C:\Users\ADMIN\Desktop\ds-fall\data\raw\WEDA-FALL-main\dataset\25Hz\D10\U25_R01_accel.csv,C:\Users\ADMIN\Desktop\ds-fall\data\raw\WEDA-FALL-main\dataset\25Hz,U25,D10_R01,D10,clapping_hands,clapping_hands,0,none,False,84,134,3.3609999999999998,5.321000000000001,25.0,50,12,"ax,ay,az,gx,gy,gz,acc_mag,gyro_mag,jerk,roll,pitch,tilt_delta",25.0,25.0,raw_25hz_time_aligned_to_uniform_25hz,adl_sliding_capped,264,267,,,dataset_unit_map,wrist,weda,m/s^2,rad/s,m/s^2,rad/s,1.0,1.0,True,test,non_fall,non_fall,1.066190748133522e-06,none,backward
w25_00004918,weda,C:\Users\ADMIN\Desktop\ds-fall\data\raw\WEDA-FALL-main\dataset\25Hz\D10\U25_R01_accel.csv,C:\Users\ADMIN\Desktop\ds-fall\data\raw\WEDA-FALL-main\dataset\25Hz,U25,D10_R01,D10,clapping_hands,clapping_hands,0,none,False,96,146,3.8409999999999997,5.801,25.0,50,12,"ax,ay,az,gx,gy,gz,acc_mag,gyro_mag,jerk,roll,pitch,tilt_delta",25.0,25.0,raw_25hz_time_aligned_to_uniform_25hz,adl_sliding_capped,264,267,,,dataset_unit_map,wrist,weda,m/s^2,rad/s,m/s^2,rad/s,1.0,1.0,True,test,non_fall,non_fall,5.314969371283951e-07,none,backward
w25_00004919,weda,C:\Users\ADMIN\Desktop\ds-fall\data\raw\WEDA-FALL-main\dataset\25Hz\D10\U25_R01_accel.csv,C:\Users\ADMIN\Desktop\ds-fall\data\raw\WEDA-FALL-main\dataset\25Hz,U25,D10_R01,D10,clapping_hands,clapping_hands,0,none,False,108,158,4.321000000000001,6.281000000000001,25.0,50,12,"ax,ay,az,gx,gy,gz,acc_mag,gyro_mag,jerk,roll,pitch,tilt_delta",25.0,25.0,raw_25hz_time_aligned_to_uniform_25hz,adl_sliding_capped,264,267,,,dataset_unit_map,wrist,weda,m/s^2,rad/s,m/s^2,rad/s,1.0,1.0,True,test,non_fall,non_fall,5.12184215040179e-07,none,backward
w25_00004995,weda,C:\Users\ADMIN\Desktop\ds-fall\data\raw\WEDA-FALL-main\dataset\25Hz\D11\U04_R01_accel.csv,C:\Users\ADMIN\Desktop\ds-fall\data\raw\WEDA-FALL-main\dataset\25Hz,U04,D11_R01,D11,open_close_door,open_close_door,0,none,False,0,50,0.006,1.966,25.0,50,12,"ax,ay,az,gx,gy,gz,acc_mag,gyro_mag,jerk,roll,pitch,tilt_delta",25.0,25.0,raw_25hz_time_aligned_to_uniform_25hz,adl_sliding_capped,274,276,,,dataset_unit_map,wrist,weda,m/s^2,rad/s,m/s^2,rad/s,1.0,1.0,True,test,non_fall,non_fall,1.2096767022740096e-05,none,lateral
w25_00004996,weda,C:\Users\ADMIN\Desktop\ds-fall\data\raw\WEDA-FALL-main\dataset\25Hz\D11\U04_R01_accel.csv,C:\Users\ADMIN\Desktop\ds-fall\data\raw\WEDA-FALL-main\dataset\25Hz,U04,D11_R01,D11,open_close_door,open_close_door,0,none,False,12,62,0.486,2.4459999999999997,25.0,50,12,"ax,ay,az,gx,gy,gz,acc_mag,gyro_mag,jerk,roll,pitch,tilt_delta",25.0,25.0,raw_25hz_time_aligned_to_uniform_25hz,adl_sliding_capped,274,276,,,dataset_unit_map,wrist,weda,m/s^2,rad/s,m/s^2,rad/s,1.0,1.0,True,test,non_fall,non_fall,2.6884481485467404e-05,none,lateral
w25_00004997,weda,C:\Users\ADMIN\Desktop\ds-fall\data\raw\WEDA-FALL-main\dataset\25Hz\D11\U04_R01_accel.csv,C:\Users\ADMIN\Desktop\ds-fall\data\raw\WEDA-FALL-main\dataset\25Hz,U04,D11_R01,D11,open_close_door,open_close_door,0,none,False,24,74,0.966,2.9259999999999997,25.0,50,12,"ax,ay,az,gx,gy,gz,acc_mag,gyro_mag,jerk,roll,pitch,tilt_delta",25.0,25.0,raw_25hz_time_aligned_to_uniform_25hz,adl_sliding_capped,274,276,,,dataset_unit_map,wrist,weda,m/s^2,rad/s,m/s^2,rad/s,1.0,1.0,True,test,non_fall,non_fall,1.4170725989970379e-05,none,forward
w25_00004998,weda,C:\Users\ADMIN\Desktop\ds-fall\data\raw\WEDA-FALL-main\dataset\25Hz\D11\U04_R01_accel.csv,C:\Users\ADMIN\Desktop\ds-fall\data\raw\WEDA-FALL-main\dataset\25Hz,U04,D11_R01,D11,open_close_door,open_close_door,0,none,False,36,86,1.446,3.4059999999999997,25.0,50,12,"ax,ay,az,gx,gy,gz,acc_mag,gyro_mag,jerk,roll,pitch,tilt_delta",25.0,25.0,raw_25hz_time_aligned_to_uniform_25hz,adl_sliding_capped,274,276,,,dataset_unit_map,wrist,weda,m/s^2,rad/s,m/s^2,rad/s,1.0,1.0,True,test,non_fall,non_fall,1.2704427717835642e-05,none,forward
w25_00004999,weda,C:\Users\ADMIN\Desktop\ds-fall\data\raw\WEDA-FALL-main\dataset\25Hz\D11\U04_R01_accel.csv,C:\Users\ADMIN\Desktop\ds-fall\data\raw\WEDA-FALL-main\dataset\25Hz,U04,D11_R01,D11,open_close_door,open_close_door,0,none,False,48,98,1.926,3.8859999999999997,25.0,50,12,"ax,ay,az,gx,gy,gz,acc_mag,gyro_mag,jerk,roll,pitch,tilt_delta",25.0,25.0,raw_25hz_time_aligned_to_uniform_25hz,adl_sliding_capped,274,276,,,dataset_unit_map,wrist,weda,m/s^2,rad/s,m/s^2,rad/s,1.0,1.0,True,test,non_fall,non_fall,1.764331386766571e-06,none,forward
w25_00005065,weda,C:\Users\ADMIN\Desktop\ds-fall\data\raw\WEDA-FALL-main\dataset\25Hz\D11\U24_R01_accel.csv,C:\Users\ADMIN\Desktop\ds-fall\data\raw\WEDA-FALL-main\dataset\25Hz,U24,D11_R01,D11,open_close_door,open_close_door,0,none,False,0,50,0.002,1.962,25.0,50,12,"ax,ay,az,gx,gy,gz,acc_mag,gyro_mag,jerk,roll,pitch,tilt_delta",25.0,25.0,raw_25hz_time_aligned_to_uniform_25hz,adl_sliding_capped,166,166,,,dataset_unit_map,wrist,weda,m/s^2,rad/s,m/s^2,rad/s,1.0,1.0,True,test,non_fall,non_fall,0.019454119727015495,none,backward
w25_00005066,weda,C:\Users\ADMIN\Desktop\ds-fall\data\raw\WEDA-FALL-main\dataset\25Hz\D11\U24_R01_accel.csv,C:\Users\ADMIN\Desktop\ds-fall\data\raw\WEDA-FALL-main\dataset\25Hz,U24,D11_R01,D11,open_close_door,open_close_door,0,none,False,12,62,0.482,2.4419999999999997,25.0,50,12,"ax,ay,az,gx,gy,gz,acc_mag,gyro_mag,jerk,roll,pitch,tilt_delta",25.0,25.0,raw_25hz_time_aligned_to_uniform_25hz,adl_sliding_capped,166,166,,,dataset_unit_map,wrist,weda,m/s^2,rad/s,m/s^2,rad/s,1.0,1.0,True,test,non_fall,non_fall,0.01349975448101759,none,backward
w25_00005067,weda,C:\Users\ADMIN\Desktop\ds-fall\data\raw\WEDA-FALL-main\dataset\25Hz\D11\U24_R01_accel.csv,C:\Users\ADMIN\Desktop\ds-fall\data\raw\WEDA-FALL-main\dataset\25Hz,U24,D11_R01,D11,open_close_door,open_close_door,0,none,False,24,74,0.962,2.9219999999999997,25.0,50,12,"ax,ay,az,gx,gy,gz,acc_mag,gyro_mag,jerk,roll,pitch,tilt_delta",25.0,25.0,raw_25hz_time_aligned_to_uniform_25hz,adl_sliding_capped,166,166,,,dataset_unit_map,wrist,weda,m/s^2,rad/s,m/s^2,rad/s,1.0,1.0,True,test,non_fall,non_fall,0.0028806880582123995,none,backward
w25_00005068,weda,C:\Users\ADMIN\Desktop\ds-fall\data\raw\WEDA-FALL-main\dataset\25Hz\D11\U24_R01_accel.csv,C:\Users\ADMIN\Desktop\ds-fall\data\raw\WEDA-FALL-main\dataset\25Hz,U24,D11_R01,D11,open_close_door,open_close_door,0,none,False,36,86,1.442,3.4019999999999997,25.0,50,12,"ax,ay,az,gx,gy,gz,acc_mag,gyro_mag,jerk,roll,pitch,tilt_delta",25.0,25.0,raw_25hz_time_aligned_to_uniform_25hz,adl_sliding_capped,166,166,,,dataset_unit_map,wrist,weda,m/s^2,rad/s,m/s^2,rad/s,1.0,1.0,True,test,non_fall,non_fall,0.00018025579629465938,none,backward
w25_00005069,weda,C:\Users\ADMIN\Desktop\ds-fall\data\raw\WEDA-FALL-main\dataset\25Hz\D11\U24_R01_accel.csv,C:\Users\ADMIN\Desktop\ds-fall\data\raw\WEDA-FALL-main\dataset\25Hz,U24,D11_R01,D11,open_close_door,open_close_door,0,none,False,48,98,1.922,3.8819999999999997,25.0,50,12,"ax,ay,az,gx,gy,gz,acc_mag,gyro_mag,jerk,roll,pitch,tilt_delta",25.0,25.0,raw_25hz_time_aligned_to_uniform_25hz,adl_sliding_capped,166,166,,,dataset_unit_map,wrist,weda,m/s^2,rad/s,m/s^2,rad/s,1.0,1.0,True,test,non_fall,non_fall,0.017828311771154404,none,backward
w25_00005070,weda,C:\Users\ADMIN\Desktop\ds-fall\data\raw\WEDA-FALL-main\dataset\25Hz\D11\U25_R01_accel.csv,C:\Users\ADMIN\Desktop\ds-fall\data\raw\WEDA-FALL-main\dataset\25Hz,U25,D11_R01,D11,open_close_door,open_close_door,0,none,False,0,50,0.002,1.962,25.0,50,12,"ax,ay,az,gx,gy,gz,acc_mag,gyro_mag,jerk,roll,pitch,tilt_delta",25.0,25.0,raw_25hz_time_aligned_to_uniform_25hz,adl_sliding_capped,247,249,,,dataset_unit_map,wrist,weda,m/s^2,rad/s,m/s^2,rad/s,1.0,1.0,True,test,non_fall,non_fall,1.1123603144369554e-05,none,backward
w25_00005071,weda,C:\Users\ADMIN\Desktop\ds-fall\data\raw\WEDA-FALL-main\dataset\25Hz\D11\U25_R01_accel.csv,C:\Users\ADMIN\Desktop\ds-fall\data\raw\WEDA-FALL-main\dataset\25Hz,U25,D11_R01,D11,open_close_door,open_close_door,0,none,False,12,62,0.482,2.4419999999999997,25.0,50,12,"ax,ay,az,gx,gy,gz,acc_mag,gyro_mag,jerk,roll,pitch,tilt_delta",25.0,25.0,raw_25hz_time_aligned_to_uniform_25hz,adl_sliding_capped,247,249,,,dataset_unit_map,wrist,weda,m/s^2,rad/s,m/s^2,rad/s,1.0,1.0,True,test,non_fall,non_fall,0.24138689041137695,none,backward
w25_00005072,weda,C:\Users\ADMIN\Desktop\ds-fall\data\raw\WEDA-FALL-main\dataset\25Hz\D11\U25_R01_accel.csv,C:\Users\ADMIN\Desktop\ds-fall\data\raw\WEDA-FALL-main\dataset\25Hz,U25,D11_R01,D11,open_close_door,open_close_door,0,none,False,24,74,0.962,2.9219999999999997,25.0,50,12,"ax,ay,az,gx,gy,gz,acc_mag,gyro_mag,jerk,roll,pitch,tilt_delta",25.0,25.0,raw_25hz_time_aligned_to_uniform_25hz,adl_sliding_capped,247,249,,,dataset_unit_map,wrist,weda,m/s^2,rad/s,m/s^2,rad/s,1.0,1.0,True,test,non_fall,non_fall,0.39595362544059753,none,backward
w25_00005073,weda,C:\Users\ADMIN\Desktop\ds-fall\data\raw\WEDA-FALL-main\dataset\25Hz\D11\U25_R01_accel.csv,C:\Users\ADMIN\Desktop\ds-fall\data\raw\WEDA-FALL-main\dataset\25Hz,U25,D11_R01,D11,open_close_door,open_close_door,0,none,False,36,86,1.442,3.4019999999999997,25.0,50,12,"ax,ay,az,gx,gy,gz,acc_mag,gyro_mag,jerk,roll,pitch,tilt_delta",25.0,25.0,raw_25hz_time_aligned_to_uniform_25hz,adl_sliding_capped,247,249,,,dataset_unit_map,wrist,weda,m/s^2,rad/s,m/s^2,rad/s,1.0,1.0,True,test,non_fall,non_fall,0.18146198987960815,none,backward
w25_00005074,weda,C:\Users\ADMIN\Desktop\ds-fall\data\raw\WEDA-FALL-main\dataset\25Hz\D11\U25_R01_accel.csv,C:\Users\ADMIN\Desktop\ds-fall\data\raw\WEDA-FALL-main\dataset\25Hz,U25,D11_R01,D11,open_close_door,open_close_door,0,none,False,48,98,1.922,3.8819999999999997,25.0,50,12,"ax,ay,az,gx,gy,gz,acc_mag,gyro_mag,jerk,roll,pitch,tilt_delta",25.0,25.0,raw_25hz_time_aligned_to_uniform_25hz,adl_sliding_capped,247,249,,,dataset_unit_map,wrist,weda,m/s^2,rad/s,m/s^2,rad/s,1.0,1.0,True,test,non_fall,non_fall,0.003909809980541468,none,backward
w25_00005114,weda,C:\Users\ADMIN\Desktop\ds-fall\data\raw\WEDA-FALL-main\dataset\25Hz\F01\U04_R01_accel.csv,C:\Users\ADMIN\Desktop\ds-fall\data\raw\WEDA-FALL-main\dataset\25Hz,U04,F01_R01,F01,fall_forward_walking_slip,fall_forward_walking_slip,1,forward,True,108,158,4.336,6.296,25.0,50,12,"ax,ay,az,gx,gy,gz,acc_mag,gyro_mag,jerk,roll,pitch,tilt_delta",25.0,25.0,raw_25hz_time_aligned_to_uniform_25hz,fall_interval_peak_acc_centered,414,418,4.3,7.3,dataset_unit_map,wrist,weda,m/s^2,rad/s,m/s^2,rad/s,1.0,1.0,True,test,fall,fall,0.9999948740005493,forward,forward
w25_00005115,weda,C:\Users\ADMIN\Desktop\ds-fall\data\raw\WEDA-FALL-main\dataset\25Hz\F01\U04_R02_accel.csv,C:\Users\ADMIN\Desktop\ds-fall\data\raw\WEDA-FALL-main\dataset\25Hz,U04,F01_R02,F01,fall_forward_walking_slip,fall_forward_walking_slip,1,forward,True,98,148,3.9219999999999997,5.882,25.0,50,12,"ax,ay,az,gx,gy,gz,acc_mag,gyro_mag,jerk,roll,pitch,tilt_delta",25.0,25.0,raw_25hz_time_aligned_to_uniform_25hz,fall_interval_peak_acc_centered,405,409,3.7,6.7,dataset_unit_map,wrist,weda,m/s^2,rad/s,m/s^2,rad/s,1.0,1.0,True,test,fall,fall,1.0,forward,backward
w25_00005116,weda,C:\Users\ADMIN\Desktop\ds-fall\data\raw\WEDA-FALL-main\dataset\25Hz\F01\U04_R03_accel.csv,C:\Users\ADMIN\Desktop\ds-fall\data\raw\WEDA-FALL-main\dataset\25Hz,U04,F01_R03,F01,fall_forward_walking_slip,fall_forward_walking_slip,1,forward,True,127,177,5.082,7.042,25.0,50,12,"ax,ay,az,gx,gy,gz,acc_mag,gyro_mag,jerk,roll,pitch,tilt_delta",25.0,25.0,raw_25hz_time_aligned_to_uniform_25hz,fall_interval_peak_acc_centered,264,266,5.0,8.0,dataset_unit_map,wrist,weda,m/s^2,rad/s,m/s^2,rad/s,1.0,1.0,True,test,fall,fall,1.0,forward,forward
w25_00005156,weda,C:\Users\ADMIN\Desktop\ds-fall\data\raw\WEDA-FALL-main\dataset\25Hz\F02\U04_R01_accel.csv,C:\Users\ADMIN\Desktop\ds-fall\data\raw\WEDA-FALL-main\dataset\25Hz,U04,F02_R01,F02,lateral_fall_walking_slip,lateral_fall_walking_slip,1,lateral,True,100,150,4.002,5.962,25.0,50,12,"ax,ay,az,gx,gy,gz,acc_mag,gyro_mag,jerk,roll,pitch,tilt_delta",25.0,25.0,raw_25hz_time_aligned_to_uniform_25hz,fall_interval_peak_acc_centered,271,273,4.0,7.0,dataset_unit_map,wrist,weda,m/s^2,rad/s,m/s^2,rad/s,1.0,1.0,True,test,fall,fall,0.9963110089302063,lateral,backward
w25_00005157,weda,C:\Users\ADMIN\Desktop\ds-fall\data\raw\WEDA-FALL-main\dataset\25Hz\F02\U04_R02_accel.csv,C:\Users\ADMIN\Desktop\ds-fall\data\raw\WEDA-FALL-main\dataset\25Hz,U04,F02_R02,F02,lateral_fall_walking_slip,lateral_fall_walking_slip,1,lateral,True,98,148,3.9219999999999997,5.882,25.0,50,12,"ax,ay,az,gx,gy,gz,acc_mag,gyro_mag,jerk,roll,pitch,tilt_delta",25.0,25.0,raw_25hz_time_aligned_to_uniform_25hz,fall_interval_peak_acc_centered,333,335,4.0,7.0,dataset_unit_map,wrist,weda,m/s^2,rad/s,m/s^2,rad/s,1.0,1.0,True,test,fall,fall,0.9714502692222595,lateral,lateral
w25_00005158,weda,C:\Users\ADMIN\Desktop\ds-fall\data\raw\WEDA-FALL-main\dataset\25Hz\F02\U04_R03_accel.csv,C:\Users\ADMIN\Desktop\ds-fall\data\raw\WEDA-FALL-main\dataset\25Hz,U04,F02_R03,F02,lateral_fall_walking_slip,lateral_fall_walking_slip,1,lateral,True,97,147,3.883,5.843,25.0,50,12,"ax,ay,az,gx,gy,gz,acc_mag,gyro_mag,jerk,roll,pitch,tilt_delta",25.0,25.0,raw_25hz_time_aligned_to_uniform_25hz,fall_interval_peak_acc_centered,252,254,4.0,7.0,dataset_unit_map,wrist,weda,m/s^2,rad/s,m/s^2,rad/s,1.0,1.0,True,test,fall,non_fall,0.529984176158905,lateral,backward
w25_00005198,weda,C:\Users\ADMIN\Desktop\ds-fall\data\raw\WEDA-FALL-main\dataset\25Hz\F03\U04_R01_accel.csv,C:\Users\ADMIN\Desktop\ds-fall\data\raw\WEDA-FALL-main\dataset\25Hz,U04,F03_R01,F03,fall_backward_walking_slip,fall_backward_walking_slip,1,backward,True,127,177,5.082,7.042,25.0,50,12,"ax,ay,az,gx,gy,gz,acc_mag,gyro_mag,jerk,roll,pitch,tilt_delta",25.0,25.0,raw_25hz_time_aligned_to_uniform_25hz,fall_interval_peak_acc_centered,283,285,5.0,8.0,dataset_unit_map,wrist,weda,m/s^2,rad/s,m/s^2,rad/s,1.0,1.0,True,test,fall,fall,0.99671471118927,backward,forward
w25_00005199,weda,C:\Users\ADMIN\Desktop\ds-fall\data\raw\WEDA-FALL-main\dataset\25Hz\F03\U04_R02_accel.csv,C:\Users\ADMIN\Desktop\ds-fall\data\raw\WEDA-FALL-main\dataset\25Hz,U04,F03_R02,F03,fall_backward_walking_slip,fall_backward_walking_slip,1,backward,True,93,143,3.7270000000000003,5.686999999999999,25.0,50,12,"ax,ay,az,gx,gy,gz,acc_mag,gyro_mag,jerk,roll,pitch,tilt_delta",25.0,25.0,raw_25hz_time_aligned_to_uniform_25hz,fall_interval_peak_acc_centered,217,219,4.0,7.0,dataset_unit_map,wrist,weda,m/s^2,rad/s,m/s^2,rad/s,1.0,1.0,True,test,fall,fall,1.0,backward,forward
w25_00005200,weda,C:\Users\ADMIN\Desktop\ds-fall\data\raw\WEDA-FALL-main\dataset\25Hz\F03\U04_R03_accel.csv,C:\Users\ADMIN\Desktop\ds-fall\data\raw\WEDA-FALL-main\dataset\25Hz,U04,F03_R03,F03,fall_backward_walking_slip,fall_backward_walking_slip,1,backward,True,104,154,4.162,6.122,25.0,50,12,"ax,ay,az,gx,gy,gz,acc_mag,gyro_mag,jerk,roll,pitch,tilt_delta",25.0,25.0,raw_25hz_time_aligned_to_uniform_25hz,fall_interval_peak_acc_centered,234,236,4.0,7.0,dataset_unit_map,wrist,weda,m/s^2,rad/s,m/s^2,rad/s,1.0,1.0,True,test,fall,fall,0.9999407529830933,backward,backward
w25_00005240,weda,C:\Users\ADMIN\Desktop\ds-fall\data\raw\WEDA-FALL-main\dataset\25Hz\F04\U04_R01_accel.csv,C:\Users\ADMIN\Desktop\ds-fall\data\raw\WEDA-FALL-main\dataset\25Hz,U04,F04_R01,F04,fall_forward_walking_trip,fall_forward_walking_trip,1,forward,True,85,135,3.403,5.363,25.0,50,12,"ax,ay,az,gx,gy,gz,acc_mag,gyro_mag,jerk,roll,pitch,tilt_delta",25.0,25.0,raw_25hz_time_aligned_to_uniform_25hz,fall_interval_peak_acc_centered,237,238,3.0,6.0,dataset_unit_map,wrist,weda,m/s^2,rad/s,m/s^2,rad/s,1.0,1.0,True,test,fall,fall,0.9869905114173889,forward,forward
w25_00005241,weda,C:\Users\ADMIN\Desktop\ds-fall\data\raw\WEDA-FALL-main\dataset\25Hz\F04\U04_R02_accel.csv,C:\Users\ADMIN\Desktop\ds-fall\data\raw\WEDA-FALL-main\dataset\25Hz,U04,F04_R02,F04,fall_forward_walking_trip,fall_forward_walking_trip,1,forward,True,85,135,3.4019999999999997,5.362,25.0,50,12,"ax,ay,az,gx,gy,gz,acc_mag,gyro_mag,jerk,roll,pitch,tilt_delta",25.0,25.0,raw_25hz_time_aligned_to_uniform_25hz,fall_interval_peak_acc_centered,237,238,3.2,6.2,dataset_unit_map,wrist,weda,m/s^2,rad/s,m/s^2,rad/s,1.0,1.0,True,test,fall,fall,0.99996018409729,forward,forward
w25_00005242,weda,C:\Users\ADMIN\Desktop\ds-fall\data\raw\WEDA-FALL-main\dataset\25Hz\F04\U04_R03_accel.csv,C:\Users\ADMIN\Desktop\ds-fall\data\raw\WEDA-FALL-main\dataset\25Hz,U04,F04_R03,F04,fall_forward_walking_trip,fall_forward_walking_trip,1,forward,True,91,141,3.642,5.602,25.0,50,12,"ax,ay,az,gx,gy,gz,acc_mag,gyro_mag,jerk,roll,pitch,tilt_delta",25.0,25.0,raw_25hz_time_aligned_to_uniform_25hz,fall_interval_peak_acc_centered,225,226,3.6,6.6,dataset_unit_map,wrist,weda,m/s^2,rad/s,m/s^2,rad/s,1.0,1.0,True,test,fall,fall,0.9999828338623047,forward,lateral
w25_00005282,weda,C:\Users\ADMIN\Desktop\ds-fall\data\raw\WEDA-FALL-main\dataset\25Hz\F05\U04_R01_accel.csv,C:\Users\ADMIN\Desktop\ds-fall\data\raw\WEDA-FALL-main\dataset\25Hz,U04,F05_R01,F05,fall_backward_trying_to_sit,fall_backward_trying_to_sit,1,backward,True,63,113,2.521,4.481000000000001,25.0,50,12,"ax,ay,az,gx,gy,gz,acc_mag,gyro_mag,jerk,roll,pitch,tilt_delta",25.0,25.0,raw_25hz_time_aligned_to_uniform_25hz,fall_interval_peak_acc_centered,163,164,2.5,5.5,dataset_unit_map,wrist,weda,m/s^2,rad/s,m/s^2,rad/s,1.0,1.0,True,test,fall,fall,0.9997783303260803,backward,backward
w25_00005283,weda,C:\Users\ADMIN\Desktop\ds-fall\data\raw\WEDA-FALL-main\dataset\25Hz\F05\U04_R02_accel.csv,C:\Users\ADMIN\Desktop\ds-fall\data\raw\WEDA-FALL-main\dataset\25Hz,U04,F05_R02,F05,fall_backward_trying_to_sit,fall_backward_trying_to_sit,1,backward,True,66,116,2.7159999999999997,4.675999999999999,25.0,50,12,"ax,ay,az,gx,gy,gz,acc_mag,gyro_mag,jerk,roll,pitch,tilt_delta",25.0,25.0,raw_25hz_time_aligned_to_uniform_25hz,fall_interval_peak_acc_centered,191,191,2.8,5.8,dataset_unit_map,wrist,weda,m/s^2,rad/s,m/s^2,rad/s,1.0,1.0,True,test,fall,fall,0.9998370409011841,backward,lateral
w25_00005284,weda,C:\Users\ADMIN\Desktop\ds-fall\data\raw\WEDA-FALL-main\dataset\25Hz\F05\U04_R03_accel.csv,C:\Users\ADMIN\Desktop\ds-fall\data\raw\WEDA-FALL-main\dataset\25Hz,U04,F05_R03,F05,fall_backward_trying_to_sit,fall_backward_trying_to_sit,1,backward,True,93,143,3.722,5.6819999999999995,25.0,50,12,"ax,ay,az,gx,gy,gz,acc_mag,gyro_mag,jerk,roll,pitch,tilt_delta",25.0,25.0,raw_25hz_time_aligned_to_uniform_25hz,fall_interval_peak_acc_centered,225,225,3.6,6.6,dataset_unit_map,wrist,weda,m/s^2,rad/s,m/s^2,rad/s,1.0,1.0,True,test,fall,fall,0.9928812980651855,backward,lateral
w25_00005324,weda,C:\Users\ADMIN\Desktop\ds-fall\data\raw\WEDA-FALL-main\dataset\25Hz\F06\U04_R01_accel.csv,C:\Users\ADMIN\Desktop\ds-fall\data\raw\WEDA-FALL-main\dataset\25Hz,U04,F06_R01,F06,fall_forward_sitting,fall_forward_sitting,1,forward,True,75,125,3.002,4.962,25.0,50,12,"ax,ay,az,gx,gy,gz,acc_mag,gyro_mag,jerk,roll,pitch,tilt_delta",25.0,25.0,raw_25hz_time_aligned_to_uniform_25hz,fall_interval_peak_acc_centered,227,229,3.0,6.0,dataset_unit_map,wrist,weda,m/s^2,rad/s,m/s^2,rad/s,1.0,1.0,True,test,fall,non_fall,0.000834713107906282,forward,forward
w25_00005325,weda,C:\Users\ADMIN\Desktop\ds-fall\data\raw\WEDA-FALL-main\dataset\25Hz\F06\U04_R02_accel.csv,C:\Users\ADMIN\Desktop\ds-fall\data\raw\WEDA-FALL-main\dataset\25Hz,U04,F06_R02,F06,fall_forward_sitting,fall_forward_sitting,1,forward,True,89,139,3.562,5.522,25.0,50,12,"ax,ay,az,gx,gy,gz,acc_mag,gyro_mag,jerk,roll,pitch,tilt_delta",25.0,25.0,raw_25hz_time_aligned_to_uniform_25hz,fall_interval_peak_acc_centered,214,216,3.5,6.5,dataset_unit_map,wrist,weda,m/s^2,rad/s,m/s^2,rad/s,1.0,1.0,True,test,fall,non_fall,0.2537693679332733,forward,backward
w25_00005326,weda,C:\Users\ADMIN\Desktop\ds-fall\data\raw\WEDA-FALL-main\dataset\25Hz\F06\U04_R03_accel.csv,C:\Users\ADMIN\Desktop\ds-fall\data\raw\WEDA-FALL-main\dataset\25Hz,U04,F06_R03,F06,fall_forward_sitting,fall_forward_sitting,1,forward,True,41,91,1.6420000000000001,3.602,25.0,50,12,"ax,ay,az,gx,gy,gz,acc_mag,gyro_mag,jerk,roll,pitch,tilt_delta",25.0,25.0,raw_25hz_time_aligned_to_uniform_25hz,fall_interval_peak_acc_centered,193,194,1.8,4.8,dataset_unit_map,wrist,weda,m/s^2,rad/s,m/s^2,rad/s,1.0,1.0,True,test,fall,fall,0.9786819815635681,forward,forward
w25_00005366,weda,C:\Users\ADMIN\Desktop\ds-fall\data\raw\WEDA-FALL-main\dataset\25Hz\F07\U04_R01_accel.csv,C:\Users\ADMIN\Desktop\ds-fall\data\raw\WEDA-FALL-main\dataset\25Hz,U04,F07_R01,F07,fall_backward_sitting,fall_backward_sitting,1,backward,True,50,100,2.002,3.9619999999999997,25.0,50,12,"ax,ay,az,gx,gy,gz,acc_mag,gyro_mag,jerk,roll,pitch,tilt_delta",25.0,25.0,raw_25hz_time_aligned_to_uniform_25hz,fall_interval_peak_acc_centered,192,193,2.0,5.0,dataset_unit_map,wrist,weda,m/s^2,rad/s,m/s^2,rad/s,1.0,1.0,True,test,fall,fall,0.9999998807907104,backward,forward
w25_00005367,weda,C:\Users\ADMIN\Desktop\ds-fall\data\raw\WEDA-FALL-main\dataset\25Hz\F07\U04_R02_accel.csv,C:\Users\ADMIN\Desktop\ds-fall\data\raw\WEDA-FALL-main\dataset\25Hz,U04,F07_R02,F07,fall_backward_sitting,fall_backward_sitting,1,backward,True,55,105,2.2070000000000003,4.167,25.0,50,12,"ax,ay,az,gx,gy,gz,acc_mag,gyro_mag,jerk,roll,pitch,tilt_delta",25.0,25.0,raw_25hz_time_aligned_to_uniform_25hz,fall_interval_peak_acc_centered,207,209,1.8,4.8,dataset_unit_map,wrist,weda,m/s^2,rad/s,m/s^2,rad/s,1.0,1.0,True,test,fall,fall,0.9579817056655884,backward,backward
w25_00005368,weda,C:\Users\ADMIN\Desktop\ds-fall\data\raw\WEDA-FALL-main\dataset\25Hz\F07\U04_R03_accel.csv,C:\Users\ADMIN\Desktop\ds-fall\data\raw\WEDA-FALL-main\dataset\25Hz,U04,F07_R03,F07,fall_backward_sitting,fall_backward_sitting,1,backward,True,90,140,3.602,5.562,25.0,50,12,"ax,ay,az,gx,gy,gz,acc_mag,gyro_mag,jerk,roll,pitch,tilt_delta",25.0,25.0,raw_25hz_time_aligned_to_uniform_25hz,fall_interval_peak_acc_centered,222,224,3.5,6.5,dataset_unit_map,wrist,weda,m/s^2,rad/s,m/s^2,rad/s,1.0,1.0,True,test,fall,fall,0.9936473965644836,backward,backward
w25_00005411,weda,C:\Users\ADMIN\Desktop\ds-fall\data\raw\WEDA-FALL-main\dataset\25Hz\F08\U04_R01_accel.csv,C:\Users\ADMIN\Desktop\ds-fall\data\raw\WEDA-FALL-main\dataset\25Hz,U04,F08_R01,F08,lateral_fall_sitting,lateral_fall_sitting,1,lateral,True,71,121,2.8419999999999996,4.802,25.0,50,12,"ax,ay,az,gx,gy,gz,acc_mag,gyro_mag,jerk,roll,pitch,tilt_delta",25.0,25.0,raw_25hz_time_aligned_to_uniform_25hz,fall_interval_peak_acc_centered,190,194,2.1,6.8,dataset_unit_map,wrist,weda,m/s^2,rad/s,m/s^2,rad/s,1.0,1.0,True,test,fall,fall,0.9999986886978149,lateral,lateral
w25_00005412,weda,C:\Users\ADMIN\Desktop\ds-fall\data\raw\WEDA-FALL-main\dataset\25Hz\F08\U04_R02_accel.csv,C:\Users\ADMIN\Desktop\ds-fall\data\raw\WEDA-FALL-main\dataset\25Hz,U04,F08_R02,F08,lateral_fall_sitting,lateral_fall_sitting,1,lateral,True,93,143,3.722,5.6819999999999995,25.0,50,12,"ax,ay,az,gx,gy,gz,acc_mag,gyro_mag,jerk,roll,pitch,tilt_delta",25.0,25.0,raw_25hz_time_aligned_to_uniform_25hz,fall_interval_peak_acc_centered,200,202,3.4,6.4,dataset_unit_map,wrist,weda,m/s^2,rad/s,m/s^2,rad/s,1.0,1.0,True,test,fall,fall,0.989983320236206,lateral,lateral
w25_00005413,weda,C:\Users\ADMIN\Desktop\ds-fall\data\raw\WEDA-FALL-main\dataset\25Hz\F08\U04_R03_accel.csv,C:\Users\ADMIN\Desktop\ds-fall\data\raw\WEDA-FALL-main\dataset\25Hz,U04,F08_R03,F08,lateral_fall_sitting,lateral_fall_sitting,1,lateral,True,63,113,2.522,4.482,25.0,50,12,"ax,ay,az,gx,gy,gz,acc_mag,gyro_mag,jerk,roll,pitch,tilt_delta",25.0,25.0,raw_25hz_time_aligned_to_uniform_25hz,fall_interval_peak_acc_centered,148,148,2.0,5.0,dataset_unit_map,wrist,weda,m/s^2,rad/s,m/s^2,rad/s,1.0,1.0,True,test,fall,fall,0.998706579208374,lateral,forward
w25_00005414,weda,C:\Users\ADMIN\Desktop\ds-fall\data\raw\WEDA-FALL-main\dataset\25Hz\F08\U04_R04_accel.csv,C:\Users\ADMIN\Desktop\ds-fall\data\raw\WEDA-FALL-main\dataset\25Hz,U04,F08_R04,F08,lateral_fall_sitting,lateral_fall_sitting,1,lateral,True,76,126,3.042,5.002,25.0,50,12,"ax,ay,az,gx,gy,gz,acc_mag,gyro_mag,jerk,roll,pitch,tilt_delta",25.0,25.0,raw_25hz_time_aligned_to_uniform_25hz,fall_interval_peak_acc_centered,168,168,2.2,5.2,dataset_unit_map,wrist,weda,m/s^2,rad/s,m/s^2,rad/s,1.0,1.0,True,test,fall,fall,0.9999902248382568,lateral,forward
